Binol,Ligand,Binol_smiles,Ligand_smiles,Binol_conf_id,Ligand_conf_id,Binol_Sites,Ligand_Sites,Binol_G,Ligand_G,PredER,PredE,PredR
79,1001,Oc1ccc2ccccc2c1-c1c(O)ccc2cc(COCc3ccccc3)ccc12,CC(C)(C1=N[C@@H](C(C)(C)C)CO1)C1=N[C@@H](C(C)(C)C)CO1,0,3,0 13,4 13,-1304.6856675,-924.7872077,-63.923901644237496,18.038049177881252,-81.96195082211875
79,1002,Oc1ccc2ccccc2c1-c1c(O)ccc2cc(COCc3ccccc3)ccc12,CC(C)(C)[C@@H]1COC(C2(C3=N[C@H](C(C)(C)C)CO3)CCCCC2)=N1,0,0,0 13,10 23,-1304.6856675,-1041.378417,47.68039808546245,73.84019904273123,-26.159800957268775
79,1003,Oc1ccc2ccccc2c1-c1c(O)ccc2cc(COCc3ccccc3)ccc12,CC(C)(C)[C@H]1COC(C2(C3=N[C@@H](C(C)(C)C)CO3)CCCC2)=N1,0,2,0 13,10 22,-1304.6856675,-1002.119896,-58.33733725882826,20.83133137058587,-79.16866862941413
79,1004,Oc1ccc2ccccc2c1-c1c(O)ccc2cc(COCc3ccccc3)ccc12,CC(C)(C)[C@H]1COC(C2(C3=N[C@@H](C(C)(C)C)CO3)CCC2)=N1,0,0,0 13,10 21,-1304.6856675,-962.8318746,-37.228627458203626,31.385686270898187,-68.61431372910181
79,1005,Oc1ccc2ccccc2c1-c1c(O)ccc2cc(COCc3ccccc3)ccc12,CC(C)(C)[C@@H]1COC(C2(C3=N[C@H](C(C)(C)C)CO3)CC2)=N1,0,2,0 13,10 20,-1304.6856675,-923.5694488,58.929949415697635,79.46497470784882,-20.535025292151182
79,1006,Oc1ccc2ccccc2c1-c1c(O)ccc2cc(COCc3ccccc3)ccc12,CC(C)(C)[C@@H]1COC(CC2=N[C@H](C(C)(C)C)CO2)=N1,0,1,0 13,10 18,-1304.6856675,-846.2631981,15.24378019222544,57.62189009611272,-42.37810990388728
79,1007,Oc1ccc2ccccc2c1-c1c(O)ccc2cc(COCc3ccccc3)ccc12,CC(C)(C)[C@H]1COC(C(Cc2ccccc2)(Cc2ccccc2)C2=N[C@@H](C(C)(C)C)CO2)=N1,0,0,0 13,24 32,-1304.6856675,-1386.443314,-16.254030581261546,41.87298470936923,-58.12701529063077
79,1008,Oc1ccc2ccccc2c1-c1c(O)ccc2cc(COCc3ccccc3)ccc12,CC(C)(C)[C@H]1COC(C2=N[C@@H](C(C)(C)C)CO2)=N1,0,1,0 13,9 17,-1304.6856675,-806.9917463,-9.362642548144995,45.318678725927505,-54.681321274072495
79,1009,Oc1ccc2ccccc2c1-c1c(O)ccc2cc(COCc3ccccc3)ccc12,CC(C)(C)[C@H]1COC(c2ccccn2)=N1,0,0,0 13,13 14,-1304.6856675,-650.9603345,-17.588659354588597,41.2056703227057,-58.7943296772943
79,1010,Oc1ccc2ccccc2c1-c1c(O)ccc2cc(COCc3ccccc3)ccc12,CC(C)(C)[C@H]1COC(c2ccc3ccccc3n2)=N1,0,0,0 13,17 18,-1304.6856675,-804.4663888,-14.713121806213712,42.64343909689315,-57.35656090310685
79,1011,Oc1ccc2ccccc2c1-c1c(O)ccc2cc(COCc3ccccc3)ccc12,CC(C)(C)[C@H]1COC(c2cccc(C3=N[C@@H](C(C)(C)C)CO3)n2)=N1,0,0,0 13,23 14 22,-1304.6856675,-1053.868619,-12.840988504012092,43.579505747993956,-56.420494252006044
79,1012,Oc1ccc2ccccc2c1-c1c(O)ccc2cc(COCc3ccccc3)ccc12,CC(C)(C)[C@@H]1COC(c2ccc(C(F)(F)F)cn2)=N1,0,0,0 13,17 18,-1304.6856675,-987.756862,15.71478758581349,57.85739379290675,-42.14260620709325
79,1013,Oc1ccc2ccccc2c1-c1c(O)ccc2cc(COCc3ccccc3)ccc12,CC(C)(C1=N[C@@H](C(C)(C)C)CO1)c1ccccn1,0,0,0 13,17 4,-1304.6856675,-768.7447589,-7.9268279046316845,46.03658604768416,-53.96341395231584
79,1014,Oc1ccc2ccccc2c1-c1c(O)ccc2cc(COCc3ccccc3)ccc12,CC(C)(C)[C@@H]1COC(c2nccc3ccccc23)=N1,0,1,0 13,9 18,-1304.6856675,-804.4621747,34.75519015860182,67.3775950793009,-32.62240492069909
79,1015,Oc1ccc2ccccc2c1-c1c(O)ccc2cc(COCc3ccccc3)ccc12,CC(C)(C)[C@H]1COC([C@@H]2CCCC[C@H]2C2=N[C@@H](C(C)(C)C)CO2)=N1,0,0,0 13,23 15,-1304.6856675,-1041.38254,-5.152642645351505,47.42367867732425,-52.57632132267575
79,1016,Oc1ccc2ccccc2c1-c1c(O)ccc2cc(COCc3ccccc3)ccc12,CC(C)(C)[C@@H]1COC(c2ccccc2Nc2ccccc2C2=N[C@H](C(C)(C)C)CO2)=N1,0,0,0 13,22 14 30,-1304.6856675,-1323.988245,-7.619280020907223,46.19035998954639,-53.80964001045361
79,1017,Oc1ccc2ccccc2c1-c1c(O)ccc2cc(COCc3ccccc3)ccc12,CC(C)(C)[C@H]1COC(/C=c2\[n-]/c(=C\C3=N[C@@H](C(C)(C)C)CO3)c3ccccc23)=N1,0,0,0 13,10 28 14,-1304.6856675,-1246.074571,-1.6168801529471644,49.19155992352642,-50.80844007647358
79,1018,Oc1ccc2ccccc2c1-c1c(O)ccc2cc(COCc3ccccc3)ccc12,CC(C)(C)[C@H]1COC(c2cccc(-c3cccc(C4=N[C@@H](C(C)(C)C)CO4)n3)n2)=N1,0,0,0 13,27 19 28 29,-1304.6856675,-1300.750937,-3.687076338522575,48.156461830738714,-51.843538169261286
79,1019,Oc1ccc2ccccc2c1-c1c(O)ccc2cc(COCc3ccccc3)ccc12,CC(C)(C)[C@@H]1COC(c2cccc(-c3ccccn3)n2)=N1,0,0,0 13,18 19 20,-1304.6856675,-897.839473,9.02293385917354,54.51146692958677,-45.48853307041323
79,1020,Oc1ccc2ccccc2c1-c1c(O)ccc2cc(COCc3ccccc3)ccc12,CC(C)(C)[C@@H]1COC(c2cccc(-c3ccccn3)n2)=N1,0,0,0 13,18 19 20,-1304.6856675,-897.8395764,8.665178678361036,54.332589339180515,-45.667410660819485
79,1021,Oc1ccc2ccccc2c1-c1c(O)ccc2cc(COCc3ccccc3)ccc12,Cc1ccc(N2C[C@H](C(C)(C)C)N=C2C2=N[C@@H](C(C)(C)C)CN2c2ccc(C)cc2)cc1,0,0,0 13,12 15,-1304.6856675,-1307.470214,-13.492082574856797,43.2539587125716,-56.7460412874284
79,1022,Oc1ccc2ccccc2c1-c1c(O)ccc2cc(COCc3ccccc3)ccc12,CC(C)[C@@H]1COC(C(C)(C)C2=N[C@H](C(C)C)CO2)=N1,0,2,0 13,18 11,-1304.6856675,-846.264983,52.56435672773618,76.2821783638681,-23.71782163613191
79,1023,Oc1ccc2ccccc2c1-c1c(O)ccc2cc(COCc3ccccc3)ccc12,CC(C)[C@H]1COC(C2(C3=N[C@@H](C(C)C)CO3)CCCCC2)=N1,0,2,0 13,9 21,-1304.6856675,-962.8650477,-16.299641278188595,41.8501793609057,-58.1498206390943
79,1024,Oc1ccc2ccccc2c1-c1c(O)ccc2cc(COCc3ccccc3)ccc12,CC(C)[C@H]1COC(C2(C3=N[C@@H](C(C)C)CO3)CCCC2)=N1,0,0,0 13,9 20,-1304.6856675,-923.5979956,-22.776450117918085,38.611774941040956,-61.388225058959044
79,1025,Oc1ccc2ccccc2c1-c1c(O)ccc2cc(COCc3ccccc3)ccc12,CC(C)[C@H]1COC(C2(C3=N[C@@H](C(C)C)CO3)CC2)=N1,0,0,0 13,9 18,-1304.6856675,-845.0470679,-50.064688341715694,24.967655829142153,-75.03234417085784
79,1026,Oc1ccc2ccccc2c1-c1c(O)ccc2cc(COCc3ccccc3)ccc12,CC(C)[C@@H]1COC(CC2=N[C@H](C(C)C)CO2)=N1,0,3,0 13,16 9,-1304.6856675,-767.7407516,3.891290002565718,51.945645001282855,-48.054354998717145
79,1027,Oc1ccc2ccccc2c1-c1c(O)ccc2cc(COCc3ccccc3)ccc12,CC(C)[C@H]1COC(C(C)(Cc2ccccc2)C2=N[C@@H](C(C)C)CO2)=N1,0,0,0 13,24 17,-1304.6856675,-1077.094636,-45.78090639938467,27.109546800307665,-72.89045319969233
79,1028,Oc1ccc2ccccc2c1-c1c(O)ccc2cc(COCc3ccccc3)ccc12,CC(C)[C@@H]1COC(C(Cc2ccccc2)(Cc2ccccc2)C2=N[C@H](C(C)C)CO2)=N1,0,1,0 13,30 23,-1304.6856675,-1307.925837,14.592767164241586,57.2963835821208,-42.7036164178792
79,1029,Oc1ccc2ccccc2c1-c1c(O)ccc2cc(COCc3ccccc3)ccc12,CC(C)[C@H]1COC(C(Cc2ccc(C(C)(C)C)cc2)(Cc2ccc(C(C)(C)C)cc2)C2=N[C@@H](C(C)C)CO2)=N1,0,0,0 13,38 31,-1304.6856675,-1622.00837,-15.323352629002041,42.33832368549898,-57.66167631450102
79,1030,Oc1ccc2ccccc2c1-c1c(O)ccc2cc(COCc3ccccc3)ccc12,CC(C)[C@@H]1COC(C2=N[C@H](C(C)C)CO2)=N1,0,0,0 13,8 15,-1304.6856675,-728.4699348,33.87124694035539,66.93562347017769,-33.064376529822304
79,1031,Oc1ccc2ccccc2c1-c1c(O)ccc2cc(COCc3ccccc3)ccc12,CC(C)[C@H]1COC(c2ccccn2)=N1,0,0,0 13,12 13,-1304.6856675,-611.69952,-17.50440639775512,41.24779680112244,-58.75220319887756
79,1032,Oc1ccc2ccccc2c1-c1c(O)ccc2cc(COCc3ccccc3)ccc12,CC(C)[C@@H]1COC(c2ccc3ccccc3n2)=N1,0,0,0 13,16 17,-1304.6856675,-765.2054016,20.196155347561625,60.098077673780814,-39.901922326219186
79,1033,Oc1ccc2ccccc2c1-c1c(O)ccc2cc(COCc3ccccc3)ccc12,CC(C)[C@@H]1COC(c2cccc(C3=N[C@H](C(C)C)CO3)n2)=N1,0,0,0 13,21 20 13,-1304.6856675,-975.3489125,30.204024508290907,65.10201225414545,-34.89798774585455
79,1034,Oc1ccc2ccccc2c1-c1c(O)ccc2cc(COCc3ccccc3)ccc12,CC(C)[C@H]1COC(c2ccc(C(F)(F)F)cn2)=N1,0,0,0 13,16 17,-1304.6856675,-948.4960275,-12.81580895719911,43.592095521400445,-56.407904478599555
79,1035,Oc1ccc2ccccc2c1-c1c(O)ccc2cc(COCc3ccccc3)ccc12,CC(C)[C@@H]1COC(Cc2ccccn2)=N1,0,0,0 13,13 14,-1304.6856675,-650.9622206,12.851138666475187,56.42556933323759,-43.57443066676241
79,1036,Oc1ccc2ccccc2c1-c1c(O)ccc2cc(COCc3ccccc3)ccc12,CC(C)[C@@H]1COC(c2nccc3ccccc23)=N1,0,0,0 13,8 17,-1304.6856675,-765.2009547,27.453145330678225,63.72657266533911,-36.27342733466089
79,1037,Oc1ccc2ccccc2c1-c1c(O)ccc2cc(COCc3ccccc3)ccc12,CC(C)[C@@H]1COC(c2ccc3cccnc3n2)=N1,0,0,0 13,16 17,-1304.6856675,-781.2378695,6.035537898085476,53.01776894904274,-46.98223105095726
79,1038,Oc1ccc2ccccc2c1-c1c(O)ccc2cc(COCc3ccccc3)ccc12,CC(C)C[C@H]1COC(c2ccccc2P(c2ccccc2)c2ccccc2C2=N[C@@H](CC(C)C)CO2)=N1,0,0,0 13,28 14 36,-1304.6856675,-1841.351686,0.47208373414844296,50.23604186707422,-49.76395813292578
79,1039,Oc1ccc2ccccc2c1-c1c(O)ccc2cc(COCc3ccccc3)ccc12,CC(C)[C@H]1COC(c2cccc3c2oc2c(C4=N[C@@H](C(C)C)CO4)cccc23)=N1,0,0,0 13,17 28 13,-1304.6856675,-1264.139226,-12.27986152258828,43.86006923870586,-56.13993076129414
79,1040,Oc1ccc2ccccc2c1-c1c(O)ccc2cc(COCc3ccccc3)ccc12,CC(C)[C@H]1COC(c2cccc(C3=N[C@@H](C(C)C)CO3)c2)=N1,0,1,0 13,21 13,-1304.6856675,-959.3224258,-12.224741435512922,43.88762928224354,-56.11237071775646
79,1041,Oc1ccc2ccccc2c1-c1c(O)ccc2cc(COCc3ccccc3)ccc12,CC(C)c1cccc(N2C[C@H](C(C)C)N=C2C2=N[C@@H](C(C)C)CN2c2cccc(C(C)C)c2)c1,0,0,0 13,14 17,-1304.6856675,-1385.989932,-16.329909598037645,41.83504520098118,-58.16495479901882
79,1042,Oc1ccc2ccccc2c1-c1c(O)ccc2cc(COCc3ccccc3)ccc12,CC(C)[C@H]1CN(c2ccc(C(F)(F)F)cc2)C(C2=N[C@@H](C(C)C)CN2c2ccc(C(F)(F)F)cc2)=N1,0,0,0 13,18 35,-1304.6856675,-1824.017689,-7.816908648991804,46.0915456755041,-53.9084543244959
79,1043,Oc1ccc2ccccc2c1-c1c(O)ccc2cc(COCc3ccccc3)ccc12,Cc1ccc(N2C[C@H](C(C)C)N=C2C2=N[C@@H](C(C)C)CN2c2ccc(C)cc2)cc1,0,0,0 13,11 14,-1304.6856675,-1228.948101,-4.929247040243025,47.53537647987849,-52.46462352012151
79,1044,Oc1ccc2ccccc2c1-c1c(O)ccc2cc(COCc3ccccc3)ccc12,CC(C)[C@H]1COC(/C(C#N)=C2\[N-][C@@H](C(C)C)CO2)=N1,0,6,0 13,11 18,-1304.6856675,-859.3852808,-7.973127157642108,46.013436421178945,-53.986563578821055
79,1045,Oc1ccc2ccccc2c1-c1c(O)ccc2cc(COCc3ccccc3)ccc12,CC(C)[C@H]1N=C(c2cccc(C3=N[C@H](C(C)C)C(c4ccccc4)(c4ccccc4)O3)n2)OC1(c1ccccc1)c1ccccc1,0,0,0 13,4 12 31,-1304.6856675,-1898.675751,7.737285951851142,53.86864297592557,-46.13135702407443
79,1046,Oc1ccc2ccccc2c1-c1c(O)ccc2cc(COCc3ccccc3)ccc12,CC(C)(C1=N[C@H](c2ccccc2)CO1)C1=N[C@H](c2ccccc2)CO1,0,4,0 13,4 15,-1304.6856675,-1072.360523,38.59231277471588,69.29615638735794,-30.70384361264206
79,1047,Oc1ccc2ccccc2c1-c1c(O)ccc2cc(COCc3ccccc3)ccc12,c1ccc([C@@H]2COC(C3(C4=N[C@H](c5ccccc5)CO4)CCCCC3)=N2)cc1,0,1,0 13,25 10,-1304.6856675,-1188.961784,31.33511047289756,65.66755523644878,-34.33244476355122
79,1048,Oc1ccc2ccccc2c1-c1c(O)ccc2cc(COCc3ccccc3)ccc12,c1ccc([C@H]2COC(C3(C4=N[C@@H](c5ccccc5)CO4)CCCC3)=N2)cc1,0,1,0 13,24 10,-1304.6856675,-1149.693678,-45.457089542975616,27.271455228512192,-72.7285447714878
79,1049,Oc1ccc2ccccc2c1-c1c(O)ccc2cc(COCc3ccccc3)ccc12,c1ccc([C@@H]2COC(C3(C4=N[C@H](c5ccccc5)CO4)CCC3)=N2)cc1,0,0,0 13,10 23,-1304.6856675,-1110.405334,30.35189050676314,65.17594525338157,-34.82405474661843
79,1050,Oc1ccc2ccccc2c1-c1c(O)ccc2cc(COCc3ccccc3)ccc12,c1ccc([C@@H]2COC(C3(C4=N[C@H](c5ccccc5)CO4)CC3)=N2)cc1,0,0,0 13,10 22,-1304.6856675,-1071.142417,34.26511107568494,67.13255553784248,-32.86744446215753
79,1051,Oc1ccc2ccccc2c1-c1c(O)ccc2cc(COCc3ccccc3)ccc12,c1ccc(CC(Cc2ccccc2)(C2=N[C@@H](c3ccccc3)CO2)C2=N[C@@H](c3ccccc3)CO2)cc1,0,2,0 13,25 14,-1304.6856675,-1534.023098,-16.634139344441166,41.68293032777942,-58.31706967222058
79,1052,Oc1ccc2ccccc2c1-c1c(O)ccc2cc(COCc3ccccc3)ccc12,CC(Cc1ccccc1)(C1=N[C@@H](c2ccccc2)CO1)C1=N[C@@H](c2ccccc2)CO1,0,0,0 13,10 21,-1304.6856675,-1303.193117,-18.804808355342153,40.59759582232893,-59.40240417767107
79,1053,Oc1ccc2ccccc2c1-c1c(O)ccc2cc(COCc3ccccc3)ccc12,CC(C)(C)c1ccc(CC(Cc2ccc(C(C)(C)C)cc2)(C2=N[C@@H](c3ccccc3)CO2)C2=N[C@@H](c3ccccc3)CO2)cc1,0,0,0 13,33 22,-1304.6856675,-1848.107801,-12.936506229710131,43.53174688514493,-56.46825311485507
79,1054,Oc1ccc2ccccc2c1-c1c(O)ccc2cc(COCc3ccccc3)ccc12,c1ccc([C@H]2COC(C3=N[C@@H](c4ccccc4)CO3)=N2)cc1,0,0,0 13,9 19,-1304.6856675,-954.5647571,-7.3168553382507735,46.34157233087461,-53.65842766912539
79,1055,Oc1ccc2ccccc2c1-c1c(O)ccc2cc(COCc3ccccc3)ccc12,c1ccc([C@@H]2COC(c3ccccn3)=N2)cc1,0,0,0 13,13 14,-1304.6856675,-724.746776,12.188975763344928,56.094487881672464,-43.905512118327536
79,1056,Oc1ccc2ccccc2c1-c1c(O)ccc2cc(COCc3ccccc3)ccc12,c1ccc([C@H]2COC(c3ccc4ccccc4n3)=N2)cc1,0,0,0 13,17 18,-1304.6856675,-878.2528728,-13.605472650850437,43.197263674574785,-56.802736325425215
79,1057,Oc1ccc2ccccc2c1-c1c(O)ccc2cc(COCc3ccccc3)ccc12,c1ccc([C@H]2COC(c3cccc(C4=N[C@@H](c5ccccc5)CO4)n3)=N2)cc1,0,0,0 13,24 25 14,-1304.6856675,-1201.443303,-11.582541049062565,44.208729475468715,-55.791270524531285
79,1058,Oc1ccc2ccccc2c1-c1c(O)ccc2cc(COCc3ccccc3)ccc12,c1ccc([C@H]2COC(CC3=N[C@@H](c4ccccc4)CO3)=N2)cc1,0,0,0 13,10 20,-1304.6856675,-993.8362822,-13.123905599505292,43.438047200247354,-56.561952799752646
79,1059,Oc1ccc2ccccc2c1-c1c(O)ccc2cc(COCc3ccccc3)ccc12,c1ccc([C@H]2COC(c3nccc4ccccc34)=N2)cc1,0,0,0 13,9 18,-1304.6856675,-878.2485743,-13.776427052127644,43.11178647393618,-56.88821352606382
79,1060,Oc1ccc2ccccc2c1-c1c(O)ccc2cc(COCc3ccccc3)ccc12,CC(C)(C1=N[C@@H](c2ccccc2)C(c2ccccc2)(c2ccccc2)O1)C1=N[C@@H](c2ccccc2)C(c2ccccc2)(c2ccccc2)O1,0,1,0 13,27 4,-1304.6856675,-1995.694324,-28.876957790932025,35.56152110453399,-64.438478895466
79,1061,Oc1ccc2ccccc2c1-c1c(O)ccc2cc(COCc3ccccc3)ccc12,C(\C1=N[C@H](c2ccccc2)CO1)=c1\[n-]/c(=C\C2=N[C@H](c3ccccc3)CO2)c2ccccc12,0,0,0 13,17 2 13,-1304.6856675,-1393.650658,-0.28859725453772533,49.85570137273114,-50.14429862726886
79,1062,Oc1ccc2ccccc2c1-c1c(O)ccc2cc(COCc3ccccc3)ccc12,c1ccc([C@H]2COC(c3ccccc3Nc3ccccc3C3=N[C@@H](c4ccccc4)CO3)=N2)cc1,0,0,0 13,32 14 22,-1304.6856675,-1471.560923,-9.797412350881757,45.10129382455912,-54.89870617544088
79,1063,Oc1ccc2ccccc2c1-c1c(O)ccc2cc(COCc3ccccc3)ccc12,N#C/C(C1=N[C@@H](c2ccccc2)CO1)=C1/[N-][C@@H](c2ccccc2)CO1,0,2,0 13,4 15,-1304.6856675,-1085.486043,-11.561682991395102,44.21915850430245,-55.78084149569755
79,1064,Oc1ccc2ccccc2c1-c1c(O)ccc2cc(COCc3ccccc3)ccc12,c1ccc([C@H]2COC(c3cccc(C4=N[C@@H](c5ccccc5)CO4)c3)=N2)cc1,0,2,0 13,25 14,-1304.6856675,-1185.417111,-19.751728294193747,40.12413585290312,-59.87586414709688
79,1065,Oc1ccc2ccccc2c1-c1c(O)ccc2cc(COCc3ccccc3)ccc12,c1ccc([C@H]2COC(c3cccc4c3oc3c(C5=N[C@@H](c6ccccc6)CO5)cccc34)=N2)cc1,0,1,0 13,32 18 14,-1304.6856675,-1490.233608,-10.554443658355325,44.72277817082234,-55.27722182917766
79,1066,Oc1ccc2ccccc2c1-c1c(O)ccc2cc(COCc3ccccc3)ccc12,C(\C1=N[C@H](c2ccccc2)CO1)=c1\o/c(=C\C2=N[C@H](c3ccccc3)CO2)c2ccccc12,0,0,0 13,17 2 13,-1304.6856675,-1414.040486,-1.2091659300931772,49.39541703495341,-50.60458296504659
79,1067,Oc1ccc2ccccc2c1-c1c(O)ccc2cc(COCc3ccccc3)ccc12,CC(C)(C1=N[C@@H]2c3ccccc3C[C@@H]2O1)C1=N[C@@H]2c3ccccc3C[C@@H]2O1,0,0,0 13,16 4,-1304.6856675,-1148.533419,64.72522578160255,82.36261289080127,-17.637387109198727
79,1068,Oc1ccc2ccccc2c1-c1c(O)ccc2cc(COCc3ccccc3)ccc12,c1ccc2c(c1)C[C@H]1OC(C3(C4=N[C@H]5c6ccccc6C[C@H]5O4)CCCCC3)=N[C@@H]21,0,0,0 13,12 28,-1304.6856675,-1265.120113,-65.73190275933017,17.134048620334916,-82.86595137966509
79,1069,Oc1ccc2ccccc2c1-c1c(O)ccc2cc(COCc3ccccc3)ccc12,c1ccc2c(c1)C[C@@H]1OC(C3(C4=N[C@@H]5c6ccccc6C[C@@H]5O4)CCCC3)=N[C@H]21,0,0,0 13,27 12,-1304.6856675,-1225.865898,60.91305316013285,80.45652658006642,-19.543473419933576
79,1070,Oc1ccc2ccccc2c1-c1c(O)ccc2cc(COCc3ccccc3)ccc12,c1ccc2c(c1)C[C@@H]1OC(C3(C4=N[C@@H]5c6ccccc6C[C@@H]5O4)CCC3)=N[C@H]21,0,3,0 13,26 12,-1304.6856675,-1186.577848,50.980481344920484,75.49024067246025,-24.509759327539758
79,1071,Oc1ccc2ccccc2c1-c1c(O)ccc2cc(COCc3ccccc3)ccc12,c1ccc2c(c1)C[C@H]1OC(C3(C4=N[C@H]5c6ccccc6C[C@H]5O4)CC3)=N[C@@H]21,0,0,0 13,25 12,-1304.6856675,-1147.313977,-77.36942707944914,11.31528646027543,-88.68471353972457
79,1072,Oc1ccc2ccccc2c1-c1c(O)ccc2cc(COCc3ccccc3)ccc12,CCC(CC)(C1=N[C@H]2c3ccccc3C[C@H]2O1)C1=N[C@H]2c3ccccc3C[C@H]2O1,0,0,0 13,18 6,-1304.6856675,-1227.050677,-74.68352644002772,12.65823677998614,-87.34176322001386
79,1073,Oc1ccc2ccccc2c1-c1c(O)ccc2cc(COCc3ccccc3)ccc12,c1ccc(CC(Cc2ccccc2)(C2=N[C@@H]3c4ccccc4C[C@@H]3O2)C2=N[C@@H]3c4ccccc4C[C@@H]3O2)cc1,0,0,0 13,26 14,-1304.6856675,-1610.184387,2.9574012569033776,51.47870062845169,-48.52129937154831
79,1074,Oc1ccc2ccccc2c1-c1c(O)ccc2cc(COCc3ccccc3)ccc12,CC(Cc1ccccc1)(C1=N[C@H]2c3ccccc3C[C@H]2O1)C1=N[C@H]2c3ccccc3C[C@H]2O1,0,0,0 13,10 22,-1304.6856675,-1379.360112,-6.067453254032934,46.96627337298354,-53.03372662701646
79,1075,Oc1ccc2ccccc2c1-c1c(O)ccc2cc(COCc3ccccc3)ccc12,CC(C)(C)c1ccc(CC(Cc2ccc(C(C)(C)C)cc2)(C2=N[C@@H]3c4ccccc4C[C@@H]3O2)C2=N[C@@H]3c4ccccc4C[C@@H]3O2)cc1,0,0,0 13,34 22,-1304.6856675,-1924.267304,24.371581879601095,62.18579093980055,-37.81420906019945
79,1076,Oc1ccc2ccccc2c1-c1c(O)ccc2cc(COCc3ccccc3)ccc12,CC(C)(C)c1cc(CC(Cc2cc(C(C)(C)C)cc(C(C)(C)C)c2)(C2=N[C@H]3c4ccccc4C[C@H]3O2)C2=N[C@H]3c4ccccc4C[C@H]3O2)cc(C(C)(C)C)c1,0,1,0 13,25 37,-1304.6856675,-2238.36189,-20.60242179522249,39.69878910238876,-60.30121089761124
79,1077,Oc1ccc2ccccc2c1-c1c(O)ccc2cc(COCc3ccccc3)ccc12,c1ccc2c(c1)CC(C1=N[C@@H]3c4ccccc4C[C@@H]3O1)(C1=N[C@@H]3c4ccccc4C[C@@H]3O1)C2,0,0,0 13,9 21,-1304.6856675,-1378.182059,55.23295857609569,77.61647928804784,-22.383520711952155
79,1078,Oc1ccc2ccccc2c1-c1c(O)ccc2cc(COCc3ccccc3)ccc12,c1ccc2c(c1)C[C@H]1OC(CC3=N[C@H]4c5ccccc5C[C@H]4O3)=N[C@@H]21,0,0,0 13,12 23,-1304.6856675,-1070.004928,-7.692052274966684,46.15397386251666,-53.84602613748334
79,1079,Oc1ccc2ccccc2c1-c1c(O)ccc2cc(COCc3ccccc3)ccc12,c1ccc(C2=N[C@H]3c4ccccc4C[C@H]3O2)nc1,0,0,0 13,16 5,-1304.6856675,-762.8325198,-11.46036955762526,44.26981522118737,-55.73018477881263
79,1080,Oc1ccc2ccccc2c1-c1c(O)ccc2cc(COCc3ccccc3)ccc12,c1ccc2c(c1)C[C@H]1OC(c3ccc4ccccc4n3)=N[C@@H]21,0,0,0 13,19 20,-1304.6856675,-916.3386498,-9.379509757978926,45.31024512101054,-54.68975487898946
79,1081,Oc1ccc2ccccc2c1-c1c(O)ccc2cc(COCc3ccccc3)ccc12,c1ccc2c(c1)C[C@@H]1OC(c3nccc4ccccc34)=N[C@H]21,0,0,0 13,11 20,-1304.6856675,-916.3345383,18.935151759477332,59.46757587973867,-40.53242412026133
79,1082,Oc1ccc2ccccc2c1-c1c(O)ccc2cc(COCc3ccccc3)ccc12,FC(F)(F)c1ccc(C2=N[C@@H]3c4ccccc4C[C@@H]3O2)nc1,0,0,0 13,9 20,-1304.6856675,-1099.626649,6.487496348499063,53.24374817424953,-46.75625182575047
79,1083,Oc1ccc2ccccc2c1-c1c(O)ccc2cc(COCc3ccccc3)ccc12,c1cc(C2=N[C@H]3c4ccccc4C[C@H]3O2)nc(C2=N[C@H]3c4ccccc4C[C@H]3O2)c1,0,0,0 13,18 4 15,-1304.6856675,-1277.615075,-12.333706919174464,43.83314654041277,-56.16685345958723
79,1084,Oc1ccc2ccccc2c1-c1c(O)ccc2cc(COCc3ccccc3)ccc12,c1ccc2c(c1)C[C@H]1OC(C3=N[C@H]4c5ccccc5C[C@H]4O3)=N[C@@H]21,0,0,0 13,11 22,-1304.6856675,-1030.735569,-24.78112831342012,37.609435843289944,-62.390564156710056
79,1085,Oc1ccc2ccccc2c1-c1c(O)ccc2cc(COCc3ccccc3)ccc12,c1ccc(-c2cccc(C3=N[C@H]4c5ccccc5C[C@H]4O3)n2)nc1,0,0,0 13,10 21 22,-1304.6856675,-1009.709879,-11.549082033486453,44.22545898325677,-55.77454101674323
79,1086,Oc1ccc2ccccc2c1-c1c(O)ccc2cc(COCc3ccccc3)ccc12,c1ccc(-c2cccc(C3=N[C@@H]4c5ccccc5C[C@@H]4O3)n2)cc1,0,0,0 13,10 21,-1304.6856675,-993.6729656,1.8112473815486299,50.90562369077431,-49.09437630922569
79,1087,Oc1ccc2ccccc2c1-c1c(O)ccc2cc(COCc3ccccc3)ccc12,O=C(Nc1ccccc1C1=N[C@@H]2c3ccccc3C[C@@H]2O1)c1ccccc1P(c1ccccc1)c1ccccc1,0,0,0 13,2 10,-1304.6856675,-1949.73391,-3.283890973353687,48.358054513323154,-51.641945486676846
79,1088,Oc1ccc2ccccc2c1-c1c(O)ccc2cc(COCc3ccccc3)ccc12,O=C(Nc1cccc(C(F)(F)F)c1C1=N[C@@H]2c3ccccc3C[C@@H]2O1)c1ccccc1P(c1ccccc1)c1ccccc1,0,1,0 13,2 14,-1304.6856675,-2286.515962,3.327947167684677,51.663973583842335,-48.336026416157665
79,1089,Oc1ccc2ccccc2c1-c1c(O)ccc2cc(COCc3ccccc3)ccc12,CC(CC1=N[C@H]2c3ccccc3C[C@@H]2O1)(C1=N[C@H]2c3ccccc3C[C@H]2O1)C1=N[C@H]2c3ccccc3C[C@H]2O1,0,0,0 13,16 28,-1304.6856675,-1663.278129,-6.072200749860003,46.96389962507,-53.03610037493
79,1090,Oc1ccc2ccccc2c1-c1c(O)ccc2cc(COCc3ccccc3)ccc12,CC(C)(C1=N[C@H](Cc2ccccc2)CO1)C1=N[C@H](Cc2ccccc2)CO1,0,0,0 13,16 4,-1304.6856675,-1150.888196,29.680565371483112,64.84028268574156,-35.159717314258444
79,1091,Oc1ccc2ccccc2c1-c1c(O)ccc2cc(COCc3ccccc3)ccc12,c1ccc(C[C@H]2COC(C3(C4=N[C@@H](Cc5ccccc5)CO4)CCCCC3)=N2)cc1,0,0,0 13,27 11,-1304.6856675,-1267.472166,-27.19949506140876,36.40025246929562,-63.59974753070438
79,1092,Oc1ccc2ccccc2c1-c1c(O)ccc2cc(COCc3ccccc3)ccc12,c1ccc(C[C@H]2COC(C3(C4=N[C@@H](Cc5ccccc5)CO4)CCCC3)=N2)cc1,0,1,0 13,26 11,-1304.6856675,-1228.21857,-42.97634359414439,28.511828202927806,-71.4881717970722
79,1093,Oc1ccc2ccccc2c1-c1c(O)ccc2cc(COCc3ccccc3)ccc12,c1ccc(C[C@H]2COC(C3(C4=N[C@@H](Cc5ccccc5)CO4)CCC3)=N2)cc1,0,0,0 13,25 11,-1304.6856675,-1188.932527,-17.2176599096634,41.3911700451683,-58.6088299548317
79,1094,Oc1ccc2ccccc2c1-c1c(O)ccc2cc(COCc3ccccc3)ccc12,c1ccc(C[C@H]2COC(C3(C4=N[C@@H](Cc5ccccc5)CO4)CC3)=N2)cc1,0,0,0 13,24 11,-1304.6856675,-1149.663336,-30.425761429659968,34.787119285170014,-65.21288071482998
79,1095,Oc1ccc2ccccc2c1-c1c(O)ccc2cc(COCc3ccccc3)ccc12,CC(Cc1ccccc1)(C1=N[C@H](Cc2ccccc2)CO1)C1=N[C@H](Cc2ccccc2)CO1,0,0,0 13,10 22,-1304.6856675,-1381.707279,17.02441795039226,58.51220897519613,-41.48779102480387
79,1096,Oc1ccc2ccccc2c1-c1c(O)ccc2cc(COCc3ccccc3)ccc12,c1ccc(C[C@H]2COC(C(Cc3ccccc3)(Cc3ccccc3)C3=N[C@@H](Cc4ccccc4)CO3)=N2)cc1,0,0,0 13,25 36,-1304.6856675,-1612.547877,-8.742615106292744,45.62869244685363,-54.37130755314637
79,1097,Oc1ccc2ccccc2c1-c1c(O)ccc2cc(COCc3ccccc3)ccc12,CC(C)(C)c1ccc(CC(Cc2ccc(C(C)(C)C)cc2)(C2=N[C@H](Cc3ccccc3)CO2)C2=N[C@H](Cc3ccccc3)CO2)cc1,0,0,0 13,34 22,-1304.6856675,-1926.618731,6.279104346427461,53.13955217321373,-46.86044782678627
79,1098,Oc1ccc2ccccc2c1-c1c(O)ccc2cc(COCc3ccccc3)ccc12,c1ccc(C[C@@H]2COC(CC3=N[C@H](Cc4ccccc4)CO3)=N2)cc1,0,0,0 13,11 22,-1304.6856675,-1072.356973,12.666727035072565,56.333363517536284,-43.666636482463716
79,1099,Oc1ccc2ccccc2c1-c1c(O)ccc2cc(COCc3ccccc3)ccc12,c1ccc(C[C@H]2COC(c3ccccn3)=N2)cc1,0,0,0 13,14 15,-1304.6856675,-764.0089485,-16.599344058847002,41.700327970576495,-58.299672029423505
79,1100,Oc1ccc2ccccc2c1-c1c(O)ccc2cc(COCc3ccccc3)ccc12,c1ccc(C[C@H]2COC(c3ccc4ccccc4n3)=N2)cc1,0,0,0 13,18 19,-1304.6856675,-917.5151879,-7.140422520346618,46.42978873982669,-53.57021126017331
79,1101,Oc1ccc2ccccc2c1-c1c(O)ccc2cc(COCc3ccccc3)ccc12,FC(F)(F)c1ccc(C2=N[C@@H](Cc3ccccc3)CO2)nc1,0,0,0 13,9 20,-1304.6856675,-1100.805579,-22.46585132266664,38.76707433866668,-61.23292566133332
79,1102,Oc1ccc2ccccc2c1-c1c(O)ccc2cc(COCc3ccccc3)ccc12,Fc1ccc(C2=N[C@@H](Cc3ccccc3)CO2)nc1,0,0,0 13,17 6,-1304.6856675,-863.1783062,-13.246169633367717,43.37691518331614,-56.62308481668386
79,1103,Oc1ccc2ccccc2c1-c1c(O)ccc2cc(COCc3ccccc3)ccc12,CC(C)(C1=N[C@@H](Cc2ccccc2)CO1)c1ccccn1,0,0,0 13,4 20,-1304.6856675,-881.7938527,-12.928948747191626,43.53552562640419,-56.46447437359581
79,1104,Oc1ccc2ccccc2c1-c1c(O)ccc2cc(COCc3ccccc3)ccc12,FC(F)(F)c1ccnc(C2=N[C@@H](Cc3ccccc3)CO2)c1,0,0,0 13,10 7,-1304.6856675,-1100.805638,-17.182529206809438,41.40873539659528,-58.59126460340472
79,1105,Oc1ccc2ccccc2c1-c1c(O)ccc2cc(COCc3ccccc3)ccc12,c1ccc(C[C@@H]2COC(C3=N[C@H](Cc4ccccc4)CO3)=N2)cc1,0,0,0 13,10 21,-1304.6856675,-1033.091065,9.20014337548111,54.60007168774055,-45.39992831225945
79,1106,Oc1ccc2ccccc2c1-c1c(O)ccc2cc(COCc3ccccc3)ccc12,c1ccc(C[C@@H]2COC(c3cccc(C4=N[C@H](Cc5ccccc5)CO4)n3)=N2)cc1,0,0,0 13,26 27 15,-1304.6856675,-1279.968702,10.5784333027461,55.28921665137305,-44.71078334862695
79,1107,Oc1ccc2ccccc2c1-c1c(O)ccc2cc(COCc3ccccc3)ccc12,c1ccc(C[C@@H]2COC(c3cccc(C4=N[C@H](Cc5ccccc5)CO4)c3)=N2)cc1,0,0,0 13,27 15,-1304.6856675,-1263.941857,3.68007041083494,51.84003520541747,-48.15996479458253
79,1108,Oc1ccc2ccccc2c1-c1c(O)ccc2cc(COCc3ccccc3)ccc12,c1ccc(C[C@H]2COC(C(Cc3ccc4ccccc4n3)(Cc3ccc4ccccc4n3)C3=N[C@@H](Cc4ccccc4)CO3)=N2)cc1,0,0,0 13,33 44,-1304.6856675,-1951.637558,-11.749126524145806,44.125436737927096,-55.874563262072904
79,1109,Oc1ccc2ccccc2c1-c1c(O)ccc2cc(COCc3ccccc3)ccc12,c1ccc(C[C@@H]2COC(c3cccc4c3oc3c(C5=N[C@H](Cc6ccccc6)CO5)cccc34)=N2)cc1,0,0,0 13,34 19 15,-1304.6856675,-1568.762289,4.919390870415684,52.45969543520784,-47.54030456479216
79,1110,Oc1ccc2ccccc2c1-c1c(O)ccc2cc(COCc3ccccc3)ccc12,c1ccc(C[C@@H]2COC(c3cccc(-c4cccc(C5=N[C@H](Cc6ccccc6)CO5)n4)n3)=N2)cc1,0,0,0 13,32 33 20 31,-1304.6856675,-1526.847484,1.678048222282209,50.83902411114111,-49.16097588885889
79,1111,Oc1ccc2ccccc2c1-c1c(O)ccc2cc(COCc3ccccc3)ccc12,N#C/C(C1=N[C@@H](Cc2ccccc2)CO1)=C1/[N-][C@@H](Cc2ccccc2)CO1,0,0,0 13,4 16,-1304.6856675,-1164.01035,-14.884911187553211,42.55754440622339,-57.44245559377661
79,1112,Oc1ccc2ccccc2c1-c1c(O)ccc2cc(COCc3ccccc3)ccc12,CC(C)(C1=N[C@H](c2ccccc2)[C@H](c2ccccc2)O1)C1=N[C@H](c2ccccc2)[C@H](c2ccccc2)O1,0,0,0 13,4 21,-1304.6856675,-1534.032214,23.06885320761511,61.53442660380755,-38.46557339619245
79,1113,Oc1ccc2ccccc2c1-c1c(O)ccc2cc(COCc3ccccc3)ccc12,c1ccc([C@H]2OC(C3(C4=N[C@@H](c5ccccc5)[C@@H](c5ccccc5)O4)CCCCC3)=N[C@H]2c2ccccc2)cc1,0,3,0 13,9 30,-1304.6856675,-1650.634597,-14.82063773181093,42.58968113409453,-57.41031886590547
79,1114,Oc1ccc2ccccc2c1-c1c(O)ccc2cc(COCc3ccccc3)ccc12,c1ccc([C@H]2OC(C3(C4=N[C@@H](c5ccccc5)[C@@H](c5ccccc5)O4)CCCC3)=N[C@H]2c2ccccc2)cc1,0,0,0 13,9 29,-1304.6856675,-1611.364108,-17.735716384524565,41.13214180773772,-58.86785819226228
79,1115,Oc1ccc2ccccc2c1-c1c(O)ccc2cc(COCc3ccccc3)ccc12,c1ccc([C@H]2OC(C3(C4=N[C@@H](c5ccccc5)[C@@H](c5ccccc5)O4)CC3)=N[C@H]2c2ccccc2)cc1,0,0,0 13,9 27,-1304.6856675,-1532.815707,-20.868801507482644,39.56559924625868,-60.43440075374132
79,1116,Oc1ccc2ccccc2c1-c1c(O)ccc2cc(COCc3ccccc3)ccc12,CC(Cc1ccccc1)(C1=N[C@H](c2ccccc2)[C@H](c2ccccc2)O1)C1=N[C@H](c2ccccc2)[C@H](c2ccccc2)O1,0,4,0 13,10 27,-1304.6856675,-1764.861718,19.56639513967205,59.78319756983603,-40.21680243016397
79,1117,Oc1ccc2ccccc2c1-c1c(O)ccc2cc(COCc3ccccc3)ccc12,c1ccc(CC(Cc2ccccc2)(C2=N[C@@H](c3ccccc3)[C@@H](c3ccccc3)O2)C2=N[C@@H](c3ccccc3)[C@@H](c3ccccc3)O2)cc1,0,1,0 13,14 31,-1304.6856675,-1995.696517,-5.510207610683874,47.24489619465806,-52.75510380534194
79,1118,Oc1ccc2ccccc2c1-c1c(O)ccc2cc(COCc3ccccc3)ccc12,CC(C)(C)c1ccc(CC(Cc2ccc(C(C)(C)C)cc2)(C2=N[C@@H](c3ccccc3)[C@@H](c3ccccc3)O2)C2=N[C@@H](c3ccccc3)[C@@H](c3ccccc3)O2)cc1,0,0,0 13,22 39,-1304.6856675,-2309.776028,-12.817591148468313,43.591204425765845,-56.408795574234155
79,1119,Oc1ccc2ccccc2c1-c1c(O)ccc2cc(COCc3ccccc3)ccc12,c1ccc([C@H]2N=C(CC3=N[C@H](c4ccccc4)[C@H](c4ccccc4)O3)O[C@H]2c2ccccc2)cc1,0,0,0 13,9 5,-1304.6856675,-1455.5077,9.011124400287942,54.50556220014397,-45.49443779985603
79,1120,Oc1ccc2ccccc2c1-c1c(O)ccc2cc(COCc3ccccc3)ccc12,c1ccc([C@H]2OC(c3ccccn3)=N[C@H]2c2ccccc2)cc1,0,0,0 13,12 13,-1304.6856675,-955.5810827,-8.899873105206508,45.550063447396745,-54.449936552603255
79,1121,Oc1ccc2ccccc2c1-c1c(O)ccc2cc(COCc3ccccc3)ccc12,c1ccc([C@H]2N=C(c3ccc4ccccc4n3)O[C@H]2c2ccccc2)cc1,0,0,0 13,16 5,-1304.6856675,-1109.087172,21.69581240256838,60.84790620128419,-39.15209379871581
79,1122,Oc1ccc2ccccc2c1-c1c(O)ccc2cc(COCc3ccccc3)ccc12,FC(F)(F)c1ccc(C2=N[C@@H](c3ccccc3)[C@@H](c3ccccc3)O2)nc1,0,0,0 13,9 25,-1304.6856675,-1292.377378,-10.100474124545787,44.94976293772711,-55.05023706227289
79,1123,Oc1ccc2ccccc2c1-c1c(O)ccc2cc(COCc3ccccc3)ccc12,c1ccc([C@H]2N=C(c3cccc(C4=N[C@H](c5ccccc5)[C@H](c5ccccc5)O4)n3)O[C@H]2c2ccccc2)cc1,0,1,0 13,29 13 5,-1304.6856675,-1663.108881,12.149075724544652,56.07453786227232,-43.92546213772768
79,1124,Oc1ccc2ccccc2c1-c1c(O)ccc2cc(COCc3ccccc3)ccc12,N#C/C(C1=N[C@H](c2ccccc2)[C@H](c2ccccc2)O1)=C1/[N-][C@H](c2ccccc2)[C@H](c2ccccc2)O1,0,0,0 13,4 21,-1304.6856675,-1547.161777,8.733979466582085,54.36698973329104,-45.63301026670896
79,1125,Oc1ccc2ccccc2c1-c1c(O)ccc2cc(COCc3ccccc3)ccc12,c1ccc([C@@H]2N=C(c3cccc4c3oc3c(C5=N[C@@H](c6ccccc6)[C@H](c6ccccc6)O5)cccc34)O[C@H]2c2ccccc2)cc1,0,0,0 13,17 13 5,-1304.6856675,-1951.910503,-9.020692805942435,45.489653597028784,-54.510346402971216
79,1126,Oc1ccc2ccccc2c1-c1c(O)ccc2cc(COCc3ccccc3)ccc12,Cc1ccc(S(=O)(=O)N2C(c3cccc(C4=N[C@@H](c5ccccc5)[C@H](c5ccccc5)N4S(=O)(=O)c4ccc(C)cc4)c3)=N[C@@H](c3ccccc3)[C@@H]2c2ccccc2)cc1,0,0,0 13,16 43,-1304.6856675,-3244.251941,-1.4055838630599626,49.29720806847002,-50.70279193152998
79,1127,Oc1ccc2ccccc2c1-c1c(O)ccc2cc(COCc3ccccc3)ccc12,c1ccc([C@@H]2N=C(c3cccc(C4=N[C@@H](c5ccccc5)[C@H](c5ccccc5)N4)c3)N[C@H]2c2ccccc2)cc1,0,0,0 13,5 13,-1304.6856675,-1607.358369,-12.975748841854493,43.51212557907275,-56.48787442092725
79,1128,Oc1ccc2ccccc2c1-c1c(O)ccc2cc(COCc3ccccc3)ccc12,C[C@H]1COC(C(C)(C)C2=N[C@@H](C)CO2)=N1,0,0,0 13,9 14,-1304.6856675,-689.222808,-12.127402440080356,43.93629877995982,-56.06370122004018
79,1129,Oc1ccc2ccccc2c1-c1c(O)ccc2cc(COCc3ccccc3)ccc12,C[C@H]1COC(C(C)(Cc2ccccc2)C2=N[C@@H](C)CO2)=N1,0,0,0 13,20 15,-1304.6856675,-920.0497162,-20.641066330620706,39.67946683468965,-60.32053316531035
79,1130,Oc1ccc2ccccc2c1-c1c(O)ccc2cc(COCc3ccccc3)ccc12,C[C@H]1COC(C(Cc2ccc(C(C)(C)C)cc2)(Cc2ccc(C(C)(C)C)cc2)C2=N[C@@H](C)CO2)=N1,0,0,0 13,34 29,-1304.6856675,-1464.962808,-9.519890507218918,45.24005474639054,-54.75994525360946
79,1131,Oc1ccc2ccccc2c1-c1c(O)ccc2cc(COCc3ccccc3)ccc12,C[C@@H]1COC(C(Cc2ccccc2)(Cc2ccccc2)C2=N[C@H](C)CO2)=N1,0,4,0 13,26 21,-1304.6856675,-1150.883527,5.731112500516064,52.86555625025803,-47.13444374974197
79,1132,Oc1ccc2ccccc2c1-c1c(O)ccc2cc(COCc3ccccc3)ccc12,C[C@@H]1COC(CC2=N[C@H](C)CO2)=N1,0,0,0 13,12 7,-1304.6856675,-610.6988939,3.2068860097140863,51.60344300485704,-48.39655699514296
79,1133,Oc1ccc2ccccc2c1-c1c(O)ccc2cc(COCc3ccccc3)ccc12,C[C@H]1COC(c2ccc(C(F)(F)F)cn2)=N1,0,0,0 13,14 15,-1304.6856675,-869.9753069,-10.778174449623375,44.61091277518831,-55.38908722481169
79,1134,Oc1ccc2ccccc2c1-c1c(O)ccc2cc(COCc3ccccc3)ccc12,C[C@H]1COC(C2=N[C@@H](C)CO2)=N1,0,0,0 13,11 6,-1304.6856675,-571.4282178,2.1656283551696296,51.082814177584815,-48.917185822415185
79,1135,Oc1ccc2ccccc2c1-c1c(O)ccc2cc(COCc3ccccc3)ccc12,CC(C)C[C@@H]1COC(C2=N[C@H](CC(C)C)CO2)=N1,0,0,0 13,9 17,-1304.6856675,-806.9877797,17.285288539362824,58.64264426968141,-41.35735573031859
79,1136,Oc1ccc2ccccc2c1-c1c(O)ccc2cc(COCc3ccccc3)ccc12,Cc1ccc(N2C[C@H](CC(C)C)N=C2C2=N[C@@H](CC(C)C)CN2c2ccc(C)cc2)cc1,0,1,0 13,12 15,-1304.6856675,-1307.466211,-12.183379610821325,43.90831019458934,-56.09168980541066
79,1137,Oc1ccc2ccccc2c1-c1c(O)ccc2cc(COCc3ccccc3)ccc12,CC(C)C[C@H]1CN(c2cccc(C(C)(C)C)c2)C(C2=N[C@@H](CC(C)C)CN2c2cccc(C(C)(C)C)c2)=N1,0,1,0 13,19 37,-1304.6856675,-1543.017894,0.1977058248451824,50.09885291242259,-49.90114708757741
79,1138,Oc1ccc2ccccc2c1-c1c(O)ccc2cc(COCc3ccccc3)ccc12,CC[C@@H](C)[C@H]1CN(c2cccc(C(C)(C)C)c2)C(C2=N[C@@H]([C@H](C)CC)CN2c2cccc(C(C)(C)C)c2)=N1,0,0,0 13,19 37,-1304.6856675,-1543.021699,-12.864391197405025,43.56780440129749,-56.43219559870251
79,1139,Oc1ccc2ccccc2c1-c1c(O)ccc2cc(COCc3ccccc3)ccc12,C1CCC([C@H]2COC(C3=N[C@@H](C4CCCCC4)CO3)=N2)CC1,0,0,0 13,9 19,-1304.6856675,-961.6661462,-10.13607216092582,44.93196391953709,-55.06803608046291
79,1140,Oc1ccc2ccccc2c1-c1c(O)ccc2cc(COCc3ccccc3)ccc12,N[C@H]1c2ccccc2C[C@H]1[O-],0,0,0 13,0 10,-1304.6856675,-478.4750351,3.0904619318991813,51.54523096594959,-48.45476903405041
79,1141,Oc1ccc2ccccc2c1-c1c(O)ccc2cc(COCc3ccccc3)ccc12,[O-]C(c1ccccc1)(c1ccccc1)[C@H]1CCCN1,0,4,0 13,0 18,-1304.6856675,-787.8268535,3.824835589082774,51.91241779454138,-48.08758220545862
79,1142,Oc1ccc2ccccc2c1-c1c(O)ccc2cc(COCc3ccccc3)ccc12,N[C@@H](c1ccccc1)[C@H]([O-])c1ccccc1,0,1,0 13,0 9,-1304.6856675,-671.2387181,1.0740309074574315,50.53701545372871,-49.46298454627129
79,1143,Oc1ccc2ccccc2c1-c1c(O)ccc2cc(COCc3ccccc3)ccc12,N[C@@H]1CCCC[C@H]1[O-],0,0,0 13,0 7,-1304.6856675,-365.4171147,0.9213310845844838,50.46066554229224,-49.53933445770776
79,1144,Oc1ccc2ccccc2c1-c1c(O)ccc2cc(COCc3ccccc3)ccc12,N[C@@H](C[O-])Cc1ccccc1,0,0,0 13,0 3,-1304.6856675,-479.6485701,-0.026907983050213247,49.986546008474896,-50.013453991525104
79,1145,Oc1ccc2ccccc2c1-c1c(O)ccc2cc(COCc3ccccc3)ccc12,[O-]C[C@@H]1CCCN1Cc1ccccc1,0,0,0 13,0 6,-1304.6856675,-596.2244044,4.035192701443089,52.01759635072155,-47.98240364927845
79,1146,Oc1ccc2ccccc2c1-c1c(O)ccc2cc(COCc3ccccc3)ccc12,N[C@H](C[O-])Cc1ccccc1,0,1,0 13,0 3,-1304.6856675,-479.6493962,5.281493560112587,52.64074678005629,-47.35925321994371
79,1147,Oc1ccc2ccccc2c1-c1c(O)ccc2cc(COCc3ccccc3)ccc12,[O-]C[C@@H]1CCCN1,0,0,0 13,0 6,-1304.6856675,-326.127563,1.8669277461557199,50.93346387307786,-49.06653612692214
79,1148,Oc1ccc2ccccc2c1-c1c(O)ccc2cc(COCc3ccccc3)ccc12,CC(C)(C)[C@@H](N)C[O-],0,0,0 13,5 7,-1304.6856675,-366.5936045,-3.127941633384583,48.43602918330771,-51.56397081669229
79,1149,Oc1ccc2ccccc2c1-c1c(O)ccc2cc(COCc3ccccc3)ccc12,CC(C)[C@H](N)C[O-],0,0,0 13,4 6,-1304.6856675,-327.333821,2.8263652262282655,51.41318261311413,-48.58681738688587
79,1150,Oc1ccc2ccccc2c1-c1c(O)ccc2cc(COCc3ccccc3)ccc12,N[C@@H](C[O-])c1ccccc1,0,1,0 13,0 3,-1304.6856675,-440.3907373,-1.59810147539249,49.20094926230375,-50.79905073769625
79,1151,Oc1ccc2ccccc2c1-c1c(O)ccc2cc(COCc3ccccc3)ccc12,[O-]C(c1cc(C(F)(F)F)cc(C(F)(F)F)c1)(c1cc(C(F)(F)F)cc(C(F)(F)F)c1)[C@H]1CCCN1,0,0,0 13,0 34,-1304.6856675,-2135.060687,3.1890040262186243,51.59450201310931,-48.40549798689069
79,1152,Oc1ccc2ccccc2c1-c1c(O)ccc2cc(COCc3ccccc3)ccc12,COc1nc2ccc(Br)cc2cc1[C@@H](c1ccccc1)[C@@]([O-])(CCN(C)C)c1ccc2ccccc2c1,0,0,0 13,24 21,-1304.6856675,-4069.87959,3.0649494137819424,51.53247470689097,-48.46752529310903
79,1153,Oc1ccc2ccccc2c1-c1c(O)ccc2cc(COCc3ccccc3)ccc12,CC(C)(C)c1cc(/C=N/[C@@H]2CCCC[C@H]2/N=C/c2cc(C(C)(C)C)cc(C(C)(C)C)c2[O-])c([O-])c(C(C)(C)C)c1,0,1,0 13,8 15,-1304.6856675,-1661.320129,3.4671704715984237,51.73358523579921,-48.26641476420079
79,1154,Oc1ccc2ccccc2c1-c1c(O)ccc2cc(COCc3ccccc3)ccc12,CN[C@@H]1CCCC[C@H]1NC,0,0,0 13,8 1,-1304.6856675,-424.657817,-1.7910306622648062,49.1044846688676,-50.8955153311324
79,1155,Oc1ccc2ccccc2c1-c1c(O)ccc2cc(COCc3ccccc3)ccc12,CC(C)(C)[C@H]1CN2C[C@H](C(C)(C)C)[N-]C2=N1,0,0,0 13,13 6 15,-1304.6856675,-673.33055,0.07524118982918893,50.03762059491459,-49.96237940508541
79,1156,Oc1ccc2ccccc2c1-c1c(O)ccc2cc(COCc3ccccc3)ccc12,CCN(CC)[C@@H]1CCCC[C@H]1NC(=S)Nc1cc(C(F)(F)F)cc(C(F)(F)F)c1,0,0,0 13,2 11,-1304.6856675,-1899.093947,1.79479623294987,50.89739811647493,-49.10260188352507
79,1157,Oc1ccc2ccccc2c1-c1c(O)ccc2cc(COCc3ccccc3)ccc12,O=C(N[C@H]1CCCC[C@@H]1NC(=O)c1ccccn1)c1ccccn1,0,0,0 13,9 2 17 23,-1304.6856675,-1066.431466,-0.16926437995758725,49.91536781002121,-50.08463218997879
79,1158,Oc1ccc2ccccc2c1-c1c(O)ccc2cc(COCc3ccccc3)ccc12,C=C[C@@H]1C[N@@]2CC[C@H]1C[C@@H]2[C@H](N)c1ccnc2ccc(OC)cc12,0,0,0 13,11 4,-1304.6856675,-1015.561433,0.249422605387025,50.12471130269351,-49.87528869730649
79,1159,Oc1ccc2ccccc2c1-c1c(O)ccc2cc(COCc3ccccc3)ccc12,C=C[C@@H]1C[N@@]2CC[C@H]1C[C@H]2[C@H](N)c1ccnc2ccc(OC)cc12,0,0,0 13,11 4,-1304.6856675,-1015.556456,0.7044216011304698,50.35221080056523,-49.64778919943477
79,1160,Oc1ccc2ccccc2c1-c1c(O)ccc2cc(COCc3ccccc3)ccc12,[O-][C@@H]1CCCC[C@H]1[O-],0,0,0 13,0 7,-1304.6856675,-384.5074297,0.27094292953825416,50.135471464769125,-49.864528535230875
79,1161,Oc1ccc2ccccc2c1-c1c(O)ccc2cc(COCc3ccccc3)ccc12,CC1(C)[C@@H]2C[C@@H]([O-])[C@@](C)([O-])[C@H]1C2,0,0,0 13,6 9,-1304.6856675,-540.3370829,-0.13380226846004373,49.93309886576998,-50.06690113423002
79,1162,Oc1ccc2ccccc2c1-c1c(O)ccc2cc(COCc3ccccc3)ccc12,[O-]C[C@@H]1CCCC[C@H]1C[O-],0,0,0 13,0 9,-1304.6856675,-463.072022,2.098803716993463,51.04940185849673,-48.95059814150327
79,1163,Oc1ccc2ccccc2c1-c1c(O)ccc2cc(COCc3ccccc3)ccc12,[O-][C@@H](c1ccccc1)C([O-])(c1ccccc1)c1ccccc1,0,0,0 13,0 9,-1304.6856675,-921.2481744,-3.267001538702832,48.366499230648586,-51.633500769351414
79,1164,Oc1ccc2ccccc2c1-c1c(O)ccc2cc(COCc3ccccc3)ccc12,CC1(C)O[C@H](C([O-])(c2ccccc2)c2ccccc2)[C@@H](C([O-])(c2ccccc2)c2ccccc2)O1,0,3,0 13,6 21,-1304.6856675,-1497.557147,-1.8551033289937062,49.07244833550315,-50.92755166449685
79,1165,Oc1ccc2ccccc2c1-c1c(O)ccc2cc(COCc3ccccc3)ccc12,CC1(c2ccccc2)O[C@@H](C([O-])(c2ccccc2)c2ccccc2)[C@H](C([O-])(c2ccccc2)c2ccccc2)O1,0,5,0 13,11 26,-1304.6856675,-1689.135424,-2.3115850794116697,48.844207460294164,-51.155792539705836
79,1166,Oc1ccc2ccccc2c1-c1c(O)ccc2cc(COCc3ccccc3)ccc12,CC1(C)O[C@@H](C([O-])(c2cccc3ccccc23)c2cccc3ccccc23)[C@H](C([O-])(c2cccc3ccccc23)c2cccc3ccccc23)O1,0,0,0 13,6 29,-1304.6856675,-2111.547452,-1.2204071581537912,49.389796420923105,-50.610203579076895
79,1167,Oc1ccc2ccccc2c1-c1c(O)ccc2cc(COCc3ccccc3)ccc12,[O-]C(c1ccccc1)(c1ccccc1)[C@H]1OC2(CCCCC2)O[C@@H]1C([O-])(c1ccccc1)c1ccccc1,0,2,0 13,0 25,-1304.6856675,-1614.153477,-0.07407446298826503,49.96296276850587,-50.03703723149413
79,1168,Oc1ccc2ccccc2c1-c1c(O)ccc2cc(COCc3ccccc3)ccc12,CC1(C)O[C@@H](C[O-])[C@H](C[O-])O1,0,0,0 13,6 9,-1304.6856675,-574.1407143,-3.0481203535585526,48.47593982322072,-51.52406017677928
79,1169,Oc1ccc2ccccc2c1-c1c(O)ccc2cc(COCc3ccccc3)ccc12,C1CCN2C[C@H]3C[C@H](CN4CCCC[C@@H]34)[C@H]2C1,0,0,0 13,9 3,-1304.6856675,-695.9272943,-6.411107459971322,46.79444627001434,-53.20555372998566
79,1170,Oc1ccc2ccccc2c1-c1c(O)ccc2cc(COCc3ccccc3)ccc12,NC(=O)[C@@H]1CC(F)(F)CN1,0,0,0 13,0 9,-1304.6856675,-579.2434339,-4.1327406881278925,47.93362965593605,-52.06637034406395
79,1171,Oc1ccc2ccccc2c1-c1c(O)ccc2cc(COCc3ccccc3)ccc12,O=C(N[C@H]1CCCC[C@@H]1NC(=O)c1ccccn1)c1ccccn1,0,0,0 13,9 2 17 23,-1304.6856675,-1066.417296,-0.34329859043488753,49.82835070478256,-50.17164929521744
79,1172,Oc1ccc2ccccc2c1-c1c(O)ccc2cc(COCc3ccccc3)ccc12,c1ccc(CN[C@@H]2CCCC[C@H]2NCc2ccccc2)cc1,0,0,0 13,12 5,-1304.6856675,-886.3100667,8.773085899828088,54.386542949914045,-45.613457050085955
79,1173,Oc1ccc2ccccc2c1-c1c(O)ccc2cc(COCc3ccccc3)ccc12,COc1ccc([C@H](N)[C@@H](N)c2ccc(OC)cc2)cc1,0,0,0 13,9 7,-1304.6856675,-880.7644659,-1.2280980974539135,49.385950951273045,-50.614049048726955
79,1174,Oc1ccc2ccccc2c1-c1c(O)ccc2cc(COCc3ccccc3)ccc12,CN[C@H](c1ccccc1)[C@H](NC)c1ccccc1,0,0,0 13,1 10,-1304.6856675,-730.4598814,0.29490443503991415,50.147452217519955,-49.852547782480045
79,1175,Oc1ccc2ccccc2c1-c1c(O)ccc2cc(COCc3ccccc3)ccc12,O=C(N[C@H]1CCCC[C@@H]1NC(=O)c1ccccc1P(c1ccccc1)c1ccccc1)c1ccccc1P(c1ccccc1)c1ccccc1,0,0,0 13,9 2,-1304.6856675,-2641.38663,-4.14110385836157,47.92944807081921,-52.07055192918079
79,1176,Oc1ccc2ccccc2c1-c1c(O)ccc2cc(COCc3ccccc3)ccc12,O=C(N[C@@H](c1ccccc1)[C@@H](NC(=O)c1ccccc1P(c1ccccc1)c1ccccc1)c1ccccc1)c1ccccc1P(c1ccccc1)c1ccccc1,0,0,0 13,2 11,-1304.6856675,-2947.2013,0.7168557742389989,50.3584278871195,-49.6415721128805
79,1177,Oc1ccc2ccccc2c1-c1c(O)ccc2cc(COCc3ccccc3)ccc12,O=S(=O)(N[C@@H](c1ccccc1)[C@@H](NS(=O)(=O)C(F)(F)F)c1ccccc1)C(F)(F)F,0,0,0 13,3 12,-1304.6856675,-2422.191334,-5.636017583479435,47.181991208260285,-52.818008791739715
79,1178,Oc1ccc2ccccc2c1-c1c(O)ccc2cc(COCc3ccccc3)ccc12,[O-]c1ccccc1/C=N/[C@@H](c1ccccc1)[C@@H](/N=C/c1ccccc1[O-])c1ccccc1,0,0,0 13,8 17,-1304.6856675,-1338.945921,1.5733582185554695,50.786679109277735,-49.213320890722265
80,1001,CCCCCCOc1ccc(OCCCCCC)c(-c2ccc3c(-c4c(O)ccc5cc(-c6cc(OCCCCCC)ccc6OCCCCCC)ccc45)c(O)ccc3c2)c1,CC(C)(C1=N[C@@H](C(C)(C)C)CO1)C1=N[C@@H](C(C)(C)C)CO1,0,3,26 56,4 13,-2624.7095428,-924.7872077,-45.943812876131084,27.028093561934458,-72.97190643806555
80,1002,CCCCCCOc1ccc(OCCCCCC)c(-c2ccc3c(-c4c(O)ccc5cc(-c6cc(OCCCCCC)ccc6OCCCCCC)ccc45)c(O)ccc3c2)c1,CC(C)(C)[C@@H]1COC(C2(C3=N[C@H](C(C)(C)C)CO3)CCCCC2)=N1,0,0,26 56,10 23,-2624.7095428,-1041.378417,37.52617218251428,68.76308609125714,-31.23691390874286
80,1003,CCCCCCOc1ccc(OCCCCCC)c(-c2ccc3c(-c4c(O)ccc5cc(-c6cc(OCCCCCC)ccc6OCCCCCC)ccc45)c(O)ccc3c2)c1,CC(C)(C)[C@H]1COC(C2(C3=N[C@@H](C(C)(C)C)CO3)CCCC2)=N1,0,2,26 56,10 22,-2624.7095428,-1002.119896,-42.536387604204336,28.731806197897832,-71.26819380210216
80,1004,CCCCCCOc1ccc(OCCCCCC)c(-c2ccc3c(-c4c(O)ccc5cc(-c6cc(OCCCCCC)ccc6OCCCCCC)ccc45)c(O)ccc3c2)c1,CC(C)(C)[C@H]1COC(C2(C3=N[C@@H](C(C)(C)C)CO3)CCC2)=N1,0,0,26 56,10 21,-2624.7095428,-962.8318746,-26.774570798754024,36.612714600622986,-63.387285399377014
80,1005,CCCCCCOc1ccc(OCCCCCC)c(-c2ccc3c(-c4c(O)ccc5cc(-c6cc(OCCCCCC)ccc6OCCCCCC)ccc45)c(O)ccc3c2)c1,CC(C)(C)[C@@H]1COC(C2(C3=N[C@H](C(C)(C)C)CO3)CC2)=N1,0,2,26 56,10 20,-2624.7095428,-923.5694488,57.783699676697715,78.89184983834886,-21.108150161651142
80,1006,CCCCCCOc1ccc(OCCCCCC)c(-c2ccc3c(-c4c(O)ccc5cc(-c6cc(OCCCCCC)ccc6OCCCCCC)ccc45)c(O)ccc3c2)c1,CC(C)(C)[C@@H]1COC(CC2=N[C@H](C(C)(C)C)CO2)=N1,0,1,26 56,10 18,-2624.7095428,-846.2631981,8.812522035897814,54.40626101794891,-45.59373898205109
80,1007,CCCCCCOc1ccc(OCCCCCC)c(-c2ccc3c(-c4c(O)ccc5cc(-c6cc(OCCCCCC)ccc6OCCCCCC)ccc45)c(O)ccc3c2)c1,CC(C)(C)[C@H]1COC(C(Cc2ccccc2)(Cc2ccccc2)C2=N[C@@H](C(C)(C)C)CO2)=N1,0,0,26 56,24 32,-2624.7095428,-1386.443314,-5.790844725404685,47.10457763729766,-52.89542236270234
80,1008,CCCCCCOc1ccc(OCCCCCC)c(-c2ccc3c(-c4c(O)ccc5cc(-c6cc(OCCCCCC)ccc6OCCCCCC)ccc45)c(O)ccc3c2)c1,CC(C)(C)[C@H]1COC(C2=N[C@@H](C(C)(C)C)CO2)=N1,0,1,26 56,9 17,-2624.7095428,-806.9917463,-4.480027540034416,47.75998622998279,-52.24001377001721
80,1009,CCCCCCOc1ccc(OCCCCCC)c(-c2ccc3c(-c4c(O)ccc5cc(-c6cc(OCCCCCC)ccc6OCCCCCC)ccc45)c(O)ccc3c2)c1,CC(C)(C)[C@H]1COC(c2ccccn2)=N1,0,0,26 56,13 14,-2624.7095428,-650.9603345,-11.407560631427643,44.29621968428618,-55.70378031571382
80,1010,CCCCCCOc1ccc(OCCCCCC)c(-c2ccc3c(-c4c(O)ccc5cc(-c6cc(OCCCCCC)ccc6OCCCCCC)ccc45)c(O)ccc3c2)c1,CC(C)(C)[C@H]1COC(c2ccc3ccccc3n2)=N1,0,0,26 56,17 18,-2624.7095428,-804.4663888,-9.003558756271373,45.49822062186431,-54.50177937813569
80,1011,CCCCCCOc1ccc(OCCCCCC)c(-c2ccc3c(-c4c(O)ccc5cc(-c6cc(OCCCCCC)ccc6OCCCCCC)ccc45)c(O)ccc3c2)c1,CC(C)(C)[C@H]1COC(c2cccc(C3=N[C@@H](C(C)(C)C)CO3)n2)=N1,0,0,26 56,23 14 22,-2624.7095428,-1053.868619,-5.717244929532169,47.141377535233914,-52.858622464766086
80,1012,CCCCCCOc1ccc(OCCCCCC)c(-c2ccc3c(-c4c(O)ccc5cc(-c6cc(OCCCCCC)ccc6OCCCCCC)ccc45)c(O)ccc3c2)c1,CC(C)(C)[C@@H]1COC(c2ccc(C(F)(F)F)cn2)=N1,0,0,26 56,17 18,-2624.7095428,-987.756862,12.42722891271833,56.21361445635917,-43.78638554364083
80,1013,CCCCCCOc1ccc(OCCCCCC)c(-c2ccc3c(-c4c(O)ccc5cc(-c6cc(OCCCCCC)ccc6OCCCCCC)ccc45)c(O)ccc3c2)c1,CC(C)(C1=N[C@@H](C(C)(C)C)CO1)c1ccccn1,0,0,26 56,17 4,-2624.7095428,-768.7447589,-7.303458588147734,46.34827070592613,-53.65172929407387
80,1014,CCCCCCOc1ccc(OCCCCCC)c(-c2ccc3c(-c4c(O)ccc5cc(-c6cc(OCCCCCC)ccc6OCCCCCC)ccc45)c(O)ccc3c2)c1,CC(C)(C)[C@@H]1COC(c2nccc3ccccc23)=N1,0,1,26 56,9 18,-2624.7095428,-804.4621747,17.967921336391214,58.98396066819561,-41.01603933180439
80,1015,CCCCCCOc1ccc(OCCCCCC)c(-c2ccc3c(-c4c(O)ccc5cc(-c6cc(OCCCCCC)ccc6OCCCCCC)ccc45)c(O)ccc3c2)c1,CC(C)(C)[C@H]1COC([C@@H]2CCCC[C@H]2C2=N[C@@H](C(C)(C)C)CO2)=N1,0,0,26 56,23 15,-2624.7095428,-1041.38254,-2.533732752668497,48.73313362366575,-51.26686637633425
80,1016,CCCCCCOc1ccc(OCCCCCC)c(-c2ccc3c(-c4c(O)ccc5cc(-c6cc(OCCCCCC)ccc6OCCCCCC)ccc45)c(O)ccc3c2)c1,CC(C)(C)[C@@H]1COC(c2ccccc2Nc2ccccc2C2=N[C@H](C(C)(C)C)CO2)=N1,0,0,26 56,22 14 30,-2624.7095428,-1323.988245,0.20839466191616562,50.10419733095808,-49.89580266904192
80,1017,CCCCCCOc1ccc(OCCCCCC)c(-c2ccc3c(-c4c(O)ccc5cc(-c6cc(OCCCCCC)ccc6OCCCCCC)ccc45)c(O)ccc3c2)c1,CC(C)(C)[C@H]1COC(/C=c2\[n-]/c(=C\C3=N[C@@H](C(C)(C)C)CO3)c3ccccc23)=N1,0,0,26 56,10 28 14,-2624.7095428,-1246.074571,1.0942039302905089,50.54710196514525,-49.45289803485475
80,1018,CCCCCCOc1ccc(OCCCCCC)c(-c2ccc3c(-c4c(O)ccc5cc(-c6cc(OCCCCCC)ccc6OCCCCCC)ccc45)c(O)ccc3c2)c1,CC(C)(C)[C@H]1COC(c2cccc(-c3cccc(C4=N[C@@H](C(C)(C)C)CO4)n3)n2)=N1,0,0,26 56,27 19 28 29,-2624.7095428,-1300.750937,-2.846874848342397,48.5765625758288,-51.4234374241712
80,1019,CCCCCCOc1ccc(OCCCCCC)c(-c2ccc3c(-c4c(O)ccc5cc(-c6cc(OCCCCCC)ccc6OCCCCCC)ccc45)c(O)ccc3c2)c1,CC(C)(C)[C@@H]1COC(c2cccc(-c3ccccn3)n2)=N1,0,0,26 56,18 19 20,-2624.7095428,-897.839473,4.8434401255289,52.42172006276445,-47.57827993723555
80,1020,CCCCCCOc1ccc(OCCCCCC)c(-c2ccc3c(-c4c(O)ccc5cc(-c6cc(OCCCCCC)ccc6OCCCCCC)ccc45)c(O)ccc3c2)c1,CC(C)(C)[C@@H]1COC(c2cccc(-c3ccccn3)n2)=N1,0,0,26 56,18 19 20,-2624.7095428,-897.8395764,4.827725246861947,52.41386262343097,-47.58613737656903
80,1021,CCCCCCOc1ccc(OCCCCCC)c(-c2ccc3c(-c4c(O)ccc5cc(-c6cc(OCCCCCC)ccc6OCCCCCC)ccc45)c(O)ccc3c2)c1,Cc1ccc(N2C[C@H](C(C)(C)C)N=C2C2=N[C@@H](C(C)(C)C)CN2c2ccc(C)cc2)cc1,0,0,26 56,12 15,-2624.7095428,-1307.470214,-1.113053547904956,49.44347322604752,-50.55652677395248
80,1022,CCCCCCOc1ccc(OCCCCCC)c(-c2ccc3c(-c4c(O)ccc5cc(-c6cc(OCCCCCC)ccc6OCCCCCC)ccc45)c(O)ccc3c2)c1,CC(C)[C@@H]1COC(C(C)(C)C2=N[C@H](C(C)C)CO2)=N1,0,2,26 56,18 11,-2624.7095428,-846.264983,51.843623358549515,75.92181167927475,-24.078188320725243
80,1023,CCCCCCOc1ccc(OCCCCCC)c(-c2ccc3c(-c4c(O)ccc5cc(-c6cc(OCCCCCC)ccc6OCCCCCC)ccc45)c(O)ccc3c2)c1,CC(C)[C@H]1COC(C2(C3=N[C@@H](C(C)C)CO3)CCCCC2)=N1,0,2,26 56,9 21,-2624.7095428,-962.8650477,-7.622279363207664,46.188860318396166,-53.811139681603834
80,1024,CCCCCCOc1ccc(OCCCCCC)c(-c2ccc3c(-c4c(O)ccc5cc(-c6cc(OCCCCCC)ccc6OCCCCCC)ccc45)c(O)ccc3c2)c1,CC(C)[C@H]1COC(C2(C3=N[C@@H](C(C)C)CO3)CCCC2)=N1,0,0,26 56,9 20,-2624.7095428,-923.5979956,-11.881844354477014,44.059077822761495,-55.940922177238505
80,1025,CCCCCCOc1ccc(OCCCCCC)c(-c2ccc3c(-c4c(O)ccc5cc(-c6cc(OCCCCCC)ccc6OCCCCCC)ccc45)c(O)ccc3c2)c1,CC(C)[C@H]1COC(C2(C3=N[C@@H](C(C)C)CO3)CC2)=N1,0,0,26 56,9 18,-2624.7095428,-845.0470679,-40.25172954294291,29.874135228528544,-70.12586477147146
80,1026,CCCCCCOc1ccc(OCCCCCC)c(-c2ccc3c(-c4c(O)ccc5cc(-c6cc(OCCCCCC)ccc6OCCCCCC)ccc45)c(O)ccc3c2)c1,CC(C)[C@@H]1COC(CC2=N[C@H](C(C)C)CO2)=N1,0,3,26 56,16 9,-2624.7095428,-767.7407516,1.0543104196968418,50.527155209848424,-49.472844790151576
80,1027,CCCCCCOc1ccc(OCCCCCC)c(-c2ccc3c(-c4c(O)ccc5cc(-c6cc(OCCCCCC)ccc6OCCCCCC)ccc45)c(O)ccc3c2)c1,CC(C)[C@H]1COC(C(C)(Cc2ccccc2)C2=N[C@@H](C(C)C)CO2)=N1,0,0,26 56,24 17,-2624.7095428,-1077.094636,-28.07813305600914,35.96093347199543,-64.03906652800457
80,1028,CCCCCCOc1ccc(OCCCCCC)c(-c2ccc3c(-c4c(O)ccc5cc(-c6cc(OCCCCCC)ccc6OCCCCCC)ccc45)c(O)ccc3c2)c1,CC(C)[C@@H]1COC(C(Cc2ccccc2)(Cc2ccccc2)C2=N[C@H](C(C)C)CO2)=N1,0,1,26 56,30 23,-2624.7095428,-1307.925837,15.225992492575056,57.61299624628753,-42.38700375371247
80,1029,CCCCCCOc1ccc(OCCCCCC)c(-c2ccc3c(-c4c(O)ccc5cc(-c6cc(OCCCCCC)ccc6OCCCCCC)ccc45)c(O)ccc3c2)c1,CC(C)[C@H]1COC(C(Cc2ccc(C(C)(C)C)cc2)(Cc2ccc(C(C)(C)C)cc2)C2=N[C@@H](C(C)C)CO2)=N1,0,0,26 56,38 31,-2624.7095428,-1622.00837,-10.957414429063258,44.52129278546837,-55.47870721453163
80,1030,CCCCCCOc1ccc(OCCCCCC)c(-c2ccc3c(-c4c(O)ccc5cc(-c6cc(OCCCCCC)ccc6OCCCCCC)ccc45)c(O)ccc3c2)c1,CC(C)[C@@H]1COC(C2=N[C@H](C(C)C)CO2)=N1,0,0,26 56,8 15,-2624.7095428,-728.4699348,27.721985831821456,63.86099291591073,-36.13900708408927
80,1031,CCCCCCOc1ccc(OCCCCCC)c(-c2ccc3c(-c4c(O)ccc5cc(-c6cc(OCCCCCC)ccc6OCCCCCC)ccc45)c(O)ccc3c2)c1,CC(C)[C@H]1COC(c2ccccn2)=N1,0,0,26 56,12 13,-2624.7095428,-611.69952,-9.17696086795456,45.41151956602272,-54.58848043397728
80,1032,CCCCCCOc1ccc(OCCCCCC)c(-c2ccc3c(-c4c(O)ccc5cc(-c6cc(OCCCCCC)ccc6OCCCCCC)ccc45)c(O)ccc3c2)c1,CC(C)[C@@H]1COC(c2ccc3ccccc3n2)=N1,0,0,26 56,16 17,-2624.7095428,-765.2054016,16.98581170448299,58.49290585224149,-41.50709414775851
80,1033,CCCCCCOc1ccc(OCCCCCC)c(-c2ccc3c(-c4c(O)ccc5cc(-c6cc(OCCCCCC)ccc6OCCCCCC)ccc45)c(O)ccc3c2)c1,CC(C)[C@@H]1COC(c2cccc(C3=N[C@H](C(C)C)CO3)n2)=N1,0,0,26 56,21 20 13,-2624.7095428,-975.3489125,15.689184463959624,57.84459223197981,-42.15540776802019
80,1034,CCCCCCOc1ccc(OCCCCCC)c(-c2ccc3c(-c4c(O)ccc5cc(-c6cc(OCCCCCC)ccc6OCCCCCC)ccc45)c(O)ccc3c2)c1,CC(C)[C@H]1COC(c2ccc(C(F)(F)F)cn2)=N1,0,0,26 56,16 17,-2624.7095428,-948.4960275,-5.61799402688084,47.19100298655958,-52.80899701344042
80,1035,CCCCCCOc1ccc(OCCCCCC)c(-c2ccc3c(-c4c(O)ccc5cc(-c6cc(OCCCCCC)ccc6OCCCCCC)ccc45)c(O)ccc3c2)c1,CC(C)[C@@H]1COC(Cc2ccccn2)=N1,0,0,26 56,13 14,-2624.7095428,-650.9622206,10.937967762250995,55.468983881125496,-44.531016118874504
80,1036,CCCCCCOc1ccc(OCCCCCC)c(-c2ccc3c(-c4c(O)ccc5cc(-c6cc(OCCCCCC)ccc6OCCCCCC)ccc45)c(O)ccc3c2)c1,CC(C)[C@@H]1COC(c2nccc3ccccc23)=N1,0,0,26 56,8 17,-2624.7095428,-765.2009547,22.521946153013868,61.260973076506936,-38.739026923493064
80,1037,CCCCCCOc1ccc(OCCCCCC)c(-c2ccc3c(-c4c(O)ccc5cc(-c6cc(OCCCCCC)ccc6OCCCCCC)ccc45)c(O)ccc3c2)c1,CC(C)[C@@H]1COC(c2ccc3cccnc3n2)=N1,0,0,26 56,16 17,-2624.7095428,-781.2378695,6.768826313116664,53.38441315655833,-46.61558684344167
80,1038,CCCCCCOc1ccc(OCCCCCC)c(-c2ccc3c(-c4c(O)ccc5cc(-c6cc(OCCCCCC)ccc6OCCCCCC)ccc45)c(O)ccc3c2)c1,CC(C)C[C@H]1COC(c2ccccc2P(c2ccccc2)c2ccccc2C2=N[C@@H](CC(C)C)CO2)=N1,0,0,26 56,28 14 36,-2624.7095428,-1841.351686,4.760155331539581,52.38007766576979,-47.61992233423021
80,1039,CCCCCCOc1ccc(OCCCCCC)c(-c2ccc3c(-c4c(O)ccc5cc(-c6cc(OCCCCCC)ccc6OCCCCCC)ccc45)c(O)ccc3c2)c1,CC(C)[C@H]1COC(c2cccc3c2oc2c(C4=N[C@@H](C(C)C)CO4)cccc23)=N1,0,0,26 56,17 28 13,-2624.7095428,-1264.139226,-5.16542631970341,47.41728684014829,-52.58271315985171
80,1040,CCCCCCOc1ccc(OCCCCCC)c(-c2ccc3c(-c4c(O)ccc5cc(-c6cc(OCCCCCC)ccc6OCCCCCC)ccc45)c(O)ccc3c2)c1,CC(C)[C@H]1COC(c2cccc(C3=N[C@@H](C(C)C)CO3)c2)=N1,0,1,26 56,21 13,-2624.7095428,-959.3224258,-2.8146472394913227,48.59267638025434,-51.40732361974566
80,1041,CCCCCCOc1ccc(OCCCCCC)c(-c2ccc3c(-c4c(O)ccc5cc(-c6cc(OCCCCCC)ccc6OCCCCCC)ccc45)c(O)ccc3c2)c1,CC(C)c1cccc(N2C[C@H](C(C)C)N=C2C2=N[C@@H](C(C)C)CN2c2cccc(C(C)C)c2)c1,0,0,26 56,14 17,-2624.7095428,-1385.989932,-3.1544624793298772,48.42276876033506,-51.57723123966494
80,1042,CCCCCCOc1ccc(OCCCCCC)c(-c2ccc3c(-c4c(O)ccc5cc(-c6cc(OCCCCCC)ccc6OCCCCCC)ccc45)c(O)ccc3c2)c1,CC(C)[C@H]1CN(c2ccc(C(F)(F)F)cc2)C(C2=N[C@@H](C(C)C)CN2c2ccc(C(F)(F)F)cc2)=N1,0,0,26 56,18 35,-2624.7095428,-1824.017689,3.5364423126650912,51.768221156332544,-48.231778843667456
80,1043,CCCCCCOc1ccc(OCCCCCC)c(-c2ccc3c(-c4c(O)ccc5cc(-c6cc(OCCCCCC)ccc6OCCCCCC)ccc45)c(O)ccc3c2)c1,Cc1ccc(N2C[C@H](C(C)C)N=C2C2=N[C@@H](C(C)C)CN2c2ccc(C)cc2)cc1,0,0,26 56,11 14,-2624.7095428,-1228.948101,3.2559519565090973,51.62797597825455,-48.37202402174545
80,1044,CCCCCCOc1ccc(OCCCCCC)c(-c2ccc3c(-c4c(O)ccc5cc(-c6cc(OCCCCCC)ccc6OCCCCCC)ccc45)c(O)ccc3c2)c1,CC(C)[C@H]1COC(/C(C#N)=C2\[N-][C@@H](C(C)C)CO2)=N1,0,6,26 56,11 18,-2624.7095428,-859.3852808,1.1284312058959785,50.56421560294799,-49.43578439705201
80,1045,CCCCCCOc1ccc(OCCCCCC)c(-c2ccc3c(-c4c(O)ccc5cc(-c6cc(OCCCCCC)ccc6OCCCCCC)ccc45)c(O)ccc3c2)c1,CC(C)[C@H]1N=C(c2cccc(C3=N[C@H](C(C)C)C(c4ccccc4)(c4ccccc4)O3)n2)OC1(c1ccccc1)c1ccccc1,0,0,26 56,4 12 31,-2624.7095428,-1898.675751,5.079689881300892,52.53984494065045,-47.46015505934955
80,1046,CCCCCCOc1ccc(OCCCCCC)c(-c2ccc3c(-c4c(O)ccc5cc(-c6cc(OCCCCCC)ccc6OCCCCCC)ccc45)c(O)ccc3c2)c1,CC(C)(C1=N[C@H](c2ccccc2)CO1)C1=N[C@H](c2ccccc2)CO1,0,4,26 56,4 15,-2624.7095428,-1072.360523,34.72645696745653,67.36322848372826,-32.636771516271736
80,1047,CCCCCCOc1ccc(OCCCCCC)c(-c2ccc3c(-c4c(O)ccc5cc(-c6cc(OCCCCCC)ccc6OCCCCCC)ccc45)c(O)ccc3c2)c1,c1ccc([C@@H]2COC(C3(C4=N[C@H](c5ccccc5)CO4)CCCCC3)=N2)cc1,0,1,26 56,25 10,-2624.7095428,-1188.961784,29.31687142390978,64.6584357119549,-35.341564288045106
80,1048,CCCCCCOc1ccc(OCCCCCC)c(-c2ccc3c(-c4c(O)ccc5cc(-c6cc(OCCCCCC)ccc6OCCCCCC)ccc45)c(O)ccc3c2)c1,c1ccc([C@H]2COC(C3(C4=N[C@@H](c5ccccc5)CO4)CCCC3)=N2)cc1,0,1,26 56,24 10,-2624.7095428,-1149.693678,-29.064829733387437,35.46758513330628,-64.53241486669371
80,1049,CCCCCCOc1ccc(OCCCCCC)c(-c2ccc3c(-c4c(O)ccc5cc(-c6cc(OCCCCCC)ccc6OCCCCCC)ccc45)c(O)ccc3c2)c1,c1ccc([C@@H]2COC(C3(C4=N[C@H](c5ccccc5)CO4)CCC3)=N2)cc1,0,0,26 56,10 23,-2624.7095428,-1110.405334,18.19910274599221,59.0995513729961,-40.9004486270039
80,1050,CCCCCCOc1ccc(OCCCCCC)c(-c2ccc3c(-c4c(O)ccc5cc(-c6cc(OCCCCCC)ccc6OCCCCCC)ccc45)c(O)ccc3c2)c1,c1ccc([C@@H]2COC(C3(C4=N[C@H](c5ccccc5)CO4)CC3)=N2)cc1,0,0,26 56,10 22,-2624.7095428,-1071.142417,22.49192821402586,61.24596410701293,-38.75403589298707
80,1051,CCCCCCOc1ccc(OCCCCCC)c(-c2ccc3c(-c4c(O)ccc5cc(-c6cc(OCCCCCC)ccc6OCCCCCC)ccc45)c(O)ccc3c2)c1,c1ccc(CC(Cc2ccccc2)(C2=N[C@@H](c3ccccc3)CO2)C2=N[C@@H](c3ccccc3)CO2)cc1,0,2,26 56,25 14,-2624.7095428,-1534.023098,-11.256159142873578,44.371920428563215,-55.628079571436785
80,1052,CCCCCCOc1ccc(OCCCCCC)c(-c2ccc3c(-c4c(O)ccc5cc(-c6cc(OCCCCCC)ccc6OCCCCCC)ccc45)c(O)ccc3c2)c1,CC(Cc1ccccc1)(C1=N[C@@H](c2ccccc2)CO1)C1=N[C@@H](c2ccccc2)CO1,0,0,26 56,10 21,-2624.7095428,-1303.193117,-16.271987658150003,41.864006170924995,-58.135993829075005
80,1053,CCCCCCOc1ccc(OCCCCCC)c(-c2ccc3c(-c4c(O)ccc5cc(-c6cc(OCCCCCC)ccc6OCCCCCC)ccc45)c(O)ccc3c2)c1,CC(C)(C)c1ccc(CC(Cc2ccc(C(C)(C)C)cc2)(C2=N[C@@H](c3ccccc3)CO2)C2=N[C@@H](c3ccccc3)CO2)cc1,0,0,26 56,33 22,-2624.7095428,-1848.107801,-8.132810449414391,45.9335947752928,-54.0664052247072
80,1054,CCCCCCOc1ccc(OCCCCCC)c(-c2ccc3c(-c4c(O)ccc5cc(-c6cc(OCCCCCC)ccc6OCCCCCC)ccc45)c(O)ccc3c2)c1,c1ccc([C@H]2COC(C3=N[C@@H](c4ccccc4)CO3)=N2)cc1,0,0,26 56,9 19,-2624.7095428,-954.5647571,-2.999625908420379,48.50018704578981,-51.49981295421019
80,1055,CCCCCCOc1ccc(OCCCCCC)c(-c2ccc3c(-c4c(O)ccc5cc(-c6cc(OCCCCCC)ccc6OCCCCCC)ccc45)c(O)ccc3c2)c1,c1ccc([C@@H]2COC(c3ccccn3)=N2)cc1,0,0,26 56,13 14,-2624.7095428,-724.746776,7.737513985201028,53.86875699260052,-46.13124300739948
80,1056,CCCCCCOc1ccc(OCCCCCC)c(-c2ccc3c(-c4c(O)ccc5cc(-c6cc(OCCCCCC)ccc6OCCCCCC)ccc45)c(O)ccc3c2)c1,c1ccc([C@H]2COC(c3ccc4ccccc4n3)=N2)cc1,0,0,26 56,17 18,-2624.7095428,-878.2528728,-8.105476505851716,45.947261747074144,-54.052738252925856
80,1057,CCCCCCOc1ccc(OCCCCCC)c(-c2ccc3c(-c4c(O)ccc5cc(-c6cc(OCCCCCC)ccc6OCCCCCC)ccc45)c(O)ccc3c2)c1,c1ccc([C@H]2COC(c3cccc(C4=N[C@@H](c5ccccc5)CO4)n3)=N2)cc1,0,0,26 56,24 25 14,-2624.7095428,-1201.443303,-6.011718462962695,46.994140768518655,-53.005859231481345
80,1058,CCCCCCOc1ccc(OCCCCCC)c(-c2ccc3c(-c4c(O)ccc5cc(-c6cc(OCCCCCC)ccc6OCCCCCC)ccc45)c(O)ccc3c2)c1,c1ccc([C@H]2COC(CC3=N[C@@H](c4ccccc4)CO3)=N2)cc1,0,0,26 56,10 20,-2624.7095428,-993.8362822,-2.6850766034245024,48.65746169828775,-51.34253830171225
80,1059,CCCCCCOc1ccc(OCCCCCC)c(-c2ccc3c(-c4c(O)ccc5cc(-c6cc(OCCCCCC)ccc6OCCCCCC)ccc45)c(O)ccc3c2)c1,c1ccc([C@H]2COC(c3nccc4ccccc34)=N2)cc1,0,0,26 56,9 18,-2624.7095428,-878.2485743,-8.342906291079546,45.82854685446023,-54.17145314553977
80,1060,CCCCCCOc1ccc(OCCCCCC)c(-c2ccc3c(-c4c(O)ccc5cc(-c6cc(OCCCCCC)ccc6OCCCCCC)ccc45)c(O)ccc3c2)c1,CC(C)(C1=N[C@@H](c2ccccc2)C(c2ccccc2)(c2ccccc2)O1)C1=N[C@@H](c2ccccc2)C(c2ccccc2)(c2ccccc2)O1,0,1,26 56,27 4,-2624.7095428,-1995.694324,-12.614726734598845,43.69263663270058,-56.30736336729942
80,1061,CCCCCCOc1ccc(OCCCCCC)c(-c2ccc3c(-c4c(O)ccc5cc(-c6cc(OCCCCCC)ccc6OCCCCCC)ccc45)c(O)ccc3c2)c1,C(\C1=N[C@H](c2ccccc2)CO1)=c1\[n-]/c(=C\C2=N[C@H](c3ccccc3)CO2)c2ccccc12,0,0,26 56,17 2 13,-2624.7095428,-1393.650658,1.821077637610208,50.9105388188051,-49.0894611811949
80,1062,CCCCCCOc1ccc(OCCCCCC)c(-c2ccc3c(-c4c(O)ccc5cc(-c6cc(OCCCCCC)ccc6OCCCCCC)ccc45)c(O)ccc3c2)c1,c1ccc([C@H]2COC(c3ccccc3Nc3ccccc3C3=N[C@@H](c4ccccc4)CO3)=N2)cc1,0,0,26 56,32 14 22,-2624.7095428,-1471.560923,-6.799110977443746,46.60044451127813,-53.39955548872187
80,1063,CCCCCCOc1ccc(OCCCCCC)c(-c2ccc3c(-c4c(O)ccc5cc(-c6cc(OCCCCCC)ccc6OCCCCCC)ccc45)c(O)ccc3c2)c1,N#C/C(C1=N[C@@H](c2ccccc2)CO1)=C1/[N-][C@@H](c2ccccc2)CO1,0,2,26 56,4 15,-2624.7095428,-1085.486043,-0.7246875332981002,49.63765623335095,-50.36234376664905
80,1064,CCCCCCOc1ccc(OCCCCCC)c(-c2ccc3c(-c4c(O)ccc5cc(-c6cc(OCCCCCC)ccc6OCCCCCC)ccc45)c(O)ccc3c2)c1,c1ccc([C@H]2COC(c3cccc(C4=N[C@@H](c5ccccc5)CO4)c3)=N2)cc1,0,2,26 56,25 14,-2624.7095428,-1185.417111,-12.448446916142437,43.77577654192878,-56.22422345807122
80,1065,CCCCCCOc1ccc(OCCCCCC)c(-c2ccc3c(-c4c(O)ccc5cc(-c6cc(OCCCCCC)ccc6OCCCCCC)ccc45)c(O)ccc3c2)c1,c1ccc([C@H]2COC(c3cccc4c3oc3c(C5=N[C@@H](c6ccccc6)CO5)cccc34)=N2)cc1,0,1,26 56,32 18 14,-2624.7095428,-1490.233608,-4.640790669467462,47.67960466526627,-52.32039533473373
80,1066,CCCCCCOc1ccc(OCCCCCC)c(-c2ccc3c(-c4c(O)ccc5cc(-c6cc(OCCCCCC)ccc6OCCCCCC)ccc45)c(O)ccc3c2)c1,C(\C1=N[C@H](c2ccccc2)CO1)=c1\o/c(=C\C2=N[C@H](c3ccccc3)CO2)c2ccccc12,0,0,26 56,17 2 13,-2624.7095428,-1414.040486,0.34151861469309264,50.17075930734654,-49.82924069265346
80,1067,CCCCCCOc1ccc(OCCCCCC)c(-c2ccc3c(-c4c(O)ccc5cc(-c6cc(OCCCCCC)ccc6OCCCCCC)ccc45)c(O)ccc3c2)c1,CC(C)(C1=N[C@@H]2c3ccccc3C[C@@H]2O1)C1=N[C@@H]2c3ccccc3C[C@@H]2O1,0,0,26 56,16 4,-2624.7095428,-1148.533419,47.99158696687274,73.99579348343637,-26.00420651656363
80,1068,CCCCCCOc1ccc(OCCCCCC)c(-c2ccc3c(-c4c(O)ccc5cc(-c6cc(OCCCCCC)ccc6OCCCCCC)ccc45)c(O)ccc3c2)c1,c1ccc2c(c1)C[C@H]1OC(C3(C4=N[C@H]5c6ccccc6C[C@H]5O4)CCCCC3)=N[C@@H]21,0,0,26 56,12 28,-2624.7095428,-1265.120113,-60.338963406829315,19.830518296585343,-80.16948170341466
80,1069,CCCCCCOc1ccc(OCCCCCC)c(-c2ccc3c(-c4c(O)ccc5cc(-c6cc(OCCCCCC)ccc6OCCCCCC)ccc45)c(O)ccc3c2)c1,c1ccc2c(c1)C[C@@H]1OC(C3(C4=N[C@@H]5c6ccccc6C[C@@H]5O4)CCCC3)=N[C@H]21,0,0,26 56,27 12,-2624.7095428,-1225.865898,43.20852781518549,71.60426390759275,-28.395736092407255
80,1070,CCCCCCOc1ccc(OCCCCCC)c(-c2ccc3c(-c4c(O)ccc5cc(-c6cc(OCCCCCC)ccc6OCCCCCC)ccc45)c(O)ccc3c2)c1,c1ccc2c(c1)C[C@@H]1OC(C3(C4=N[C@@H]5c6ccccc6C[C@@H]5O4)CCC3)=N[C@H]21,0,3,26 56,26 12,-2624.7095428,-1186.577848,31.786065958040062,65.89303297902003,-34.106967020979965
80,1071,CCCCCCOc1ccc(OCCCCCC)c(-c2ccc3c(-c4c(O)ccc5cc(-c6cc(OCCCCCC)ccc6OCCCCCC)ccc45)c(O)ccc3c2)c1,c1ccc2c(c1)C[C@H]1OC(C3(C4=N[C@H]5c6ccccc6C[C@H]5O4)CC3)=N[C@@H]21,0,0,26 56,25 12,-2624.7095428,-1147.313977,-59.96287745187577,20.018561274062115,-79.98143872593789
80,1072,CCCCCCOc1ccc(OCCCCCC)c(-c2ccc3c(-c4c(O)ccc5cc(-c6cc(OCCCCCC)ccc6OCCCCCC)ccc45)c(O)ccc3c2)c1,CCC(CC)(C1=N[C@H]2c3ccccc3C[C@H]2O1)C1=N[C@H]2c3ccccc3C[C@H]2O1,0,0,26 56,18 6,-2624.7095428,-1227.050677,-66.41266058001645,16.793669709991775,-83.20633029000822
80,1073,CCCCCCOc1ccc(OCCCCCC)c(-c2ccc3c(-c4c(O)ccc5cc(-c6cc(OCCCCCC)ccc6OCCCCCC)ccc45)c(O)ccc3c2)c1,c1ccc(CC(Cc2ccccc2)(C2=N[C@@H]3c4ccccc4C[C@@H]3O2)C2=N[C@@H]3c4ccccc4C[C@@H]3O2)cc1,0,0,26 56,26 14,-2624.7095428,-1610.184387,3.182283268985991,51.591141634493,-48.408858365507
80,1074,CCCCCCOc1ccc(OCCCCCC)c(-c2ccc3c(-c4c(O)ccc5cc(-c6cc(OCCCCCC)ccc6OCCCCCC)ccc45)c(O)ccc3c2)c1,CC(Cc1ccccc1)(C1=N[C@H]2c3ccccc3C[C@H]2O1)C1=N[C@H]2c3ccccc3C[C@H]2O1,0,0,26 56,10 22,-2624.7095428,-1379.360112,0.31268620403174907,50.156343102015875,-49.843656897984125
80,1075,CCCCCCOc1ccc(OCCCCCC)c(-c2ccc3c(-c4c(O)ccc5cc(-c6cc(OCCCCCC)ccc6OCCCCCC)ccc45)c(O)ccc3c2)c1,CC(C)(C)c1ccc(CC(Cc2ccc(C(C)(C)C)cc2)(C2=N[C@@H]3c4ccccc4C[C@@H]3O2)C2=N[C@@H]3c4ccccc4C[C@@H]3O2)cc1,0,0,26 56,34 22,-2624.7095428,-1924.267304,27.681027709750744,63.84051385487537,-36.15948614512463
80,1076,CCCCCCOc1ccc(OCCCCCC)c(-c2ccc3c(-c4c(O)ccc5cc(-c6cc(OCCCCCC)ccc6OCCCCCC)ccc45)c(O)ccc3c2)c1,CC(C)(C)c1cc(CC(Cc2cc(C(C)(C)C)cc(C(C)(C)C)c2)(C2=N[C@H]3c4ccccc4C[C@H]3O2)C2=N[C@H]3c4ccccc4C[C@H]3O2)cc(C(C)(C)C)c1,0,1,26 56,25 37,-2624.7095428,-2238.36189,-13.345681346665108,43.32715932666745,-56.67284067333255
80,1077,CCCCCCOc1ccc(OCCCCCC)c(-c2ccc3c(-c4c(O)ccc5cc(-c6cc(OCCCCCC)ccc6OCCCCCC)ccc45)c(O)ccc3c2)c1,c1ccc2c(c1)CC(C1=N[C@@H]3c4ccccc4C[C@@H]3O1)(C1=N[C@@H]3c4ccccc4C[C@@H]3O1)C2,0,0,26 56,9 21,-2624.7095428,-1378.182059,43.481749893207855,71.74087494660392,-28.259125053396073
80,1078,CCCCCCOc1ccc(OCCCCCC)c(-c2ccc3c(-c4c(O)ccc5cc(-c6cc(OCCCCCC)ccc6OCCCCCC)ccc45)c(O)ccc3c2)c1,c1ccc2c(c1)C[C@H]1OC(CC3=N[C@H]4c5ccccc5C[C@H]4O3)=N[C@@H]21,0,0,26 56,12 23,-2624.7095428,-1070.004928,-5.172501999621214,47.41374900018939,-52.58625099981061
80,1079,CCCCCCOc1ccc(OCCCCCC)c(-c2ccc3c(-c4c(O)ccc5cc(-c6cc(OCCCCCC)ccc6OCCCCCC)ccc45)c(O)ccc3c2)c1,c1ccc(C2=N[C@H]3c4ccccc4C[C@H]3O2)nc1,0,0,26 56,16 5,-2624.7095428,-762.8325198,-8.574793476811406,45.712603261594296,-54.287396738405704
80,1080,CCCCCCOc1ccc(OCCCCCC)c(-c2ccc3c(-c4c(O)ccc5cc(-c6cc(OCCCCCC)ccc6OCCCCCC)ccc45)c(O)ccc3c2)c1,c1ccc2c(c1)C[C@H]1OC(c3ccc4ccccc4n3)=N[C@@H]21,0,0,26 56,19 20,-2624.7095428,-916.3386498,-6.6264208347685996,46.6867895826157,-53.3132104173843
80,1081,CCCCCCOc1ccc(OCCCCCC)c(-c2ccc3c(-c4c(O)ccc5cc(-c6cc(OCCCCCC)ccc6OCCCCCC)ccc45)c(O)ccc3c2)c1,c1ccc2c(c1)C[C@@H]1OC(c3nccc4ccccc34)=N[C@H]21,0,0,26 56,11 20,-2624.7095428,-916.3345383,19.29066971393344,59.64533485696672,-40.35466514303328
80,1082,CCCCCCOc1ccc(OCCCCCC)c(-c2ccc3c(-c4c(O)ccc5cc(-c6cc(OCCCCCC)ccc6OCCCCCC)ccc45)c(O)ccc3c2)c1,FC(F)(F)c1ccc(C2=N[C@@H]3c4ccccc4C[C@@H]3O2)nc1,0,0,26 56,9 20,-2624.7095428,-1099.626649,5.958289904862513,52.979144952431255,-47.020855047568745
80,1083,CCCCCCOc1ccc(OCCCCCC)c(-c2ccc3c(-c4c(O)ccc5cc(-c6cc(OCCCCCC)ccc6OCCCCCC)ccc45)c(O)ccc3c2)c1,c1cc(C2=N[C@H]3c4ccccc4C[C@H]3O2)nc(C2=N[C@H]3c4ccccc4C[C@H]3O2)c1,0,0,26 56,18 4 15,-2624.7095428,-1277.615075,-7.025123475135516,46.48743826243224,-53.51256173756776
80,1084,CCCCCCOc1ccc(OCCCCCC)c(-c2ccc3c(-c4c(O)ccc5cc(-c6cc(OCCCCCC)ccc6OCCCCCC)ccc45)c(O)ccc3c2)c1,c1ccc2c(c1)C[C@H]1OC(C3=N[C@H]4c5ccccc5C[C@H]4O3)=N[C@@H]21,0,0,26 56,11 22,-2624.7095428,-1030.735569,-22.05377310575069,38.97311344712465,-61.02688655287535
80,1085,CCCCCCOc1ccc(OCCCCCC)c(-c2ccc3c(-c4c(O)ccc5cc(-c6cc(OCCCCCC)ccc6OCCCCCC)ccc45)c(O)ccc3c2)c1,c1ccc(-c2cccc(C3=N[C@H]4c5ccccc5C[C@H]4O3)n2)nc1,0,0,26 56,10 21 22,-2624.7095428,-1009.709879,-9.67073207916416,45.164633960417916,-54.835366039582084
80,1086,CCCCCCOc1ccc(OCCCCCC)c(-c2ccc3c(-c4c(O)ccc5cc(-c6cc(OCCCCCC)ccc6OCCCCCC)ccc45)c(O)ccc3c2)c1,c1ccc(-c2cccc(C3=N[C@@H]4c5ccccc5C[C@@H]4O3)n2)cc1,0,0,26 56,10 21,-2624.7095428,-993.6729656,0.8801756690668805,50.44008783453344,-49.55991216546656
80,1087,CCCCCCOc1ccc(OCCCCCC)c(-c2ccc3c(-c4c(O)ccc5cc(-c6cc(OCCCCCC)ccc6OCCCCCC)ccc45)c(O)ccc3c2)c1,O=C(Nc1ccccc1C1=N[C@@H]2c3ccccc3C[C@@H]2O1)c1ccccc1P(c1ccccc1)c1ccccc1,0,0,26 56,2 10,-2624.7095428,-1949.73391,-0.7062886918090809,49.64685565409546,-50.35314434590454
80,1088,CCCCCCOc1ccc(OCCCCCC)c(-c2ccc3c(-c4c(O)ccc5cc(-c6cc(OCCCCCC)ccc6OCCCCCC)ccc45)c(O)ccc3c2)c1,O=C(Nc1cccc(C(F)(F)F)c1C1=N[C@@H]2c3ccccc3C[C@@H]2O1)c1ccccc1P(c1ccccc1)c1ccccc1,0,1,26 56,2 14,-2624.7095428,-2286.515962,4.203467240992971,52.10173362049649,-47.89826637950351
80,1089,CCCCCCOc1ccc(OCCCCCC)c(-c2ccc3c(-c4c(O)ccc5cc(-c6cc(OCCCCCC)ccc6OCCCCCC)ccc45)c(O)ccc3c2)c1,CC(CC1=N[C@H]2c3ccccc3C[C@@H]2O1)(C1=N[C@H]2c3ccccc3C[C@H]2O1)C1=N[C@H]2c3ccccc3C[C@H]2O1,0,0,26 56,16 28,-2624.7095428,-1663.278129,-1.9190523369371948,49.0404738315314,-50.9595261684686
80,1090,CCCCCCOc1ccc(OCCCCCC)c(-c2ccc3c(-c4c(O)ccc5cc(-c6cc(OCCCCCC)ccc6OCCCCCC)ccc45)c(O)ccc3c2)c1,CC(C)(C1=N[C@H](Cc2ccccc2)CO1)C1=N[C@H](Cc2ccccc2)CO1,0,0,26 56,16 4,-2624.7095428,-1150.888196,32.62984475885381,66.3149223794269,-33.6850776205731
80,1091,CCCCCCOc1ccc(OCCCCCC)c(-c2ccc3c(-c4c(O)ccc5cc(-c6cc(OCCCCCC)ccc6OCCCCCC)ccc45)c(O)ccc3c2)c1,c1ccc(C[C@H]2COC(C3(C4=N[C@@H](Cc5ccccc5)CO4)CCCCC3)=N2)cc1,0,0,26 56,27 11,-2624.7095428,-1267.472166,-18.88244509781754,40.55877745109123,-59.44122254890877
80,1092,CCCCCCOc1ccc(OCCCCCC)c(-c2ccc3c(-c4c(O)ccc5cc(-c6cc(OCCCCCC)ccc6OCCCCCC)ccc45)c(O)ccc3c2)c1,c1ccc(C[C@H]2COC(C3(C4=N[C@@H](Cc5ccccc5)CO4)CCCC3)=N2)cc1,0,1,26 56,26 11,-2624.7095428,-1228.21857,-30.285772125500078,34.85711393724996,-65.14288606275004
80,1093,CCCCCCOc1ccc(OCCCCCC)c(-c2ccc3c(-c4c(O)ccc5cc(-c6cc(OCCCCCC)ccc6OCCCCCC)ccc45)c(O)ccc3c2)c1,c1ccc(C[C@H]2COC(C3(C4=N[C@@H](Cc5ccccc5)CO4)CCC3)=N2)cc1,0,0,26 56,25 11,-2624.7095428,-1188.932527,-9.30954905420345,45.34522547289828,-54.65477452710172
80,1094,CCCCCCOc1ccc(OCCCCCC)c(-c2ccc3c(-c4c(O)ccc5cc(-c6cc(OCCCCCC)ccc6OCCCCCC)ccc45)c(O)ccc3c2)c1,c1ccc(C[C@H]2COC(C3(C4=N[C@@H](Cc5ccccc5)CO4)CC3)=N2)cc1,0,0,26 56,24 11,-2624.7095428,-1149.663336,-25.61240138334491,37.19379930832754,-62.80620069167246
80,1095,CCCCCCOc1ccc(OCCCCCC)c(-c2ccc3c(-c4c(O)ccc5cc(-c6cc(OCCCCCC)ccc6OCCCCCC)ccc45)c(O)ccc3c2)c1,CC(Cc1ccccc1)(C1=N[C@H](Cc2ccccc2)CO1)C1=N[C@H](Cc2ccccc2)CO1,0,0,26 56,10 22,-2624.7095428,-1381.707279,17.202462929354894,58.60123146467745,-41.39876853532255
80,1096,CCCCCCOc1ccc(OCCCCCC)c(-c2ccc3c(-c4c(O)ccc5cc(-c6cc(OCCCCCC)ccc6OCCCCCC)ccc45)c(O)ccc3c2)c1,c1ccc(C[C@H]2COC(C(Cc3ccccc3)(Cc3ccccc3)C3=N[C@@H](Cc4ccccc4)CO3)=N2)cc1,0,0,26 56,25 36,-2624.7095428,-1612.547877,-7.745145607291382,46.12742719635431,-53.87257280364569
80,1097,CCCCCCOc1ccc(OCCCCCC)c(-c2ccc3c(-c4c(O)ccc5cc(-c6cc(OCCCCCC)ccc6OCCCCCC)ccc45)c(O)ccc3c2)c1,CC(C)(C)c1ccc(CC(Cc2ccc(C(C)(C)C)cc2)(C2=N[C@H](Cc3ccccc3)CO2)C2=N[C@H](Cc3ccccc3)CO2)cc1,0,0,26 56,34 22,-2624.7095428,-1926.618731,10.324461663655322,55.162230831827664,-44.837769168172336
80,1098,CCCCCCOc1ccc(OCCCCCC)c(-c2ccc3c(-c4c(O)ccc5cc(-c6cc(OCCCCCC)ccc6OCCCCCC)ccc45)c(O)ccc3c2)c1,c1ccc(C[C@@H]2COC(CC3=N[C@H](Cc4ccccc4)CO3)=N2)cc1,0,0,26 56,11 22,-2624.7095428,-1072.356973,15.809553975378993,57.904776987689495,-42.095223012310505
80,1099,CCCCCCOc1ccc(OCCCCCC)c(-c2ccc3c(-c4c(O)ccc5cc(-c6cc(OCCCCCC)ccc6OCCCCCC)ccc45)c(O)ccc3c2)c1,c1ccc(C[C@H]2COC(c3ccccn3)=N2)cc1,0,0,26 56,14 15,-2624.7095428,-764.0089485,-7.165189669874703,46.41740516506265,-53.58259483493735
80,1100,CCCCCCOc1ccc(OCCCCCC)c(-c2ccc3c(-c4c(O)ccc5cc(-c6cc(OCCCCCC)ccc6OCCCCCC)ccc45)c(O)ccc3c2)c1,c1ccc(C[C@H]2COC(c3ccc4ccccc4n3)=N2)cc1,0,0,26 56,18 19,-2624.7095428,-917.5151879,-2.754618377167567,48.62269081141622,-51.37730918858378
80,1101,CCCCCCOc1ccc(OCCCCCC)c(-c2ccc3c(-c4c(O)ccc5cc(-c6cc(OCCCCCC)ccc6OCCCCCC)ccc45)c(O)ccc3c2)c1,FC(F)(F)c1ccc(C2=N[C@@H](Cc3ccccc3)CO2)nc1,0,0,26 56,9 20,-2624.7095428,-1100.805579,-14.693147991459913,42.653426004270045,-57.346573995729955
80,1102,CCCCCCOc1ccc(OCCCCCC)c(-c2ccc3c(-c4c(O)ccc5cc(-c6cc(OCCCCCC)ccc6OCCCCCC)ccc45)c(O)ccc3c2)c1,Fc1ccc(C2=N[C@@H](Cc3ccccc3)CO2)nc1,0,0,26 56,17 6,-2624.7095428,-863.1783062,-7.278414724730974,46.36079263763451,-53.63920736236549
80,1103,CCCCCCOc1ccc(OCCCCCC)c(-c2ccc3c(-c4c(O)ccc5cc(-c6cc(OCCCCCC)ccc6OCCCCCC)ccc45)c(O)ccc3c2)c1,CC(C)(C1=N[C@@H](Cc2ccccc2)CO1)c1ccccn1,0,0,26 56,4 20,-2624.7095428,-881.7938527,-7.244738390451895,46.37763080477405,-53.62236919522595
80,1104,CCCCCCOc1ccc(OCCCCCC)c(-c2ccc3c(-c4c(O)ccc5cc(-c6cc(OCCCCCC)ccc6OCCCCCC)ccc45)c(O)ccc3c2)c1,FC(F)(F)c1ccnc(C2=N[C@@H](Cc3ccccc3)CO2)c1,0,0,26 56,10 7,-2624.7095428,-1100.805638,-12.047240528051248,43.976379735974376,-56.023620264025624
80,1105,CCCCCCOc1ccc(OCCCCCC)c(-c2ccc3c(-c4c(O)ccc5cc(-c6cc(OCCCCCC)ccc6OCCCCCC)ccc45)c(O)ccc3c2)c1,c1ccc(C[C@@H]2COC(C3=N[C@H](Cc4ccccc4)CO3)=N2)cc1,0,0,26 56,10 21,-2624.7095428,-1033.091065,7.880760218416764,53.940380109208384,-46.059619890791616
80,1106,CCCCCCOc1ccc(OCCCCCC)c(-c2ccc3c(-c4c(O)ccc5cc(-c6cc(OCCCCCC)ccc6OCCCCCC)ccc45)c(O)ccc3c2)c1,c1ccc(C[C@@H]2COC(c3cccc(C4=N[C@H](Cc5ccccc5)CO4)n3)=N2)cc1,0,0,26 56,26 27 15,-2624.7095428,-1279.968702,6.496925126526007,53.248462563263004,-46.751537436736996
80,1107,CCCCCCOc1ccc(OCCCCCC)c(-c2ccc3c(-c4c(O)ccc5cc(-c6cc(OCCCCCC)ccc6OCCCCCC)ccc45)c(O)ccc3c2)c1,c1ccc(C[C@@H]2COC(c3cccc(C4=N[C@H](Cc5ccccc5)CO4)c3)=N2)cc1,0,0,26 56,27 15,-2624.7095428,-1263.941857,3.1688459025063747,51.58442295125319,-48.41557704874681
80,1108,CCCCCCOc1ccc(OCCCCCC)c(-c2ccc3c(-c4c(O)ccc5cc(-c6cc(OCCCCCC)ccc6OCCCCCC)ccc45)c(O)ccc3c2)c1,c1ccc(C[C@H]2COC(C(Cc3ccc4ccccc4n3)(Cc3ccc4ccccc4n3)C3=N[C@@H](Cc4ccccc4)CO3)=N2)cc1,0,0,26 56,33 44,-2624.7095428,-1951.637558,-4.703949161650117,47.64802541917494,-52.35197458082506
80,1109,CCCCCCOc1ccc(OCCCCCC)c(-c2ccc3c(-c4c(O)ccc5cc(-c6cc(OCCCCCC)ccc6OCCCCCC)ccc45)c(O)ccc3c2)c1,c1ccc(C[C@@H]2COC(c3cccc4c3oc3c(C5=N[C@H](Cc6ccccc6)CO5)cccc34)=N2)cc1,0,0,26 56,34 19 15,-2624.7095428,-1568.762289,5.365472826116767,52.682736413058386,-47.317263586941614
80,1110,CCCCCCOc1ccc(OCCCCCC)c(-c2ccc3c(-c4c(O)ccc5cc(-c6cc(OCCCCCC)ccc6OCCCCCC)ccc45)c(O)ccc3c2)c1,c1ccc(C[C@@H]2COC(c3cccc(-c4cccc(C5=N[C@H](Cc6ccccc6)CO5)n4)n3)=N2)cc1,0,0,26 56,32 33 20 31,-2624.7095428,-1526.847484,0.2818805104152151,50.14094025520761,-49.85905974479239
80,1111,CCCCCCOc1ccc(OCCCCCC)c(-c2ccc3c(-c4c(O)ccc5cc(-c6cc(OCCCCCC)ccc6OCCCCCC)ccc45)c(O)ccc3c2)c1,N#C/C(C1=N[C@@H](Cc2ccccc2)CO1)=C1/[N-][C@@H](Cc2ccccc2)CO1,0,0,26 56,4 16,-2624.7095428,-1164.01035,-5.867100413156049,47.066449793421974,-52.933550206578026
80,1112,CCCCCCOc1ccc(OCCCCCC)c(-c2ccc3c(-c4c(O)ccc5cc(-c6cc(OCCCCCC)ccc6OCCCCCC)ccc45)c(O)ccc3c2)c1,CC(C)(C1=N[C@H](c2ccccc2)[C@H](c2ccccc2)O1)C1=N[C@H](c2ccccc2)[C@H](c2ccccc2)O1,0,0,26 56,4 21,-2624.7095428,-1534.032214,17.37415439027196,58.687077195135984,-41.312922804864016
80,1113,CCCCCCOc1ccc(OCCCCCC)c(-c2ccc3c(-c4c(O)ccc5cc(-c6cc(OCCCCCC)ccc6OCCCCCC)ccc45)c(O)ccc3c2)c1,c1ccc([C@H]2OC(C3(C4=N[C@@H](c5ccccc5)[C@@H](c5ccccc5)O4)CCCCC3)=N[C@H]2c2ccccc2)cc1,0,3,26 56,9 30,-2624.7095428,-1650.634597,-6.184719610060339,46.90764019496983,-53.09235980503017
80,1114,CCCCCCOc1ccc(OCCCCCC)c(-c2ccc3c(-c4c(O)ccc5cc(-c6cc(OCCCCCC)ccc6OCCCCCC)ccc45)c(O)ccc3c2)c1,c1ccc([C@H]2OC(C3(C4=N[C@@H](c5ccccc5)[C@@H](c5ccccc5)O4)CCCC3)=N[C@H]2c2ccccc2)cc1,0,0,26 56,9 29,-2624.7095428,-1611.364108,-10.565813587727156,44.717093206136425,-55.282906793863575
80,1115,CCCCCCOc1ccc(OCCCCCC)c(-c2ccc3c(-c4c(O)ccc5cc(-c6cc(OCCCCCC)ccc6OCCCCCC)ccc45)c(O)ccc3c2)c1,c1ccc([C@H]2OC(C3(C4=N[C@@H](c5ccccc5)[C@@H](c5ccccc5)O4)CC3)=N[C@H]2c2ccccc2)cc1,0,0,26 56,9 27,-2624.7095428,-1532.815707,-12.749260431590965,43.625369784204516,-56.374630215795484
80,1116,CCCCCCOc1ccc(OCCCCCC)c(-c2ccc3c(-c4c(O)ccc5cc(-c6cc(OCCCCCC)ccc6OCCCCCC)ccc45)c(O)ccc3c2)c1,CC(Cc1ccccc1)(C1=N[C@H](c2ccccc2)[C@H](c2ccccc2)O1)C1=N[C@H](c2ccccc2)[C@H](c2ccccc2)O1,0,4,26 56,10 27,-2624.7095428,-1764.861718,14.83788902616702,57.41894451308351,-42.58105548691649
80,1117,CCCCCCOc1ccc(OCCCCCC)c(-c2ccc3c(-c4c(O)ccc5cc(-c6cc(OCCCCCC)ccc6OCCCCCC)ccc45)c(O)ccc3c2)c1,c1ccc(CC(Cc2ccccc2)(C2=N[C@@H](c3ccccc3)[C@@H](c3ccccc3)O2)C2=N[C@@H](c3ccccc3)[C@@H](c3ccccc3)O2)cc1,0,1,26 56,14 31,-2624.7095428,-1995.696517,-5.807631841004394,47.0961840794978,-52.9038159205022
80,1118,CCCCCCOc1ccc(OCCCCCC)c(-c2ccc3c(-c4c(O)ccc5cc(-c6cc(OCCCCCC)ccc6OCCCCCC)ccc45)c(O)ccc3c2)c1,CC(C)(C)c1ccc(CC(Cc2ccc(C(C)(C)C)cc2)(C2=N[C@@H](c3ccccc3)[C@@H](c3ccccc3)O2)C2=N[C@@H](c3ccccc3)[C@@H](c3ccccc3)O2)cc1,0,0,26 56,22 39,-2624.7095428,-2309.776028,-1.0839149887047714,49.45804250564761,-50.54195749435239
80,1119,CCCCCCOc1ccc(OCCCCCC)c(-c2ccc3c(-c4c(O)ccc5cc(-c6cc(OCCCCCC)ccc6OCCCCCC)ccc45)c(O)ccc3c2)c1,c1ccc([C@H]2N=C(CC3=N[C@H](c4ccccc4)[C@H](c4ccccc4)O3)O[C@H]2c2ccccc2)cc1,0,0,26 56,9 5,-2624.7095428,-1455.5077,8.330505948130062,54.165252974065034,-45.834747025934966
80,1120,CCCCCCOc1ccc(OCCCCCC)c(-c2ccc3c(-c4c(O)ccc5cc(-c6cc(OCCCCCC)ccc6OCCCCCC)ccc45)c(O)ccc3c2)c1,c1ccc([C@H]2OC(c3ccccn3)=N[C@H]2c2ccccc2)cc1,0,0,26 56,12 13,-2624.7095428,-955.5810827,-3.9684984582032583,48.01575077089837,-51.98424922910163
80,1121,CCCCCCOc1ccc(OCCCCCC)c(-c2ccc3c(-c4c(O)ccc5cc(-c6cc(OCCCCCC)ccc6OCCCCCC)ccc45)c(O)ccc3c2)c1,c1ccc([C@H]2N=C(c3ccc4ccccc4n3)O[C@H]2c2ccccc2)cc1,0,0,26 56,16 5,-2624.7095428,-1109.087172,12.418996220420581,56.20949811021029,-43.79050188978971
80,1122,CCCCCCOc1ccc(OCCCCCC)c(-c2ccc3c(-c4c(O)ccc5cc(-c6cc(OCCCCCC)ccc6OCCCCCC)ccc45)c(O)ccc3c2)c1,FC(F)(F)c1ccc(C2=N[C@@H](c3ccccc3)[C@@H](c3ccccc3)O2)nc1,0,0,26 56,9 25,-2624.7095428,-1292.377378,-7.592838670568498,46.20358066471575,-53.79641933528425
80,1123,CCCCCCOc1ccc(OCCCCCC)c(-c2ccc3c(-c4c(O)ccc5cc(-c6cc(OCCCCCC)ccc6OCCCCCC)ccc45)c(O)ccc3c2)c1,c1ccc([C@H]2N=C(c3cccc(C4=N[C@H](c5ccccc5)[C@H](c5ccccc5)O4)n3)O[C@H]2c2ccccc2)cc1,0,1,26 56,29 13 5,-2624.7095428,-1663.108881,6.687532380995821,53.34376619049791,-46.65623380950209
80,1124,CCCCCCOc1ccc(OCCCCCC)c(-c2ccc3c(-c4c(O)ccc5cc(-c6cc(OCCCCCC)ccc6OCCCCCC)ccc45)c(O)ccc3c2)c1,N#C/C(C1=N[C@H](c2ccccc2)[C@H](c2ccccc2)O1)=C1/[N-][C@H](c2ccccc2)[C@H](c2ccccc2)O1,0,0,26 56,4 21,-2624.7095428,-1547.161777,7.2824217331614935,53.64121086658075,-46.35878913341925
80,1125,CCCCCCOc1ccc(OCCCCCC)c(-c2ccc3c(-c4c(O)ccc5cc(-c6cc(OCCCCCC)ccc6OCCCCCC)ccc45)c(O)ccc3c2)c1,c1ccc([C@@H]2N=C(c3cccc4c3oc3c(C5=N[C@@H](c6ccccc6)[C@H](c6ccccc6)O5)cccc34)O[C@H]2c2ccccc2)cc1,0,0,26 56,17 13 5,-2624.7095428,-1951.910503,-5.291177386791006,47.3544113066045,-52.6455886933955
80,1126,CCCCCCOc1ccc(OCCCCCC)c(-c2ccc3c(-c4c(O)ccc5cc(-c6cc(OCCCCCC)ccc6OCCCCCC)ccc45)c(O)ccc3c2)c1,Cc1ccc(S(=O)(=O)N2C(c3cccc(C4=N[C@@H](c5ccccc5)[C@H](c5ccccc5)N4S(=O)(=O)c4ccc(C)cc4)c3)=N[C@@H](c3ccccc3)[C@@H]2c2ccccc2)cc1,0,0,26 56,16 43,-2624.7095428,-3244.251941,3.779022130258843,51.88951106512942,-48.11048893487058
80,1127,CCCCCCOc1ccc(OCCCCCC)c(-c2ccc3c(-c4c(O)ccc5cc(-c6cc(OCCCCCC)ccc6OCCCCCC)ccc45)c(O)ccc3c2)c1,c1ccc([C@@H]2N=C(c3cccc(C4=N[C@@H](c5ccccc5)[C@H](c5ccccc5)N4)c3)N[C@H]2c2ccccc2)cc1,0,0,26 56,5 13,-2624.7095428,-1607.358369,-4.55716419073804,47.72141790463098,-52.27858209536902
80,1128,CCCCCCOc1ccc(OCCCCCC)c(-c2ccc3c(-c4c(O)ccc5cc(-c6cc(OCCCCCC)ccc6OCCCCCC)ccc45)c(O)ccc3c2)c1,C[C@H]1COC(C(C)(C)C2=N[C@@H](C)CO2)=N1,0,0,26 56,9 14,-2624.7095428,-689.222808,-5.523722370675267,47.23813881466236,-52.76186118533764
80,1129,CCCCCCOc1ccc(OCCCCCC)c(-c2ccc3c(-c4c(O)ccc5cc(-c6cc(OCCCCCC)ccc6OCCCCCC)ccc45)c(O)ccc3c2)c1,C[C@H]1COC(C(C)(Cc2ccccc2)C2=N[C@@H](C)CO2)=N1,0,0,26 56,20 15,-2624.7095428,-920.0497162,-11.088186391254247,44.45590680437287,-55.54409319562713
80,1130,CCCCCCOc1ccc(OCCCCCC)c(-c2ccc3c(-c4c(O)ccc5cc(-c6cc(OCCCCCC)ccc6OCCCCCC)ccc45)c(O)ccc3c2)c1,C[C@H]1COC(C(Cc2ccc(C(C)(C)C)cc2)(Cc2ccc(C(C)(C)C)cc2)C2=N[C@@H](C)CO2)=N1,0,0,26 56,34 29,-2624.7095428,-1464.962808,-2.052264377888159,48.97386781105592,-51.02613218894408
80,1131,CCCCCCOc1ccc(OCCCCCC)c(-c2ccc3c(-c4c(O)ccc5cc(-c6cc(OCCCCCC)ccc6OCCCCCC)ccc45)c(O)ccc3c2)c1,C[C@@H]1COC(C(Cc2ccccc2)(Cc2ccccc2)C2=N[C@H](C)CO2)=N1,0,4,26 56,26 21,-2624.7095428,-1150.883527,6.171333043501631,53.08566652175082,-46.91433347824918
80,1132,CCCCCCOc1ccc(OCCCCCC)c(-c2ccc3c(-c4c(O)ccc5cc(-c6cc(OCCCCCC)ccc6OCCCCCC)ccc45)c(O)ccc3c2)c1,C[C@@H]1COC(CC2=N[C@H](C)CO2)=N1,0,0,26 56,12 7,-2624.7095428,-610.6988939,4.877503515716693,52.43875175785835,-47.56124824214165
80,1133,CCCCCCOc1ccc(OCCCCCC)c(-c2ccc3c(-c4c(O)ccc5cc(-c6cc(OCCCCCC)ccc6OCCCCCC)ccc45)c(O)ccc3c2)c1,C[C@H]1COC(c2ccc(C(F)(F)F)cn2)=N1,0,0,26 56,14 15,-2624.7095428,-869.9753069,-3.5718159190829373,48.21409204045853,-51.78590795954147
80,1134,CCCCCCOc1ccc(OCCCCCC)c(-c2ccc3c(-c4c(O)ccc5cc(-c6cc(OCCCCCC)ccc6OCCCCCC)ccc45)c(O)ccc3c2)c1,C[C@H]1COC(C2=N[C@@H](C)CO2)=N1,0,0,26 56,11 6,-2624.7095428,-571.4282178,5.303268862617143,52.65163443130857,-47.34836556869143
80,1135,CCCCCCOc1ccc(OCCCCCC)c(-c2ccc3c(-c4c(O)ccc5cc(-c6cc(OCCCCCC)ccc6OCCCCCC)ccc45)c(O)ccc3c2)c1,CC(C)C[C@@H]1COC(C2=N[C@H](CC(C)C)CO2)=N1,0,0,26 56,9 17,-2624.7095428,-806.9877797,22.968773435396454,61.48438671769823,-38.51561328230177
80,1136,CCCCCCOc1ccc(OCCCCCC)c(-c2ccc3c(-c4c(O)ccc5cc(-c6cc(OCCCCCC)ccc6OCCCCCC)ccc45)c(O)ccc3c2)c1,Cc1ccc(N2C[C@H](CC(C)C)N=C2C2=N[C@@H](CC(C)C)CN2c2ccc(C)cc2)cc1,0,1,26 56,12 15,-2624.7095428,-1307.466211,-4.081039324226538,47.95948033788673,-52.04051966211327
80,1137,CCCCCCOc1ccc(OCCCCCC)c(-c2ccc3c(-c4c(O)ccc5cc(-c6cc(OCCCCCC)ccc6OCCCCCC)ccc45)c(O)ccc3c2)c1,CC(C)C[C@H]1CN(c2cccc(C(C)(C)C)c2)C(C2=N[C@@H](CC(C)C)CN2c2cccc(C(C)(C)C)c2)=N1,0,1,26 56,19 37,-2624.7095428,-1543.017894,2.630024885946355,51.31501244297318,-48.68498755702682
80,1138,CCCCCCOc1ccc(OCCCCCC)c(-c2ccc3c(-c4c(O)ccc5cc(-c6cc(OCCCCCC)ccc6OCCCCCC)ccc45)c(O)ccc3c2)c1,CC[C@@H](C)[C@H]1CN(c2cccc(C(C)(C)C)c2)C(C2=N[C@@H]([C@H](C)CC)CN2c2cccc(C(C)(C)C)c2)=N1,0,0,26 56,19 37,-2624.7095428,-1543.021699,-4.587641450086998,47.7061792749565,-52.2938207250435
80,1139,CCCCCCOc1ccc(OCCCCCC)c(-c2ccc3c(-c4c(O)ccc5cc(-c6cc(OCCCCCC)ccc6OCCCCCC)ccc45)c(O)ccc3c2)c1,C1CCC([C@H]2COC(C3=N[C@@H](C4CCCCC4)CO3)=N2)CC1,0,0,26 56,9 19,-2624.7095428,-961.6661462,-3.0474654482834262,48.476267275858284,-51.523732724141716
80,1140,CCCCCCOc1ccc(OCCCCCC)c(-c2ccc3c(-c4c(O)ccc5cc(-c6cc(OCCCCCC)ccc6OCCCCCC)ccc45)c(O)ccc3c2)c1,N[C@H]1c2ccccc2C[C@H]1[O-],0,0,26 56,0 10,-2624.7095428,-478.4750351,2.264526209787891,51.132263104893944,-48.867736895106056
80,1141,CCCCCCOc1ccc(OCCCCCC)c(-c2ccc3c(-c4c(O)ccc5cc(-c6cc(OCCCCCC)ccc6OCCCCCC)ccc45)c(O)ccc3c2)c1,[O-]C(c1ccccc1)(c1ccccc1)[C@H]1CCCN1,0,4,26 56,0 18,-2624.7095428,-787.8268535,5.059144959668632,52.529572479834314,-47.470427520165686
80,1142,CCCCCCOc1ccc(OCCCCCC)c(-c2ccc3c(-c4c(O)ccc5cc(-c6cc(OCCCCCC)ccc6OCCCCCC)ccc45)c(O)ccc3c2)c1,N[C@@H](c1ccccc1)[C@H]([O-])c1ccccc1,0,1,26 56,0 9,-2624.7095428,-671.2387181,3.2481497253263125,51.62407486266316,-48.37592513733684
80,1143,CCCCCCOc1ccc(OCCCCCC)c(-c2ccc3c(-c4c(O)ccc5cc(-c6cc(OCCCCCC)ccc6OCCCCCC)ccc45)c(O)ccc3c2)c1,N[C@@H]1CCCC[C@H]1[O-],0,0,26 56,0 7,-2624.7095428,-365.4171147,2.3565957429178646,51.17829787145893,-48.82170212854107
80,1144,CCCCCCOc1ccc(OCCCCCC)c(-c2ccc3c(-c4c(O)ccc5cc(-c6cc(OCCCCCC)ccc6OCCCCCC)ccc45)c(O)ccc3c2)c1,N[C@@H](C[O-])Cc1ccccc1,0,0,26 56,0 3,-2624.7095428,-479.6485701,-0.24827360223287354,49.875863198883565,-50.124136801116435
80,1145,CCCCCCOc1ccc(OCCCCCC)c(-c2ccc3c(-c4c(O)ccc5cc(-c6cc(OCCCCCC)ccc6OCCCCCC)ccc45)c(O)ccc3c2)c1,[O-]C[C@@H]1CCCN1Cc1ccccc1,0,0,26 56,0 6,-2624.7095428,-596.2244044,3.4481413114670367,51.72407065573352,-48.27592934426648
80,1146,CCCCCCOc1ccc(OCCCCCC)c(-c2ccc3c(-c4c(O)ccc5cc(-c6cc(OCCCCCC)ccc6OCCCCCC)ccc45)c(O)ccc3c2)c1,N[C@H](C[O-])Cc1ccccc1,0,1,26 56,0 3,-2624.7095428,-479.6493962,2.82090755823714,51.41045377911857,-48.58954622088143
80,1147,CCCCCCOc1ccc(OCCCCCC)c(-c2ccc3c(-c4c(O)ccc5cc(-c6cc(OCCCCCC)ccc6OCCCCCC)ccc45)c(O)ccc3c2)c1,[O-]C[C@@H]1CCCN1,0,0,26 56,0 6,-2624.7095428,-326.127563,0.6496233629040891,50.32481168145205,-49.67518831854795
80,1148,CCCCCCOc1ccc(OCCCCCC)c(-c2ccc3c(-c4c(O)ccc5cc(-c6cc(OCCCCCC)ccc6OCCCCCC)ccc45)c(O)ccc3c2)c1,CC(C)(C)[C@@H](N)C[O-],0,0,26 56,5 7,-2624.7095428,-366.5936045,-2.681129309370395,48.659435345314805,-51.340564654685195
80,1149,CCCCCCOc1ccc(OCCCCCC)c(-c2ccc3c(-c4c(O)ccc5cc(-c6cc(OCCCCCC)ccc6OCCCCCC)ccc45)c(O)ccc3c2)c1,CC(C)[C@H](N)C[O-],0,0,26 56,4 6,-2624.7095428,-327.333821,2.0339480664393568,51.016974033219675,-48.983025966780325
80,1150,CCCCCCOc1ccc(OCCCCCC)c(-c2ccc3c(-c4c(O)ccc5cc(-c6cc(OCCCCCC)ccc6OCCCCCC)ccc45)c(O)ccc3c2)c1,N[C@@H](C[O-])c1ccccc1,0,1,26 56,0 3,-2624.7095428,-440.3907373,-1.0633836775185763,49.468308161240714,-50.531691838759286
80,1151,CCCCCCOc1ccc(OCCCCCC)c(-c2ccc3c(-c4c(O)ccc5cc(-c6cc(OCCCCCC)ccc6OCCCCCC)ccc45)c(O)ccc3c2)c1,[O-]C(c1cc(C(F)(F)F)cc(C(F)(F)F)c1)(c1cc(C(F)(F)F)cc(C(F)(F)F)c1)[C@H]1CCCN1,0,0,26 56,0 34,-2624.7095428,-2135.060687,0.6452159692569692,50.32260798462848,-49.67739201537152
80,1152,CCCCCCOc1ccc(OCCCCCC)c(-c2ccc3c(-c4c(O)ccc5cc(-c6cc(OCCCCCC)ccc6OCCCCCC)ccc45)c(O)ccc3c2)c1,COc1nc2ccc(Br)cc2cc1[C@@H](c1ccccc1)[C@@]([O-])(CCN(C)C)c1ccc2ccccc2c1,0,0,26 56,24 21,-2624.7095428,-4069.87959,2.5567184197861463,51.278359209893075,-48.721640790106925
80,1153,CCCCCCOc1ccc(OCCCCCC)c(-c2ccc3c(-c4c(O)ccc5cc(-c6cc(OCCCCCC)ccc6OCCCCCC)ccc45)c(O)ccc3c2)c1,CC(C)(C)c1cc(/C=N/[C@@H]2CCCC[C@H]2/N=C/c2cc(C(C)(C)C)cc(C(C)(C)C)c2[O-])c([O-])c(C(C)(C)C)c1,0,1,26 56,8 15,-2624.7095428,-1661.320129,1.9219079218409147,50.960953960920456,-49.039046039079544
80,1154,CCCCCCOc1ccc(OCCCCCC)c(-c2ccc3c(-c4c(O)ccc5cc(-c6cc(OCCCCCC)ccc6OCCCCCC)ccc45)c(O)ccc3c2)c1,CN[C@@H]1CCCC[C@H]1NC,0,0,26 56,8 1,-2624.7095428,-424.657817,1.538841721349666,50.769420860674835,-49.230579139325165
80,1155,CCCCCCOc1ccc(OCCCCCC)c(-c2ccc3c(-c4c(O)ccc5cc(-c6cc(OCCCCCC)ccc6OCCCCCC)ccc45)c(O)ccc3c2)c1,CC(C)(C)[C@H]1CN2C[C@H](C(C)(C)C)[N-]C2=N1,0,0,26 56,13 6 15,-2624.7095428,-673.33055,2.6056179178046914,51.30280895890235,-48.69719104109765
80,1156,CCCCCCOc1ccc(OCCCCCC)c(-c2ccc3c(-c4c(O)ccc5cc(-c6cc(OCCCCCC)ccc6OCCCCCC)ccc45)c(O)ccc3c2)c1,CCN(CC)[C@@H]1CCCC[C@H]1NC(=S)Nc1cc(C(F)(F)F)cc(C(F)(F)F)c1,0,0,26 56,2 11,-2624.7095428,-1899.093947,4.190580642774055,52.095290321387026,-47.904709678612974
80,1157,CCCCCCOc1ccc(OCCCCCC)c(-c2ccc3c(-c4c(O)ccc5cc(-c6cc(OCCCCCC)ccc6OCCCCCC)ccc45)c(O)ccc3c2)c1,O=C(N[C@H]1CCCC[C@@H]1NC(=O)c1ccccn1)c1ccccn1,0,0,26 56,9 2 17 23,-2624.7095428,-1066.431466,0.9536808600714899,50.47684043003574,-49.52315956996426
80,1158,CCCCCCOc1ccc(OCCCCCC)c(-c2ccc3c(-c4c(O)ccc5cc(-c6cc(OCCCCCC)ccc6OCCCCCC)ccc45)c(O)ccc3c2)c1,C=C[C@@H]1C[N@@]2CC[C@H]1C[C@@H]2[C@H](N)c1ccnc2ccc(OC)cc12,0,0,26 56,11 4,-2624.7095428,-1015.561433,3.7264789297211927,51.8632394648606,-48.1367605351394
80,1159,CCCCCCOc1ccc(OCCCCCC)c(-c2ccc3c(-c4c(O)ccc5cc(-c6cc(OCCCCCC)ccc6OCCCCCC)ccc45)c(O)ccc3c2)c1,C=C[C@@H]1C[N@@]2CC[C@H]1C[C@H]2[C@H](N)c1ccnc2ccc(OC)cc12,0,0,26 56,11 4,-2624.7095428,-1015.556456,1.7262428098654325,50.86312140493271,-49.13687859506729
80,1160,CCCCCCOc1ccc(OCCCCCC)c(-c2ccc3c(-c4c(O)ccc5cc(-c6cc(OCCCCCC)ccc6OCCCCCC)ccc45)c(O)ccc3c2)c1,[O-][C@@H]1CCCC[C@H]1[O-],0,0,26 56,0 7,-2624.7095428,-384.5074297,1.8654196369970881,50.932709818498545,-49.067290181501455
80,1161,CCCCCCOc1ccc(OCCCCCC)c(-c2ccc3c(-c4c(O)ccc5cc(-c6cc(OCCCCCC)ccc6OCCCCCC)ccc45)c(O)ccc3c2)c1,CC1(C)[C@@H]2C[C@@H]([O-])[C@@](C)([O-])[C@H]1C2,0,0,26 56,6 9,-2624.7095428,-540.3370829,2.0244225034725085,51.012211251736254,-48.987788748263746
80,1162,CCCCCCOc1ccc(OCCCCCC)c(-c2ccc3c(-c4c(O)ccc5cc(-c6cc(OCCCCCC)ccc6OCCCCCC)ccc45)c(O)ccc3c2)c1,[O-]C[C@@H]1CCCC[C@H]1C[O-],0,0,26 56,0 9,-2624.7095428,-463.072022,2.7027844808458052,51.3513922404229,-48.6486077595771
80,1163,CCCCCCOc1ccc(OCCCCCC)c(-c2ccc3c(-c4c(O)ccc5cc(-c6cc(OCCCCCC)ccc6OCCCCCC)ccc45)c(O)ccc3c2)c1,[O-][C@@H](c1ccccc1)C([O-])(c1ccccc1)c1ccccc1,0,0,26 56,0 9,-2624.7095428,-921.2481744,-0.317625413064607,49.8411872934677,-50.1588127065323
80,1164,CCCCCCOc1ccc(OCCCCCC)c(-c2ccc3c(-c4c(O)ccc5cc(-c6cc(OCCCCCC)ccc6OCCCCCC)ccc45)c(O)ccc3c2)c1,CC1(C)O[C@H](C([O-])(c2ccccc2)c2ccccc2)[C@@H](C([O-])(c2ccccc2)c2ccccc2)O1,0,3,26 56,6 21,-2624.7095428,-1497.557147,-0.6396262494389129,49.68018687528054,-50.31981312471946
80,1165,CCCCCCOc1ccc(OCCCCCC)c(-c2ccc3c(-c4c(O)ccc5cc(-c6cc(OCCCCCC)ccc6OCCCCCC)ccc45)c(O)ccc3c2)c1,CC1(c2ccccc2)O[C@@H](C([O-])(c2ccccc2)c2ccccc2)[C@H](C([O-])(c2ccccc2)c2ccccc2)O1,0,5,26 56,11 26,-2624.7095428,-1689.135424,-0.2668510171641305,49.866574491417936,-50.133425508582064
80,1166,CCCCCCOc1ccc(OCCCCCC)c(-c2ccc3c(-c4c(O)ccc5cc(-c6cc(OCCCCCC)ccc6OCCCCCC)ccc45)c(O)ccc3c2)c1,CC1(C)O[C@@H](C([O-])(c2cccc3ccccc23)c2cccc3ccccc23)[C@H](C([O-])(c2cccc3ccccc23)c2cccc3ccccc23)O1,0,0,26 56,6 29,-2624.7095428,-2111.547452,1.7440096527201359,50.87200482636007,-49.12799517363993
80,1167,CCCCCCOc1ccc(OCCCCCC)c(-c2ccc3c(-c4c(O)ccc5cc(-c6cc(OCCCCCC)ccc6OCCCCCC)ccc45)c(O)ccc3c2)c1,[O-]C(c1ccccc1)(c1ccccc1)[C@H]1OC2(CCCCC2)O[C@@H]1C([O-])(c1ccccc1)c1ccccc1,0,2,26 56,0 25,-2624.7095428,-1614.153477,1.83562394833561,50.917811974167805,-49.082188025832195
80,1168,CCCCCCOc1ccc(OCCCCCC)c(-c2ccc3c(-c4c(O)ccc5cc(-c6cc(OCCCCCC)ccc6OCCCCCC)ccc45)c(O)ccc3c2)c1,CC1(C)O[C@@H](C[O-])[C@H](C[O-])O1,0,0,26 56,6 9,-2624.7095428,-574.1407143,-2.27620850539058,48.86189574730471,-51.13810425269529
80,1169,CCCCCCOc1ccc(OCCCCCC)c(-c2ccc3c(-c4c(O)ccc5cc(-c6cc(OCCCCCC)ccc6OCCCCCC)ccc45)c(O)ccc3c2)c1,C1CCN2C[C@H]3C[C@H](CN4CCCC[C@@H]34)[C@H]2C1,0,0,26 56,9 3,-2624.7095428,-695.9272943,-0.06802355680889605,49.96598822159555,-50.03401177840445
80,1170,CCCCCCOc1ccc(OCCCCCC)c(-c2ccc3c(-c4c(O)ccc5cc(-c6cc(OCCCCCC)ccc6OCCCCCC)ccc45)c(O)ccc3c2)c1,NC(=O)[C@@H]1CC(F)(F)CN1,0,0,26 56,0 9,-2624.7095428,-579.2434339,0.14059534674746743,50.07029767337373,-49.92970232662627
80,1171,CCCCCCOc1ccc(OCCCCCC)c(-c2ccc3c(-c4c(O)ccc5cc(-c6cc(OCCCCCC)ccc6OCCCCCC)ccc45)c(O)ccc3c2)c1,O=C(N[C@H]1CCCC[C@@H]1NC(=O)c1ccccn1)c1ccccn1,0,0,26 56,9 2 17 23,-2624.7095428,-1066.417296,0.593191264479878,50.29659563223994,-49.70340436776006
80,1172,CCCCCCOc1ccc(OCCCCCC)c(-c2ccc3c(-c4c(O)ccc5cc(-c6cc(OCCCCCC)ccc6OCCCCCC)ccc45)c(O)ccc3c2)c1,c1ccc(CN[C@@H]2CCCC[C@H]2NCc2ccccc2)cc1,0,0,26 56,12 5,-2624.7095428,-886.3100667,9.294288389775888,54.64714419488794,-45.35285580511206
80,1173,CCCCCCOc1ccc(OCCCCCC)c(-c2ccc3c(-c4c(O)ccc5cc(-c6cc(OCCCCCC)ccc6OCCCCCC)ccc45)c(O)ccc3c2)c1,COc1ccc([C@H](N)[C@@H](N)c2ccc(OC)cc2)cc1,0,0,26 56,9 7,-2624.7095428,-880.7644659,1.1085790974676675,50.554289548733834,-49.445710451266166
80,1174,CCCCCCOc1ccc(OCCCCCC)c(-c2ccc3c(-c4c(O)ccc5cc(-c6cc(OCCCCCC)ccc6OCCCCCC)ccc45)c(O)ccc3c2)c1,CN[C@H](c1ccccc1)[C@H](NC)c1ccccc1,0,0,26 56,1 10,-2624.7095428,-730.4598814,3.281891501598915,51.64094575079946,-48.35905424920054
80,1175,CCCCCCOc1ccc(OCCCCCC)c(-c2ccc3c(-c4c(O)ccc5cc(-c6cc(OCCCCCC)ccc6OCCCCCC)ccc45)c(O)ccc3c2)c1,O=C(N[C@H]1CCCC[C@@H]1NC(=O)c1ccccc1P(c1ccccc1)c1ccccc1)c1ccccc1P(c1ccccc1)c1ccccc1,0,0,26 56,9 2,-2624.7095428,-2641.38663,1.0262381574777928,50.513119078738896,-49.486880921261104
80,1176,CCCCCCOc1ccc(OCCCCCC)c(-c2ccc3c(-c4c(O)ccc5cc(-c6cc(OCCCCCC)ccc6OCCCCCC)ccc45)c(O)ccc3c2)c1,O=C(N[C@@H](c1ccccc1)[C@@H](NC(=O)c1ccccc1P(c1ccccc1)c1ccccc1)c1ccccc1)c1ccccc1P(c1ccccc1)c1ccccc1,0,0,26 56,2 11,-2624.7095428,-2947.2013,3.6722181932567093,51.836109096628356,-48.163890903371644
80,1177,CCCCCCOc1ccc(OCCCCCC)c(-c2ccc3c(-c4c(O)ccc5cc(-c6cc(OCCCCCC)ccc6OCCCCCC)ccc45)c(O)ccc3c2)c1,O=S(=O)(N[C@@H](c1ccccc1)[C@@H](NS(=O)(=O)C(F)(F)F)c1ccccc1)C(F)(F)F,0,0,26 56,3 12,-2624.7095428,-2422.191334,0.46635684436487423,50.233178422182434,-49.766821577817566
80,1178,CCCCCCOc1ccc(OCCCCCC)c(-c2ccc3c(-c4c(O)ccc5cc(-c6cc(OCCCCCC)ccc6OCCCCCC)ccc45)c(O)ccc3c2)c1,[O-]c1ccccc1/C=N/[C@@H](c1ccccc1)[C@@H](/N=C/c1ccccc1[O-])c1ccccc1,0,0,26 56,8 17,-2624.7095428,-1338.945921,2.545583473003899,51.27279173650195,-48.72720826349805
81,1001,CCCCCCOc1ccc(OCCCCCC)c(-c2cc3ccccc3c(-c3c(O)c(-c4cc(OCCCCCC)ccc4OCCCCCC)cc4ccccc34)c2O)c1,CC(C)(C1=N[C@@H](C(C)(C)C)CO1)C1=N[C@@H](C(C)(C)C)CO1,2,3,30 60,4 13,-2624.71257448,-924.7872077,-40.10381291915895,29.948093540420526,-70.05190645957947
81,1002,CCCCCCOc1ccc(OCCCCCC)c(-c2cc3ccccc3c(-c3c(O)c(-c4cc(OCCCCCC)ccc4OCCCCCC)cc4ccccc34)c2O)c1,CC(C)(C)[C@@H]1COC(C2(C3=N[C@H](C(C)(C)C)CO3)CCCCC2)=N1,2,0,30 60,10 23,-2624.71257448,-1041.378417,30.41905009255592,65.20952504627796,-34.79047495372204
81,1003,CCCCCCOc1ccc(OCCCCCC)c(-c2cc3ccccc3c(-c3c(O)c(-c4cc(OCCCCCC)ccc4OCCCCCC)cc4ccccc34)c2O)c1,CC(C)(C)[C@H]1COC(C2(C3=N[C@@H](C(C)(C)C)CO3)CCCC2)=N1,2,2,30 60,10 22,-2624.71257448,-1002.119896,-33.98392008838654,33.00803995580673,-66.99196004419326
81,1004,CCCCCCOc1ccc(OCCCCCC)c(-c2cc3ccccc3c(-c3c(O)c(-c4cc(OCCCCCC)ccc4OCCCCCC)cc4ccccc34)c2O)c1,CC(C)(C)[C@H]1COC(C2(C3=N[C@@H](C(C)(C)C)CO3)CCC2)=N1,2,0,30 60,10 21,-2624.71257448,-962.8318746,-23.769813326246343,38.115093336876825,-61.884906663123175
81,1005,CCCCCCOc1ccc(OCCCCCC)c(-c2cc3ccccc3c(-c3c(O)c(-c4cc(OCCCCCC)ccc4OCCCCCC)cc4ccccc34)c2O)c1,CC(C)(C)[C@@H]1COC(C2(C3=N[C@H](C(C)(C)C)CO3)CC2)=N1,2,2,30 60,10 20,-2624.71257448,-923.5694488,47.48341053527784,73.74170526763892,-26.25829473236108
81,1006,CCCCCCOc1ccc(OCCCCCC)c(-c2cc3ccccc3c(-c3c(O)c(-c4cc(OCCCCCC)ccc4OCCCCCC)cc4ccccc34)c2O)c1,CC(C)(C)[C@@H]1COC(CC2=N[C@H](C(C)(C)C)CO2)=N1,2,1,30 60,10 18,-2624.71257448,-846.2631981,7.5257603969080495,53.76288019845403,-46.23711980154597
81,1007,CCCCCCOc1ccc(OCCCCCC)c(-c2cc3ccccc3c(-c3c(O)c(-c4cc(OCCCCCC)ccc4OCCCCCC)cc4ccccc34)c2O)c1,CC(C)(C)[C@H]1COC(C(Cc2ccccc2)(Cc2ccccc2)C2=N[C@@H](C(C)(C)C)CO2)=N1,2,0,30 60,24 32,-2624.71257448,-1386.443314,-10.90170486272747,44.549147568636265,-55.450852431363735
81,1008,CCCCCCOc1ccc(OCCCCCC)c(-c2cc3ccccc3c(-c3c(O)c(-c4cc(OCCCCCC)ccc4OCCCCCC)cc4ccccc34)c2O)c1,CC(C)(C)[C@H]1COC(C2=N[C@@H](C(C)(C)C)CO2)=N1,2,1,30 60,9 17,-2624.71257448,-806.9917463,-8.099700381452767,45.95014980927362,-54.04985019072638
81,1009,CCCCCCOc1ccc(OCCCCCC)c(-c2cc3ccccc3c(-c3c(O)c(-c4cc(OCCCCCC)ccc4OCCCCCC)cc4ccccc34)c2O)c1,CC(C)(C)[C@H]1COC(c2ccccn2)=N1,2,0,30 60,13 14,-2624.71257448,-650.9603345,-20.631238627028363,39.68438068648582,-60.31561931351418
81,1010,CCCCCCOc1ccc(OCCCCCC)c(-c2cc3ccccc3c(-c3c(O)c(-c4cc(OCCCCCC)ccc4OCCCCCC)cc4ccccc34)c2O)c1,CC(C)(C)[C@H]1COC(c2ccc3ccccc3n2)=N1,2,0,30 60,17 18,-2624.71257448,-804.4663888,-16.51031439030522,41.744842804847394,-58.255157195152606
81,1011,CCCCCCOc1ccc(OCCCCCC)c(-c2cc3ccccc3c(-c3c(O)c(-c4cc(OCCCCCC)ccc4OCCCCCC)cc4ccccc34)c2O)c1,CC(C)(C)[C@H]1COC(c2cccc(C3=N[C@@H](C(C)(C)C)CO3)n2)=N1,2,0,30 60,23 14 22,-2624.71257448,-1053.868619,-2.429937067543385,48.785031466228304,-51.214968533771696
81,1012,CCCCCCOc1ccc(OCCCCCC)c(-c2cc3ccccc3c(-c3c(O)c(-c4cc(OCCCCCC)ccc4OCCCCCC)cc4ccccc34)c2O)c1,CC(C)(C)[C@@H]1COC(c2ccc(C(F)(F)F)cn2)=N1,2,0,30 60,17 18,-2624.71257448,-987.756862,17.740004443904187,58.87000222195209,-41.12999777804791
81,1013,CCCCCCOc1ccc(OCCCCCC)c(-c2cc3ccccc3c(-c3c(O)c(-c4cc(OCCCCCC)ccc4OCCCCCC)cc4ccccc34)c2O)c1,CC(C)(C1=N[C@@H](C(C)(C)C)CO1)c1ccccn1,2,0,30 60,17 4,-2624.71257448,-768.7447589,-7.039731985563893,46.480134007218055,-53.519865992781945
81,1014,CCCCCCOc1ccc(OCCCCCC)c(-c2cc3ccccc3c(-c3c(O)c(-c4cc(OCCCCCC)ccc4OCCCCCC)cc4ccccc34)c2O)c1,CC(C)(C)[C@@H]1COC(c2nccc3ccccc23)=N1,2,1,30 60,9 18,-2624.71257448,-804.4621747,25.604884145938964,62.802442072969484,-37.197557927030516
81,1015,CCCCCCOc1ccc(OCCCCCC)c(-c2cc3ccccc3c(-c3c(O)c(-c4cc(OCCCCCC)ccc4OCCCCCC)cc4ccccc34)c2O)c1,CC(C)(C)[C@H]1COC([C@@H]2CCCC[C@H]2C2=N[C@@H](C(C)(C)C)CO2)=N1,2,0,30 60,23 15,-2624.71257448,-1041.38254,3.6016435276534455,51.800821763826725,-48.199178236173275
81,1016,CCCCCCOc1ccc(OCCCCCC)c(-c2cc3ccccc3c(-c3c(O)c(-c4cc(OCCCCCC)ccc4OCCCCCC)cc4ccccc34)c2O)c1,CC(C)(C)[C@@H]1COC(c2ccccc2Nc2ccccc2C2=N[C@H](C(C)(C)C)CO2)=N1,2,0,30 60,22 14 30,-2624.71257448,-1323.988245,-1.0772756777986148,49.461362161100695,-50.538637838899305
81,1017,CCCCCCOc1ccc(OCCCCCC)c(-c2cc3ccccc3c(-c3c(O)c(-c4cc(OCCCCCC)ccc4OCCCCCC)cc4ccccc34)c2O)c1,CC(C)(C)[C@H]1COC(/C=c2\[n-]/c(=C\C3=N[C@@H](C(C)(C)C)CO3)c3ccccc23)=N1,2,0,30 60,10 28 14,-2624.71257448,-1246.074571,1.9560931766382597,50.97804658831913,-49.02195341168087
81,1018,CCCCCCOc1ccc(OCCCCCC)c(-c2cc3ccccc3c(-c3c(O)c(-c4cc(OCCCCCC)ccc4OCCCCCC)cc4ccccc34)c2O)c1,CC(C)(C)[C@H]1COC(c2cccc(-c3cccc(C4=N[C@@H](C(C)(C)C)CO4)n3)n2)=N1,2,0,30 60,27 19 28 29,-2624.71257448,-1300.750937,-0.2673114018566016,49.8663442990717,-50.1336557009283
81,1019,CCCCCCOc1ccc(OCCCCCC)c(-c2cc3ccccc3c(-c3c(O)c(-c4cc(OCCCCCC)ccc4OCCCCCC)cc4ccccc34)c2O)c1,CC(C)(C)[C@@H]1COC(c2cccc(-c3ccccn3)n2)=N1,2,0,30 60,18 19 20,-2624.71257448,-897.839473,12.667229956285478,56.33361497814274,-43.66638502185726
81,1020,CCCCCCOc1ccc(OCCCCCC)c(-c2cc3ccccc3c(-c3c(O)c(-c4cc(OCCCCCC)ccc4OCCCCCC)cc4ccccc34)c2O)c1,CC(C)(C)[C@@H]1COC(c2cccc(-c3ccccn3)n2)=N1,2,0,30 60,18 19 20,-2624.71257448,-897.8395764,11.861194023272972,55.930597011636486,-44.069402988363514
81,1021,CCCCCCOc1ccc(OCCCCCC)c(-c2cc3ccccc3c(-c3c(O)c(-c4cc(OCCCCCC)ccc4OCCCCCC)cc4ccccc34)c2O)c1,Cc1ccc(N2C[C@H](C(C)(C)C)N=C2C2=N[C@@H](C(C)(C)C)CN2c2ccc(C)cc2)cc1,2,0,30 60,12 15,-2624.71257448,-1307.470214,-5.879039840204898,47.06048007989755,-52.93951992010245
81,1022,CCCCCCOc1ccc(OCCCCCC)c(-c2cc3ccccc3c(-c3c(O)c(-c4cc(OCCCCCC)ccc4OCCCCCC)cc4ccccc34)c2O)c1,CC(C)[C@@H]1COC(C(C)(C)C2=N[C@H](C(C)C)CO2)=N1,2,2,30 60,18 11,-2624.71257448,-846.264983,43.4526107387981,71.72630536939906,-28.27369463060095
81,1023,CCCCCCOc1ccc(OCCCCCC)c(-c2cc3ccccc3c(-c3c(O)c(-c4cc(OCCCCCC)ccc4OCCCCCC)cc4ccccc34)c2O)c1,CC(C)[C@H]1COC(C2(C3=N[C@@H](C(C)C)CO3)CCCCC2)=N1,2,2,30 60,9 21,-2624.71257448,-962.8650477,-9.182645744762892,45.40867712761855,-54.59132287238145
81,1024,CCCCCCOc1ccc(OCCCCCC)c(-c2cc3ccccc3c(-c3c(O)c(-c4cc(OCCCCCC)ccc4OCCCCCC)cc4ccccc34)c2O)c1,CC(C)[C@H]1COC(C2(C3=N[C@@H](C(C)C)CO3)CCCC2)=N1,2,0,30 60,9 20,-2624.71257448,-923.5979956,-13.986563382030857,43.006718308984574,-56.993281691015426
81,1025,CCCCCCOc1ccc(OCCCCCC)c(-c2cc3ccccc3c(-c3c(O)c(-c4cc(OCCCCCC)ccc4OCCCCCC)cc4ccccc34)c2O)c1,CC(C)[C@H]1COC(C2(C3=N[C@@H](C(C)C)CO3)CC2)=N1,2,0,30 60,9 18,-2624.71257448,-845.0470679,-34.901431540359404,32.5492842298203,-67.4507157701797
81,1026,CCCCCCOc1ccc(OCCCCCC)c(-c2cc3ccccc3c(-c3c(O)c(-c4cc(OCCCCCC)ccc4OCCCCCC)cc4ccccc34)c2O)c1,CC(C)[C@@H]1COC(CC2=N[C@H](C(C)C)CO2)=N1,2,3,30 60,16 9,-2624.71257448,-767.7407516,1.232789163293571,50.61639458164679,-49.38360541835321
81,1027,CCCCCCOc1ccc(OCCCCCC)c(-c2cc3ccccc3c(-c3c(O)c(-c4cc(OCCCCCC)ccc4OCCCCCC)cc4ccccc34)c2O)c1,CC(C)[C@H]1COC(C(C)(Cc2ccccc2)C2=N[C@@H](C(C)C)CO2)=N1,2,0,30 60,24 17,-2624.71257448,-1077.094636,-27.564452865122927,36.217773567438535,-63.782226432561465
81,1028,CCCCCCOc1ccc(OCCCCCC)c(-c2cc3ccccc3c(-c3c(O)c(-c4cc(OCCCCCC)ccc4OCCCCCC)cc4ccccc34)c2O)c1,CC(C)[C@@H]1COC(C(Cc2ccccc2)(Cc2ccccc2)C2=N[C@H](C(C)C)CO2)=N1,2,1,30 60,30 23,-2624.71257448,-1307.925837,17.053794282892007,58.526897141446,-41.473102858554
81,1029,CCCCCCOc1ccc(OCCCCCC)c(-c2cc3ccccc3c(-c3c(O)c(-c4cc(OCCCCCC)ccc4OCCCCCC)cc4ccccc34)c2O)c1,CC(C)[C@H]1COC(C(Cc2ccc(C(C)(C)C)cc2)(Cc2ccc(C(C)(C)C)cc2)C2=N[C@@H](C(C)C)CO2)=N1,2,0,30 60,38 31,-2624.71257448,-1622.00837,-6.917018660392873,46.541490669803565,-53.458509330196435
81,1030,CCCCCCOc1ccc(OCCCCCC)c(-c2cc3ccccc3c(-c3c(O)c(-c4cc(OCCCCCC)ccc4OCCCCCC)cc4ccccc34)c2O)c1,CC(C)[C@@H]1COC(C2=N[C@H](C(C)C)CO2)=N1,2,0,30 60,8 15,-2624.71257448,-728.4699348,26.138414249496435,63.06920712474822,-36.93079287525178
81,1031,CCCCCCOc1ccc(OCCCCCC)c(-c2cc3ccccc3c(-c3c(O)c(-c4cc(OCCCCCC)ccc4OCCCCCC)cc4ccccc34)c2O)c1,CC(C)[C@H]1COC(c2ccccn2)=N1,2,0,30 60,12 13,-2624.71257448,-611.69952,-24.59223114887178,37.70388442556411,-62.29611557443589
81,1032,CCCCCCOc1ccc(OCCCCCC)c(-c2cc3ccccc3c(-c3c(O)c(-c4cc(OCCCCCC)ccc4OCCCCCC)cc4ccccc34)c2O)c1,CC(C)[C@@H]1COC(c2ccc3ccccc3n2)=N1,2,0,30 60,16 17,-2624.71257448,-765.2054016,22.131299539279766,61.06564976963988,-38.93435023036012
81,1033,CCCCCCOc1ccc(OCCCCCC)c(-c2cc3ccccc3c(-c3c(O)c(-c4cc(OCCCCCC)ccc4OCCCCCC)cc4ccccc34)c2O)c1,CC(C)[C@@H]1COC(c2cccc(C3=N[C@H](C(C)C)CO3)n2)=N1,2,0,30 60,21 20 13,-2624.71257448,-975.3489125,14.480692635918448,57.24034631795922,-42.75965368204078
81,1034,CCCCCCOc1ccc(OCCCCCC)c(-c2cc3ccccc3c(-c3c(O)c(-c4cc(OCCCCCC)ccc4OCCCCCC)cc4ccccc34)c2O)c1,CC(C)[C@H]1COC(c2ccc(C(F)(F)F)cn2)=N1,2,0,30 60,16 17,-2624.71257448,-948.4960275,-16.9387771797402,41.5306114101299,-58.4693885898701
81,1035,CCCCCCOc1ccc(OCCCCCC)c(-c2cc3ccccc3c(-c3c(O)c(-c4cc(OCCCCCC)ccc4OCCCCCC)cc4ccccc34)c2O)c1,CC(C)[C@@H]1COC(Cc2ccccn2)=N1,2,0,30 60,13 14,-2624.71257448,-650.9622206,10.689737401762073,55.34486870088104,-44.65513129911896
81,1036,CCCCCCOc1ccc(OCCCCCC)c(-c2cc3ccccc3c(-c3c(O)c(-c4cc(OCCCCCC)ccc4OCCCCCC)cc4ccccc34)c2O)c1,CC(C)[C@@H]1COC(c2nccc3ccccc23)=N1,2,0,30 60,8 17,-2624.71257448,-765.2009547,27.172551565225206,63.5862757826126,-36.4137242173874
81,1037,CCCCCCOc1ccc(OCCCCCC)c(-c2cc3ccccc3c(-c3c(O)c(-c4cc(OCCCCCC)ccc4OCCCCCC)cc4ccccc34)c2O)c1,CC(C)[C@@H]1COC(c2ccc3cccnc3n2)=N1,2,0,30 60,16 17,-2624.71257448,-781.2378695,8.89831642148175,54.449158210740876,-45.550841789259124
81,1038,CCCCCCOc1ccc(OCCCCCC)c(-c2cc3ccccc3c(-c3c(O)c(-c4cc(OCCCCCC)ccc4OCCCCCC)cc4ccccc34)c2O)c1,CC(C)C[C@H]1COC(c2ccccc2P(c2ccccc2)c2ccccc2C2=N[C@@H](CC(C)C)CO2)=N1,2,0,30 60,28 14 36,-2624.71257448,-1841.351686,1.3538500556476443,50.67692502782382,-49.32307497217618
81,1039,CCCCCCOc1ccc(OCCCCCC)c(-c2cc3ccccc3c(-c3c(O)c(-c4cc(OCCCCCC)ccc4OCCCCCC)cc4ccccc34)c2O)c1,CC(C)[C@H]1COC(c2cccc3c2oc2c(C4=N[C@@H](C(C)C)CO4)cccc23)=N1,2,0,30 60,17 28 13,-2624.71257448,-1264.139226,-3.687887066288175,48.156056466855915,-51.843943533144085
81,1040,CCCCCCOc1ccc(OCCCCCC)c(-c2cc3ccccc3c(-c3c(O)c(-c4cc(OCCCCCC)ccc4OCCCCCC)cc4ccccc34)c2O)c1,CC(C)[C@H]1COC(c2cccc(C3=N[C@@H](C(C)C)CO3)c2)=N1,2,1,30 60,21 13,-2624.71257448,-959.3224258,-7.149652437812218,46.42517378109389,-53.57482621890611
81,1041,CCCCCCOc1ccc(OCCCCCC)c(-c2cc3ccccc3c(-c3c(O)c(-c4cc(OCCCCCC)ccc4OCCCCCC)cc4ccccc34)c2O)c1,CC(C)c1cccc(N2C[C@H](C(C)C)N=C2C2=N[C@@H](C(C)C)CN2c2cccc(C(C)C)c2)c1,2,0,30 60,14 17,-2624.71257448,-1385.989932,-5.389794722511562,47.305102638744216,-52.694897361255784
81,1042,CCCCCCOc1ccc(OCCCCCC)c(-c2cc3ccccc3c(-c3c(O)c(-c4cc(OCCCCCC)ccc4OCCCCCC)cc4ccccc34)c2O)c1,CC(C)[C@H]1CN(c2ccc(C(F)(F)F)cc2)C(C2=N[C@@H](C(C)C)CN2c2ccc(C(F)(F)F)cc2)=N1,2,0,30 60,18 35,-2624.71257448,-1824.017689,-4.105686354350487,47.94715682282476,-52.05284317717524
81,1043,CCCCCCOc1ccc(OCCCCCC)c(-c2cc3ccccc3c(-c3c(O)c(-c4cc(OCCCCCC)ccc4OCCCCCC)cc4ccccc34)c2O)c1,Cc1ccc(N2C[C@H](C(C)C)N=C2C2=N[C@@H](C(C)C)CN2c2ccc(C)cc2)cc1,2,0,30 60,11 14,-2624.71257448,-1228.948101,-2.7342213648621665,48.63288931756892,-51.36711068243108
81,1044,CCCCCCOc1ccc(OCCCCCC)c(-c2cc3ccccc3c(-c3c(O)c(-c4cc(OCCCCCC)ccc4OCCCCCC)cc4ccccc34)c2O)c1,CC(C)[C@H]1COC(/C(C#N)=C2\[N-][C@@H](C(C)C)CO2)=N1,2,6,30 60,11 18,-2624.71257448,-859.3852808,-1.949806157174685,49.025096921412654,-50.974903078587346
81,1045,CCCCCCOc1ccc(OCCCCCC)c(-c2cc3ccccc3c(-c3c(O)c(-c4cc(OCCCCCC)ccc4OCCCCCC)cc4ccccc34)c2O)c1,CC(C)[C@H]1N=C(c2cccc(C3=N[C@H](C(C)C)C(c4ccccc4)(c4ccccc4)O3)n2)OC1(c1ccccc1)c1ccccc1,2,0,30 60,4 12 31,-2624.71257448,-1898.675751,5.057673895421448,52.52883694771072,-47.47116305228928
81,1046,CCCCCCOc1ccc(OCCCCCC)c(-c2cc3ccccc3c(-c3c(O)c(-c4cc(OCCCCCC)ccc4OCCCCCC)cc4ccccc34)c2O)c1,CC(C)(C1=N[C@H](c2ccccc2)CO1)C1=N[C@H](c2ccccc2)CO1,2,4,30 60,4 15,-2624.71257448,-1072.360523,39.250819562106805,69.6254097810534,-30.374590218946597
81,1047,CCCCCCOc1ccc(OCCCCCC)c(-c2cc3ccccc3c(-c3c(O)c(-c4cc(OCCCCCC)ccc4OCCCCCC)cc4ccccc34)c2O)c1,c1ccc([C@@H]2COC(C3(C4=N[C@H](c5ccccc5)CO4)CCCCC3)=N2)cc1,2,1,30 60,25 10,-2624.71257448,-1188.961784,28.31596537946578,64.15798268973289,-35.84201731026711
81,1048,CCCCCCOc1ccc(OCCCCCC)c(-c2cc3ccccc3c(-c3c(O)c(-c4cc(OCCCCCC)ccc4OCCCCCC)cc4ccccc34)c2O)c1,c1ccc([C@H]2COC(C3(C4=N[C@@H](c5ccccc5)CO4)CCCC3)=N2)cc1,2,1,30 60,24 10,-2624.71257448,-1149.693678,-29.868280051321914,35.06585997433904,-64.93414002566095
81,1049,CCCCCCOc1ccc(OCCCCCC)c(-c2cc3ccccc3c(-c3c(O)c(-c4cc(OCCCCCC)ccc4OCCCCCC)cc4ccccc34)c2O)c1,c1ccc([C@@H]2COC(C3(C4=N[C@H](c5ccccc5)CO4)CCC3)=N2)cc1,2,0,30 60,10 23,-2624.71257448,-1110.405334,17.362876326397384,58.68143816319869,-41.31856183680131
81,1050,CCCCCCOc1ccc(OCCCCCC)c(-c2cc3ccccc3c(-c3c(O)c(-c4cc(OCCCCCC)ccc4OCCCCCC)cc4ccccc34)c2O)c1,c1ccc([C@@H]2COC(C3(C4=N[C@H](c5ccccc5)CO4)CC3)=N2)cc1,2,0,30 60,10 22,-2624.71257448,-1071.142417,31.03823336188629,65.51911668094314,-34.48088331905686
81,1051,CCCCCCOc1ccc(OCCCCCC)c(-c2cc3ccccc3c(-c3c(O)c(-c4cc(OCCCCCC)ccc4OCCCCCC)cc4ccccc34)c2O)c1,c1ccc(CC(Cc2ccccc2)(C2=N[C@@H](c3ccccc3)CO2)C2=N[C@@H](c3ccccc3)CO2)cc1,2,2,30 60,25 14,-2624.71257448,-1534.023098,-12.936362129100836,43.53181893544958,-56.46818106455042
81,1052,CCCCCCOc1ccc(OCCCCCC)c(-c2cc3ccccc3c(-c3c(O)c(-c4cc(OCCCCCC)ccc4OCCCCCC)cc4ccccc34)c2O)c1,CC(Cc1ccccc1)(C1=N[C@@H](c2ccccc2)CO1)C1=N[C@@H](c2ccccc2)CO1,2,0,30 60,10 21,-2624.71257448,-1303.193117,-9.123809230867064,45.438095384566466,-54.561904615433534
81,1053,CCCCCCOc1ccc(OCCCCCC)c(-c2cc3ccccc3c(-c3c(O)c(-c4cc(OCCCCCC)ccc4OCCCCCC)cc4ccccc34)c2O)c1,CC(C)(C)c1ccc(CC(Cc2ccc(C(C)(C)C)cc2)(C2=N[C@@H](c3ccccc3)CO2)C2=N[C@@H](c3ccccc3)CO2)cc1,2,0,30 60,33 22,-2624.71257448,-1848.107801,-8.706767589054238,45.64661620547288,-54.35338379452712
81,1054,CCCCCCOc1ccc(OCCCCCC)c(-c2cc3ccccc3c(-c3c(O)c(-c4cc(OCCCCCC)ccc4OCCCCCC)cc4ccccc34)c2O)c1,c1ccc([C@H]2COC(C3=N[C@@H](c4ccccc4)CO3)=N2)cc1,2,0,30 60,9 19,-2624.71257448,-954.5647571,-11.018489448118988,44.49075527594051,-55.50924472405949
81,1055,CCCCCCOc1ccc(OCCCCCC)c(-c2cc3ccccc3c(-c3c(O)c(-c4cc(OCCCCCC)ccc4OCCCCCC)cc4ccccc34)c2O)c1,c1ccc([C@@H]2COC(c3ccccn3)=N2)cc1,2,0,30 60,13 14,-2624.71257448,-724.746776,11.698005824310652,55.84900291215533,-44.15099708784467
81,1056,CCCCCCOc1ccc(OCCCCCC)c(-c2cc3ccccc3c(-c3c(O)c(-c4cc(OCCCCCC)ccc4OCCCCCC)cc4ccccc34)c2O)c1,c1ccc([C@H]2COC(c3ccc4ccccc4n3)=N2)cc1,2,0,30 60,17 18,-2624.71257448,-878.2528728,-12.264026845145976,43.86798657742701,-56.13201342257299
81,1057,CCCCCCOc1ccc(OCCCCCC)c(-c2cc3ccccc3c(-c3c(O)c(-c4cc(OCCCCCC)ccc4OCCCCCC)cc4ccccc34)c2O)c1,c1ccc([C@H]2COC(c3cccc(C4=N[C@@H](c5ccccc5)CO4)n3)=N2)cc1,2,0,30 60,24 25 14,-2624.71257448,-1201.443303,-9.11472331053605,45.442638344731975,-54.557361655268025
81,1058,CCCCCCOc1ccc(OCCCCCC)c(-c2cc3ccccc3c(-c3c(O)c(-c4cc(OCCCCCC)ccc4OCCCCCC)cc4ccccc34)c2O)c1,c1ccc([C@H]2COC(CC3=N[C@@H](c4ccccc4)CO3)=N2)cc1,2,0,30 60,10 20,-2624.71257448,-993.8362822,-6.960019150479333,46.51999042476034,-53.48000957523966
81,1059,CCCCCCOc1ccc(OCCCCCC)c(-c2cc3ccccc3c(-c3c(O)c(-c4cc(OCCCCCC)ccc4OCCCCCC)cc4ccccc34)c2O)c1,c1ccc([C@H]2COC(c3nccc4ccccc34)=N2)cc1,2,0,30 60,9 18,-2624.71257448,-878.2485743,-24.761153900397332,37.619423049801334,-62.380576950198666
81,1060,CCCCCCOc1ccc(OCCCCCC)c(-c2cc3ccccc3c(-c3c(O)c(-c4cc(OCCCCCC)ccc4OCCCCCC)cc4ccccc34)c2O)c1,CC(C)(C1=N[C@@H](c2ccccc2)C(c2ccccc2)(c2ccccc2)O1)C1=N[C@@H](c2ccccc2)C(c2ccccc2)(c2ccccc2)O1,2,1,30 60,27 4,-2624.71257448,-1995.694324,-18.223772075290142,40.88811396235493,-59.11188603764507
81,1061,CCCCCCOc1ccc(OCCCCCC)c(-c2cc3ccccc3c(-c3c(O)c(-c4cc(OCCCCCC)ccc4OCCCCCC)cc4ccccc34)c2O)c1,C(\C1=N[C@H](c2ccccc2)CO1)=c1\[n-]/c(=C\C2=N[C@H](c3ccccc3)CO2)c2ccccc12,2,0,30 60,17 2 13,-2624.71257448,-1393.650658,1.3893690322879326,50.694684516143965,-49.305315483856035
81,1062,CCCCCCOc1ccc(OCCCCCC)c(-c2cc3ccccc3c(-c3c(O)c(-c4cc(OCCCCCC)ccc4OCCCCCC)cc4ccccc34)c2O)c1,c1ccc([C@H]2COC(c3ccccc3Nc3ccccc3C3=N[C@@H](c4ccccc4)CO3)=N2)cc1,2,0,30 60,32 14 22,-2624.71257448,-1471.560923,-2.762045059365935,48.618977470317034,-51.381022529682966
81,1063,CCCCCCOc1ccc(OCCCCCC)c(-c2cc3ccccc3c(-c3c(O)c(-c4cc(OCCCCCC)ccc4OCCCCCC)cc4ccccc34)c2O)c1,N#C/C(C1=N[C@@H](c2ccccc2)CO1)=C1/[N-][C@@H](c2ccccc2)CO1,2,2,30 60,4 15,-2624.71257448,-1085.486043,-2.9974258329622305,48.50128708351888,-51.49871291648112
81,1064,CCCCCCOc1ccc(OCCCCCC)c(-c2cc3ccccc3c(-c3c(O)c(-c4cc(OCCCCCC)ccc4OCCCCCC)cc4ccccc34)c2O)c1,c1ccc([C@H]2COC(c3cccc(C4=N[C@@H](c5ccccc5)CO4)c3)=N2)cc1,2,2,30 60,25 14,-2624.71257448,-1185.417111,-9.551394710289138,45.22430264485543,-54.77569735514457
81,1065,CCCCCCOc1ccc(OCCCCCC)c(-c2cc3ccccc3c(-c3c(O)c(-c4cc(OCCCCCC)ccc4OCCCCCC)cc4ccccc34)c2O)c1,c1ccc([C@H]2COC(c3cccc4c3oc3c(C5=N[C@@H](c6ccccc6)CO5)cccc34)=N2)cc1,2,1,30 60,32 18 14,-2624.71257448,-1490.233608,-4.8460786705932195,47.57696066470339,-52.42303933529661
81,1066,CCCCCCOc1ccc(OCCCCCC)c(-c2cc3ccccc3c(-c3c(O)c(-c4cc(OCCCCCC)ccc4OCCCCCC)cc4ccccc34)c2O)c1,C(\C1=N[C@H](c2ccccc2)CO1)=c1\o/c(=C\C2=N[C@H](c3ccccc3)CO2)c2ccccc12,2,0,30 60,17 2 13,-2624.71257448,-1414.040486,1.7953521305703735,50.89767606528519,-49.10232393471481
81,1067,CCCCCCOc1ccc(OCCCCCC)c(-c2cc3ccccc3c(-c3c(O)c(-c4cc(OCCCCCC)ccc4OCCCCCC)cc4ccccc34)c2O)c1,CC(C)(C1=N[C@@H]2c3ccccc3C[C@@H]2O1)C1=N[C@@H]2c3ccccc3C[C@@H]2O1,2,0,30 60,16 4,-2624.71257448,-1148.533419,18.879780281828648,59.43989014091432,-40.56010985908568
81,1068,CCCCCCOc1ccc(OCCCCCC)c(-c2cc3ccccc3c(-c3c(O)c(-c4cc(OCCCCCC)ccc4OCCCCCC)cc4ccccc34)c2O)c1,c1ccc2c(c1)C[C@H]1OC(C3(C4=N[C@H]5c6ccccc6C[C@H]5O4)CCCCC3)=N[C@@H]21,2,0,30 60,12 28,-2624.71257448,-1265.120113,-44.6666191561455,27.66669042192725,-72.33330957807274
81,1069,CCCCCCOc1ccc(OCCCCCC)c(-c2cc3ccccc3c(-c3c(O)c(-c4cc(OCCCCCC)ccc4OCCCCCC)cc4ccccc34)c2O)c1,c1ccc2c(c1)C[C@@H]1OC(C3(C4=N[C@@H]5c6ccccc6C[C@@H]5O4)CCCC3)=N[C@H]21,2,0,30 60,27 12,-2624.71257448,-1225.865898,26.44135185502735,63.220675927513675,-36.779324072486325
81,1070,CCCCCCOc1ccc(OCCCCCC)c(-c2cc3ccccc3c(-c3c(O)c(-c4cc(OCCCCCC)ccc4OCCCCCC)cc4ccccc34)c2O)c1,c1ccc2c(c1)C[C@@H]1OC(C3(C4=N[C@@H]5c6ccccc6C[C@@H]5O4)CCC3)=N[C@H]21,2,3,30 60,26 12,-2624.71257448,-1186.577848,7.957676932408182,53.97883846620409,-46.02116153379591
81,1071,CCCCCCOc1ccc(OCCCCCC)c(-c2cc3ccccc3c(-c3c(O)c(-c4cc(OCCCCCC)ccc4OCCCCCC)cc4ccccc34)c2O)c1,c1ccc2c(c1)C[C@H]1OC(C3(C4=N[C@H]5c6ccccc6C[C@H]5O4)CC3)=N[C@@H]21,2,0,30 60,25 12,-2624.71257448,-1147.313977,-52.47817792196393,23.760911039018033,-76.23908896098197
81,1072,CCCCCCOc1ccc(OCCCCCC)c(-c2cc3ccccc3c(-c3c(O)c(-c4cc(OCCCCCC)ccc4OCCCCCC)cc4ccccc34)c2O)c1,CCC(CC)(C1=N[C@H]2c3ccccc3C[C@H]2O1)C1=N[C@H]2c3ccccc3C[C@H]2O1,2,0,30 60,18 6,-2624.71257448,-1227.050677,-46.41685054426273,26.791574727868635,-73.20842527213136
81,1073,CCCCCCOc1ccc(OCCCCCC)c(-c2cc3ccccc3c(-c3c(O)c(-c4cc(OCCCCCC)ccc4OCCCCCC)cc4ccccc34)c2O)c1,c1ccc(CC(Cc2ccccc2)(C2=N[C@@H]3c4ccccc4C[C@@H]3O2)C2=N[C@@H]3c4ccccc4C[C@@H]3O2)cc1,2,0,30 60,26 14,-2624.71257448,-1610.184387,-0.5960425493849977,49.7019787253075,-50.2980212746925
81,1074,CCCCCCOc1ccc(OCCCCCC)c(-c2cc3ccccc3c(-c3c(O)c(-c4cc(OCCCCCC)ccc4OCCCCCC)cc4ccccc34)c2O)c1,CC(Cc1ccccc1)(C1=N[C@H]2c3ccccc3C[C@H]2O1)C1=N[C@H]2c3ccccc3C[C@H]2O1,2,0,30 60,10 22,-2624.71257448,-1379.360112,-0.2939875726044239,49.85300621369779,-50.14699378630221
81,1075,CCCCCCOc1ccc(OCCCCCC)c(-c2cc3ccccc3c(-c3c(O)c(-c4cc(OCCCCCC)ccc4OCCCCCC)cc4ccccc34)c2O)c1,CC(C)(C)c1ccc(CC(Cc2ccc(C(C)(C)C)cc2)(C2=N[C@@H]3c4ccccc4C[C@@H]3O2)C2=N[C@@H]3c4ccccc4C[C@@H]3O2)cc1,2,0,30 60,34 22,-2624.71257448,-1924.267304,17.465133201995055,58.73256660099753,-41.26743339900247
81,1076,CCCCCCOc1ccc(OCCCCCC)c(-c2cc3ccccc3c(-c3c(O)c(-c4cc(OCCCCCC)ccc4OCCCCCC)cc4ccccc34)c2O)c1,CC(C)(C)c1cc(CC(Cc2cc(C(C)(C)C)cc(C(C)(C)C)c2)(C2=N[C@H]3c4ccccc4C[C@H]3O2)C2=N[C@H]3c4ccccc4C[C@H]3O2)cc(C(C)(C)C)c1,2,1,30 60,25 37,-2624.71257448,-2238.36189,-13.04398746145016,43.47800626927492,-56.52199373072508
81,1077,CCCCCCOc1ccc(OCCCCCC)c(-c2cc3ccccc3c(-c3c(O)c(-c4cc(OCCCCCC)ccc4OCCCCCC)cc4ccccc34)c2O)c1,c1ccc2c(c1)CC(C1=N[C@@H]3c4ccccc4C[C@@H]3O1)(C1=N[C@@H]3c4ccccc4C[C@@H]3O1)C2,2,0,30 60,9 21,-2624.71257448,-1378.182059,14.189575390625766,57.09478769531288,-42.90521230468712
81,1078,CCCCCCOc1ccc(OCCCCCC)c(-c2cc3ccccc3c(-c3c(O)c(-c4cc(OCCCCCC)ccc4OCCCCCC)cc4ccccc34)c2O)c1,c1ccc2c(c1)C[C@H]1OC(CC3=N[C@H]4c5ccccc5C[C@H]4O3)=N[C@@H]21,2,0,30 60,12 23,-2624.71257448,-1070.004928,-2.1741926589996035,48.9129036705002,-51.0870963294998
81,1079,CCCCCCOc1ccc(OCCCCCC)c(-c2cc3ccccc3c(-c3c(O)c(-c4cc(OCCCCCC)ccc4OCCCCCC)cc4ccccc34)c2O)c1,c1ccc(C2=N[C@H]3c4ccccc4C[C@H]3O2)nc1,2,0,30 60,16 5,-2624.71257448,-762.8325198,-19.004922119599982,40.49753894020001,-59.50246105979999
81,1080,CCCCCCOc1ccc(OCCCCCC)c(-c2cc3ccccc3c(-c3c(O)c(-c4cc(OCCCCCC)ccc4OCCCCCC)cc4ccccc34)c2O)c1,c1ccc2c(c1)C[C@H]1OC(c3ccc4ccccc4n3)=N[C@@H]21,2,0,30 60,19 20,-2624.71257448,-916.3386498,-10.784600598724829,44.60769970063758,-55.39230029936242
81,1081,CCCCCCOc1ccc(OCCCCCC)c(-c2cc3ccccc3c(-c3c(O)c(-c4cc(OCCCCCC)ccc4OCCCCCC)cc4ccccc34)c2O)c1,c1ccc2c(c1)C[C@@H]1OC(c3nccc4ccccc34)=N[C@H]21,2,0,30 60,11 20,-2624.71257448,-916.3345383,26.121776348068952,63.060888174034474,-36.939111825965526
81,1082,CCCCCCOc1ccc(OCCCCCC)c(-c2cc3ccccc3c(-c3c(O)c(-c4cc(OCCCCCC)ccc4OCCCCCC)cc4ccccc34)c2O)c1,FC(F)(F)c1ccc(C2=N[C@@H]3c4ccccc4C[C@@H]3O2)nc1,2,0,30 60,9 20,-2624.71257448,-1099.626649,3.4574517434664216,51.72872587173321,-48.27127412826679
81,1083,CCCCCCOc1ccc(OCCCCCC)c(-c2cc3ccccc3c(-c3c(O)c(-c4cc(OCCCCCC)ccc4OCCCCCC)cc4ccccc34)c2O)c1,c1cc(C2=N[C@H]3c4ccccc4C[C@H]3O2)nc(C2=N[C@H]3c4ccccc4C[C@H]3O2)c1,2,0,30 60,18 4 15,-2624.71257448,-1277.615075,-6.799309254636493,46.60034537268175,-53.39965462731825
81,1084,CCCCCCOc1ccc(OCCCCCC)c(-c2cc3ccccc3c(-c3c(O)c(-c4cc(OCCCCCC)ccc4OCCCCCC)cc4ccccc34)c2O)c1,c1ccc2c(c1)C[C@H]1OC(C3=N[C@H]4c5ccccc5C[C@H]4O3)=N[C@@H]21,2,0,30 60,11 22,-2624.71257448,-1030.735569,-30.155502854753447,34.922248572623275,-65.07775142737673
81,1085,CCCCCCOc1ccc(OCCCCCC)c(-c2cc3ccccc3c(-c3c(O)c(-c4cc(OCCCCCC)ccc4OCCCCCC)cc4ccccc34)c2O)c1,c1ccc(-c2cccc(C3=N[C@H]4c5ccccc5C[C@H]4O3)n2)nc1,2,0,30 60,10 21 22,-2624.71257448,-1009.709879,-10.461947567211073,44.769026216394465,-55.230973783605535
81,1086,CCCCCCOc1ccc(OCCCCCC)c(-c2cc3ccccc3c(-c3c(O)c(-c4cc(OCCCCCC)ccc4OCCCCCC)cc4ccccc34)c2O)c1,c1ccc(-c2cccc(C3=N[C@@H]4c5ccccc5C[C@@H]4O3)n2)cc1,2,0,30 60,10 21,-2624.71257448,-993.6729656,3.229827625420727,51.61491381271036,-48.38508618728964
81,1087,CCCCCCOc1ccc(OCCCCCC)c(-c2cc3ccccc3c(-c3c(O)c(-c4cc(OCCCCCC)ccc4OCCCCCC)cc4ccccc34)c2O)c1,O=C(Nc1ccccc1C1=N[C@@H]2c3ccccc3C[C@@H]2O1)c1ccccc1P(c1ccccc1)c1ccccc1,2,0,30 60,2 10,-2624.71257448,-1949.73391,1.978993993864644,50.989496996932324,-49.010503003067676
81,1088,CCCCCCOc1ccc(OCCCCCC)c(-c2cc3ccccc3c(-c3c(O)c(-c4cc(OCCCCCC)ccc4OCCCCCC)cc4ccccc34)c2O)c1,O=C(Nc1cccc(C(F)(F)F)c1C1=N[C@@H]2c3ccccc3C[C@@H]2O1)c1ccccc1P(c1ccccc1)c1ccccc1,2,1,30 60,2 14,-2624.71257448,-2286.515962,4.396192389123561,52.19809619456178,-47.80190380543822
81,1089,CCCCCCOc1ccc(OCCCCCC)c(-c2cc3ccccc3c(-c3c(O)c(-c4cc(OCCCCCC)ccc4OCCCCCC)cc4ccccc34)c2O)c1,CC(CC1=N[C@H]2c3ccccc3C[C@@H]2O1)(C1=N[C@H]2c3ccccc3C[C@H]2O1)C1=N[C@H]2c3ccccc3C[C@H]2O1,2,0,30 60,16 28,-2624.71257448,-1663.278129,-5.5999896106207325,47.20000519468963,-52.79999480531037
81,1090,CCCCCCOc1ccc(OCCCCCC)c(-c2cc3ccccc3c(-c3c(O)c(-c4cc(OCCCCCC)ccc4OCCCCCC)cc4ccccc34)c2O)c1,CC(C)(C1=N[C@H](Cc2ccccc2)CO1)C1=N[C@H](Cc2ccccc2)CO1,2,0,30 60,16 4,-2624.71257448,-1150.888196,32.03925558398738,66.01962779199368,-33.980372208006315
81,1091,CCCCCCOc1ccc(OCCCCCC)c(-c2cc3ccccc3c(-c3c(O)c(-c4cc(OCCCCCC)ccc4OCCCCCC)cc4ccccc34)c2O)c1,c1ccc(C[C@H]2COC(C3(C4=N[C@@H](Cc5ccccc5)CO4)CCCCC3)=N2)cc1,2,0,30 60,27 11,-2624.71257448,-1267.472166,-16.286240391252456,41.856879804373776,-58.143120195626224
81,1092,CCCCCCOc1ccc(OCCCCCC)c(-c2cc3ccccc3c(-c3c(O)c(-c4cc(OCCCCCC)ccc4OCCCCCC)cc4ccccc34)c2O)c1,c1ccc(C[C@H]2COC(C3(C4=N[C@@H](Cc5ccccc5)CO4)CCCC3)=N2)cc1,2,1,30 60,26 11,-2624.71257448,-1228.21857,-24.654697667725692,37.67265116613716,-62.32734883386284
81,1093,CCCCCCOc1ccc(OCCCCCC)c(-c2cc3ccccc3c(-c3c(O)c(-c4cc(OCCCCCC)ccc4OCCCCCC)cc4ccccc34)c2O)c1,c1ccc(C[C@H]2COC(C3(C4=N[C@@H](Cc5ccccc5)CO4)CCC3)=N2)cc1,2,0,30 60,25 11,-2624.71257448,-1188.932527,-9.810251514032213,45.09487424298389,-54.90512575701611
81,1094,CCCCCCOc1ccc(OCCCCCC)c(-c2cc3ccccc3c(-c3c(O)c(-c4cc(OCCCCCC)ccc4OCCCCCC)cc4ccccc34)c2O)c1,c1ccc(C[C@H]2COC(C3(C4=N[C@@H](Cc5ccccc5)CO4)CC3)=N2)cc1,2,0,30 60,24 11,-2624.71257448,-1149.663336,-21.940558588751372,39.029720705624314,-60.970279294375686
81,1095,CCCCCCOc1ccc(OCCCCCC)c(-c2cc3ccccc3c(-c3c(O)c(-c4cc(OCCCCCC)ccc4OCCCCCC)cc4ccccc34)c2O)c1,CC(Cc1ccccc1)(C1=N[C@H](Cc2ccccc2)CO1)C1=N[C@H](Cc2ccccc2)CO1,2,0,30 60,10 22,-2624.71257448,-1381.707279,13.121853437220015,56.560926718610006,-43.439073281389994
81,1096,CCCCCCOc1ccc(OCCCCCC)c(-c2cc3ccccc3c(-c3c(O)c(-c4cc(OCCCCCC)ccc4OCCCCCC)cc4ccccc34)c2O)c1,c1ccc(C[C@H]2COC(C(Cc3ccccc3)(Cc3ccccc3)C3=N[C@@H](Cc4ccccc4)CO3)=N2)cc1,2,0,30 60,25 36,-2624.71257448,-1612.547877,-3.2179807374606426,48.39100963126968,-51.60899036873032
81,1097,CCCCCCOc1ccc(OCCCCCC)c(-c2cc3ccccc3c(-c3c(O)c(-c4cc(OCCCCCC)ccc4OCCCCCC)cc4ccccc34)c2O)c1,CC(C)(C)c1ccc(CC(Cc2ccc(C(C)(C)C)cc2)(C2=N[C@H](Cc3ccccc3)CO2)C2=N[C@H](Cc3ccccc3)CO2)cc1,2,0,30 60,34 22,-2624.71257448,-1926.618731,9.195694918956631,54.59784745947832,-45.40215254052168
81,1098,CCCCCCOc1ccc(OCCCCCC)c(-c2cc3ccccc3c(-c3c(O)c(-c4cc(OCCCCCC)ccc4OCCCCCC)cc4ccccc34)c2O)c1,c1ccc(C[C@@H]2COC(CC3=N[C@H](Cc4ccccc4)CO3)=N2)cc1,2,0,30 60,11 22,-2624.71257448,-1072.356973,11.566734522134379,55.78336726106719,-44.21663273893281
81,1099,CCCCCCOc1ccc(OCCCCCC)c(-c2cc3ccccc3c(-c3c(O)c(-c4cc(OCCCCCC)ccc4OCCCCCC)cc4ccccc34)c2O)c1,c1ccc(C[C@H]2COC(c3ccccn3)=N2)cc1,2,0,30 60,14 15,-2624.71257448,-764.0089485,-16.029340206760445,41.985329896619774,-58.014670103380226
81,1100,CCCCCCOc1ccc(OCCCCCC)c(-c2cc3ccccc3c(-c3c(O)c(-c4cc(OCCCCCC)ccc4OCCCCCC)cc4ccccc34)c2O)c1,c1ccc(C[C@H]2COC(c3ccc4ccccc4n3)=N2)cc1,2,0,30 60,18 19,-2624.71257448,-917.5151879,-5.597878241242921,47.20106087937854,-52.79893912062146
81,1101,CCCCCCOc1ccc(OCCCCCC)c(-c2cc3ccccc3c(-c3c(O)c(-c4cc(OCCCCCC)ccc4OCCCCCC)cc4ccccc34)c2O)c1,FC(F)(F)c1ccc(C2=N[C@@H](Cc3ccccc3)CO2)nc1,2,0,30 60,9 20,-2624.71257448,-1100.805579,-12.779268407725873,43.61036579613706,-56.38963420386294
81,1102,CCCCCCOc1ccc(OCCCCCC)c(-c2cc3ccccc3c(-c3c(O)c(-c4cc(OCCCCCC)ccc4OCCCCCC)cc4ccccc34)c2O)c1,Fc1ccc(C2=N[C@@H](Cc3ccccc3)CO2)nc1,2,0,30 60,17 6,-2624.71257448,-863.1783062,-11.785508609862548,44.10724569506873,-55.89275430493127
81,1103,CCCCCCOc1ccc(OCCCCCC)c(-c2cc3ccccc3c(-c3c(O)c(-c4cc(OCCCCCC)ccc4OCCCCCC)cc4ccccc34)c2O)c1,CC(C)(C1=N[C@@H](Cc2ccccc2)CO1)c1ccccn1,2,0,30 60,4 20,-2624.71257448,-881.7938527,-6.2043984951801985,46.8978007524099,-53.1021992475901
81,1104,CCCCCCOc1ccc(OCCCCCC)c(-c2cc3ccccc3c(-c3c(O)c(-c4cc(OCCCCCC)ccc4OCCCCCC)cc4ccccc34)c2O)c1,FC(F)(F)c1ccnc(C2=N[C@@H](Cc3ccccc3)CO2)c1,2,0,30 60,10 7,-2624.71257448,-1100.805638,-11.318121436072829,44.340939281963585,-55.659060718036415
81,1105,CCCCCCOc1ccc(OCCCCCC)c(-c2cc3ccccc3c(-c3c(O)c(-c4cc(OCCCCCC)ccc4OCCCCCC)cc4ccccc34)c2O)c1,c1ccc(C[C@@H]2COC(C3=N[C@H](Cc4ccccc4)CO3)=N2)cc1,2,0,30 60,10 21,-2624.71257448,-1033.091065,5.378348384980434,52.68917419249021,-47.31082580750979
81,1106,CCCCCCOc1ccc(OCCCCCC)c(-c2cc3ccccc3c(-c3c(O)c(-c4cc(OCCCCCC)ccc4OCCCCCC)cc4ccccc34)c2O)c1,c1ccc(C[C@@H]2COC(c3cccc(C4=N[C@H](Cc5ccccc5)CO4)n3)=N2)cc1,2,0,30 60,26 27 15,-2624.71257448,-1279.968702,10.01039567843604,55.00519783921802,-44.99480216078198
81,1107,CCCCCCOc1ccc(OCCCCCC)c(-c2cc3ccccc3c(-c3c(O)c(-c4cc(OCCCCCC)ccc4OCCCCCC)cc4ccccc34)c2O)c1,c1ccc(C[C@@H]2COC(c3cccc(C4=N[C@H](Cc5ccccc5)CO4)c3)=N2)cc1,2,0,30 60,27 15,-2624.71257448,-1263.941857,7.908869325931336,53.95443466296567,-46.04556533703433
81,1108,CCCCCCOc1ccc(OCCCCCC)c(-c2cc3ccccc3c(-c3c(O)c(-c4cc(OCCCCCC)ccc4OCCCCCC)cc4ccccc34)c2O)c1,c1ccc(C[C@H]2COC(C(Cc3ccc4ccccc4n3)(Cc3ccc4ccccc4n3)C3=N[C@@H](Cc4ccccc4)CO3)=N2)cc1,2,0,30 60,33 44,-2624.71257448,-1951.637558,-6.051224501409657,46.97438774929517,-53.02561225070483
81,1109,CCCCCCOc1ccc(OCCCCCC)c(-c2cc3ccccc3c(-c3c(O)c(-c4cc(OCCCCCC)ccc4OCCCCCC)cc4ccccc34)c2O)c1,c1ccc(C[C@@H]2COC(c3cccc4c3oc3c(C5=N[C@H](Cc6ccccc6)CO5)cccc34)=N2)cc1,2,0,30 60,34 19 15,-2624.71257448,-1568.762289,5.637463418755603,52.8187317093778,-47.1812682906222
81,1110,CCCCCCOc1ccc(OCCCCCC)c(-c2cc3ccccc3c(-c3c(O)c(-c4cc(OCCCCCC)ccc4OCCCCCC)cc4ccccc34)c2O)c1,c1ccc(C[C@@H]2COC(c3cccc(-c4cccc(C5=N[C@H](Cc6ccccc6)CO5)n4)n3)=N2)cc1,2,0,30 60,32 33 20 31,-2624.71257448,-1526.847484,4.478804864800123,52.23940243240006,-47.76059756759994
81,1111,CCCCCCOc1ccc(OCCCCCC)c(-c2cc3ccccc3c(-c3c(O)c(-c4cc(OCCCCCC)ccc4OCCCCCC)cc4ccccc34)c2O)c1,N#C/C(C1=N[C@@H](Cc2ccccc2)CO1)=C1/[N-][C@@H](Cc2ccccc2)CO1,2,0,30 60,4 16,-2624.71257448,-1164.01035,-5.579611757191102,47.21019412140445,-52.78980587859555
81,1112,CCCCCCOc1ccc(OCCCCCC)c(-c2cc3ccccc3c(-c3c(O)c(-c4cc(OCCCCCC)ccc4OCCCCCC)cc4ccccc34)c2O)c1,CC(C)(C1=N[C@H](c2ccccc2)[C@H](c2ccccc2)O1)C1=N[C@H](c2ccccc2)[C@H](c2ccccc2)O1,2,0,30 60,4 21,-2624.71257448,-1534.032214,25.91918380528288,62.95959190264144,-37.04040809735856
81,1113,CCCCCCOc1ccc(OCCCCCC)c(-c2cc3ccccc3c(-c3c(O)c(-c4cc(OCCCCCC)ccc4OCCCCCC)cc4ccccc34)c2O)c1,c1ccc([C@H]2OC(C3(C4=N[C@@H](c5ccccc5)[C@@H](c5ccccc5)O4)CCCCC3)=N[C@H]2c2ccccc2)cc1,2,3,30 60,9 30,-2624.71257448,-1650.634597,-15.385227254706031,42.30738637264699,-57.69261362735301
81,1114,CCCCCCOc1ccc(OCCCCCC)c(-c2cc3ccccc3c(-c3c(O)c(-c4cc(OCCCCCC)ccc4OCCCCCC)cc4ccccc34)c2O)c1,c1ccc([C@H]2OC(C3(C4=N[C@@H](c5ccccc5)[C@@H](c5ccccc5)O4)CCCC3)=N[C@H]2c2ccccc2)cc1,2,0,30 60,9 29,-2624.71257448,-1611.364108,-25.95414152580716,37.02292923709642,-62.97707076290358
81,1115,CCCCCCOc1ccc(OCCCCCC)c(-c2cc3ccccc3c(-c3c(O)c(-c4cc(OCCCCCC)ccc4OCCCCCC)cc4ccccc34)c2O)c1,c1ccc([C@H]2OC(C3(C4=N[C@@H](c5ccccc5)[C@@H](c5ccccc5)O4)CC3)=N[C@H]2c2ccccc2)cc1,2,0,30 60,9 27,-2624.71257448,-1532.815707,-32.269983850144044,33.86500807492798,-66.13499192507203
81,1116,CCCCCCOc1ccc(OCCCCCC)c(-c2cc3ccccc3c(-c3c(O)c(-c4cc(OCCCCCC)ccc4OCCCCCC)cc4ccccc34)c2O)c1,CC(Cc1ccccc1)(C1=N[C@H](c2ccccc2)[C@H](c2ccccc2)O1)C1=N[C@H](c2ccccc2)[C@H](c2ccccc2)O1,2,4,30 60,10 27,-2624.71257448,-1764.861718,21.157893982537693,60.57894699126885,-39.42105300873115
81,1117,CCCCCCOc1ccc(OCCCCCC)c(-c2cc3ccccc3c(-c3c(O)c(-c4cc(OCCCCCC)ccc4OCCCCCC)cc4ccccc34)c2O)c1,c1ccc(CC(Cc2ccccc2)(C2=N[C@@H](c3ccccc3)[C@@H](c3ccccc3)O2)C2=N[C@@H](c3ccccc3)[C@@H](c3ccccc3)O2)cc1,2,1,30 60,14 31,-2624.71257448,-1995.696517,-1.263752943498531,49.368123528250734,-50.631876471749266
81,1118,CCCCCCOc1ccc(OCCCCCC)c(-c2cc3ccccc3c(-c3c(O)c(-c4cc(OCCCCCC)ccc4OCCCCCC)cc4ccccc34)c2O)c1,CC(C)(C)c1ccc(CC(Cc2ccc(C(C)(C)C)cc2)(C2=N[C@@H](c3ccccc3)[C@@H](c3ccccc3)O2)C2=N[C@@H](c3ccccc3)[C@@H](c3ccccc3)O2)cc1,2,0,30 60,22 39,-2624.71257448,-2309.776028,-3.7185783318283843,48.14071083408581,-51.85928916591419
81,1119,CCCCCCOc1ccc(OCCCCCC)c(-c2cc3ccccc3c(-c3c(O)c(-c4cc(OCCCCCC)ccc4OCCCCCC)cc4ccccc34)c2O)c1,c1ccc([C@H]2N=C(CC3=N[C@H](c4ccccc4)[C@H](c4ccccc4)O3)O[C@H]2c2ccccc2)cc1,2,0,30 60,9 5,-2624.71257448,-1455.5077,15.50110392314578,57.75055196157289,-42.24944803842711
81,1120,CCCCCCOc1ccc(OCCCCCC)c(-c2cc3ccccc3c(-c3c(O)c(-c4cc(OCCCCCC)ccc4OCCCCCC)cc4ccccc34)c2O)c1,c1ccc([C@H]2OC(c3ccccn3)=N[C@H]2c2ccccc2)cc1,2,0,30 60,12 13,-2624.71257448,-955.5810827,-16.268471161993162,41.86576441900342,-58.13423558099658
81,1121,CCCCCCOc1ccc(OCCCCCC)c(-c2cc3ccccc3c(-c3c(O)c(-c4cc(OCCCCCC)ccc4OCCCCCC)cc4ccccc34)c2O)c1,c1ccc([C@H]2N=C(c3ccc4ccccc4n3)O[C@H]2c2ccccc2)cc1,2,0,30 60,16 5,-2624.71257448,-1109.087172,12.764967499838988,56.382483749919494,-43.617516250080506
81,1122,CCCCCCOc1ccc(OCCCCCC)c(-c2cc3ccccc3c(-c3c(O)c(-c4cc(OCCCCCC)ccc4OCCCCCC)cc4ccccc34)c2O)c1,FC(F)(F)c1ccc(C2=N[C@@H](c3ccccc3)[C@@H](c3ccccc3)O2)nc1,2,0,30 60,9 25,-2624.71257448,-1292.377378,-8.686502106720333,45.65674894663984,-54.34325105336016
81,1123,CCCCCCOc1ccc(OCCCCCC)c(-c2cc3ccccc3c(-c3c(O)c(-c4cc(OCCCCCC)ccc4OCCCCCC)cc4ccccc34)c2O)c1,c1ccc([C@H]2N=C(c3cccc(C4=N[C@H](c5ccccc5)[C@H](c5ccccc5)O4)n3)O[C@H]2c2ccccc2)cc1,2,1,30 60,29 13 5,-2624.71257448,-1663.108881,13.744553259155193,56.8722766295776,-43.1277233704224
81,1124,CCCCCCOc1ccc(OCCCCCC)c(-c2cc3ccccc3c(-c3c(O)c(-c4cc(OCCCCCC)ccc4OCCCCCC)cc4ccccc34)c2O)c1,N#C/C(C1=N[C@H](c2ccccc2)[C@H](c2ccccc2)O1)=C1/[N-][C@H](c2ccccc2)[C@H](c2ccccc2)O1,2,0,30 60,4 21,-2624.71257448,-1547.161777,11.588565148091757,55.79428257404588,-44.20571742595412
81,1125,CCCCCCOc1ccc(OCCCCCC)c(-c2cc3ccccc3c(-c3c(O)c(-c4cc(OCCCCCC)ccc4OCCCCCC)cc4ccccc34)c2O)c1,c1ccc([C@@H]2N=C(c3cccc4c3oc3c(C5=N[C@@H](c6ccccc6)[C@H](c6ccccc6)O5)cccc34)O[C@H]2c2ccccc2)cc1,2,0,30 60,17 13 5,-2624.71257448,-1951.910503,-2.587616754741119,48.70619162262944,-51.29380837737056
81,1126,CCCCCCOc1ccc(OCCCCCC)c(-c2cc3ccccc3c(-c3c(O)c(-c4cc(OCCCCCC)ccc4OCCCCCC)cc4ccccc34)c2O)c1,Cc1ccc(S(=O)(=O)N2C(c3cccc(C4=N[C@@H](c5ccccc5)[C@H](c5ccccc5)N4S(=O)(=O)c4ccc(C)cc4)c3)=N[C@@H](c3ccccc3)[C@@H]2c2ccccc2)cc1,2,0,30 60,16 43,-2624.71257448,-3244.251941,2.9612166781256626,51.48060833906283,-48.51939166093717
81,1127,CCCCCCOc1ccc(OCCCCCC)c(-c2cc3ccccc3c(-c3c(O)c(-c4cc(OCCCCCC)ccc4OCCCCCC)cc4ccccc34)c2O)c1,c1ccc([C@@H]2N=C(c3cccc(C4=N[C@@H](c5ccccc5)[C@H](c5ccccc5)N4)c3)N[C@H]2c2ccccc2)cc1,2,0,30 60,5 13,-2624.71257448,-1607.358369,-3.016571672387472,48.491714163806265,-51.508285836193735
81,1128,CCCCCCOc1ccc(OCCCCCC)c(-c2cc3ccccc3c(-c3c(O)c(-c4cc(OCCCCCC)ccc4OCCCCCC)cc4ccccc34)c2O)c1,C[C@H]1COC(C(C)(C)C2=N[C@@H](C)CO2)=N1,2,0,30 60,9 14,-2624.71257448,-689.222808,-1.977661734885932,49.011169132557036,-50.988830867442964
81,1129,CCCCCCOc1ccc(OCCCCCC)c(-c2cc3ccccc3c(-c3c(O)c(-c4cc(OCCCCCC)ccc4OCCCCCC)cc4ccccc34)c2O)c1,C[C@H]1COC(C(C)(Cc2ccccc2)C2=N[C@@H](C)CO2)=N1,2,0,30 60,20 15,-2624.71257448,-920.0497162,-11.614705984453337,44.19264700777333,-55.80735299222667
81,1130,CCCCCCOc1ccc(OCCCCCC)c(-c2cc3ccccc3c(-c3c(O)c(-c4cc(OCCCCCC)ccc4OCCCCCC)cc4ccccc34)c2O)c1,C[C@H]1COC(C(Cc2ccc(C(C)(C)C)cc2)(Cc2ccc(C(C)(C)C)cc2)C2=N[C@@H](C)CO2)=N1,2,0,30 60,34 29,-2624.71257448,-1464.962808,-2.6080143208635094,48.69599283956825,-51.30400716043175
81,1131,CCCCCCOc1ccc(OCCCCCC)c(-c2cc3ccccc3c(-c3c(O)c(-c4cc(OCCCCCC)ccc4OCCCCCC)cc4ccccc34)c2O)c1,C[C@@H]1COC(C(Cc2ccccc2)(Cc2ccccc2)C2=N[C@H](C)CO2)=N1,2,4,30 60,26 21,-2624.71257448,-1150.883527,3.9638951729614167,51.98194758648071,-48.01805241351929
81,1132,CCCCCCOc1ccc(OCCCCCC)c(-c2cc3ccccc3c(-c3c(O)c(-c4cc(OCCCCCC)ccc4OCCCCCC)cc4ccccc34)c2O)c1,C[C@@H]1COC(CC2=N[C@H](C)CO2)=N1,2,0,30 60,12 7,-2624.71257448,-610.6988939,2.396844250031241,51.19842212501562,-48.80157787498438
81,1133,CCCCCCOc1ccc(OCCCCCC)c(-c2cc3ccccc3c(-c3c(O)c(-c4cc(OCCCCCC)ccc4OCCCCCC)cc4ccccc34)c2O)c1,C[C@H]1COC(c2ccc(C(F)(F)F)cn2)=N1,2,0,30 60,14 15,-2624.71257448,-869.9753069,-9.086233475854604,45.4568832620727,-54.5431167379273
81,1134,CCCCCCOc1ccc(OCCCCCC)c(-c2cc3ccccc3c(-c3c(O)c(-c4cc(OCCCCCC)ccc4OCCCCCC)cc4ccccc34)c2O)c1,C[C@H]1COC(C2=N[C@@H](C)CO2)=N1,2,0,30 60,11 6,-2624.71257448,-571.4282178,-3.375444126356485,48.31227793682176,-51.68772206317824
81,1135,CCCCCCOc1ccc(OCCCCCC)c(-c2cc3ccccc3c(-c3c(O)c(-c4cc(OCCCCCC)ccc4OCCCCCC)cc4ccccc34)c2O)c1,CC(C)C[C@@H]1COC(C2=N[C@H](CC(C)C)CO2)=N1,2,0,30 60,9 17,-2624.71257448,-806.9877797,14.428854368493969,57.214427184246986,-42.785572815753014
81,1136,CCCCCCOc1ccc(OCCCCCC)c(-c2cc3ccccc3c(-c3c(O)c(-c4cc(OCCCCCC)ccc4OCCCCCC)cc4ccccc34)c2O)c1,Cc1ccc(N2C[C@H](CC(C)C)N=C2C2=N[C@@H](CC(C)C)CN2c2ccc(C)cc2)cc1,2,1,30 60,12 15,-2624.71257448,-1307.466211,-4.186596931974904,47.90670153401255,-52.09329846598745
81,1137,CCCCCCOc1ccc(OCCCCCC)c(-c2cc3ccccc3c(-c3c(O)c(-c4cc(OCCCCCC)ccc4OCCCCCC)cc4ccccc34)c2O)c1,CC(C)C[C@H]1CN(c2cccc(C(C)(C)C)c2)C(C2=N[C@@H](CC(C)C)CN2c2cccc(C(C)(C)C)c2)=N1,2,1,30 60,19 37,-2624.71257448,-1543.017894,-0.4738509867888139,49.76307450660559,-50.23692549339441
81,1138,CCCCCCOc1ccc(OCCCCCC)c(-c2cc3ccccc3c(-c3c(O)c(-c4cc(OCCCCCC)ccc4OCCCCCC)cc4ccccc34)c2O)c1,CC[C@@H](C)[C@H]1CN(c2cccc(C(C)(C)C)c2)C(C2=N[C@@H]([C@H](C)CC)CN2c2cccc(C(C)(C)C)c2)=N1,2,0,30 60,19 37,-2624.71257448,-1543.021699,-6.405279629311354,46.797360185344324,-53.202639814655676
81,1139,CCCCCCOc1ccc(OCCCCCC)c(-c2cc3ccccc3c(-c3c(O)c(-c4cc(OCCCCCC)ccc4OCCCCCC)cc4ccccc34)c2O)c1,C1CCC([C@H]2COC(C3=N[C@@H](C4CCCCC4)CO3)=N2)CC1,2,0,30 60,9 19,-2624.71257448,-961.6661462,-7.713184265762749,46.143407867118626,-53.856592132881374
81,1140,CCCCCCOc1ccc(OCCCCCC)c(-c2cc3ccccc3c(-c3c(O)c(-c4cc(OCCCCCC)ccc4OCCCCCC)cc4ccccc34)c2O)c1,N[C@H]1c2ccccc2C[C@H]1[O-],2,0,30 60,0 10,-2624.71257448,-478.4750351,1.2520079882261674,50.626003994113084,-49.373996005886916
81,1141,CCCCCCOc1ccc(OCCCCCC)c(-c2cc3ccccc3c(-c3c(O)c(-c4cc(OCCCCCC)ccc4OCCCCCC)cc4ccccc34)c2O)c1,[O-]C(c1ccccc1)(c1ccccc1)[C@H]1CCCN1,2,4,30 60,0 18,-2624.71257448,-787.8268535,0.7500942391188516,50.375047119559426,-49.624952880440574
81,1142,CCCCCCOc1ccc(OCCCCCC)c(-c2cc3ccccc3c(-c3c(O)c(-c4cc(OCCCCCC)ccc4OCCCCCC)cc4ccccc34)c2O)c1,N[C@@H](c1ccccc1)[C@H]([O-])c1ccccc1,2,1,30 60,0 9,-2624.71257448,-671.2387181,1.2958641452736472,50.64793207263682,-49.35206792736318
81,1143,CCCCCCOc1ccc(OCCCCCC)c(-c2cc3ccccc3c(-c3c(O)c(-c4cc(OCCCCCC)ccc4OCCCCCC)cc4ccccc34)c2O)c1,N[C@@H]1CCCC[C@H]1[O-],2,0,30 60,0 7,-2624.71257448,-365.4171147,0.41030423782825576,50.20515211891413,-49.79484788108587
81,1144,CCCCCCOc1ccc(OCCCCCC)c(-c2cc3ccccc3c(-c3c(O)c(-c4cc(OCCCCCC)ccc4OCCCCCC)cc4ccccc34)c2O)c1,N[C@@H](C[O-])Cc1ccccc1,2,0,30 60,0 3,-2624.71257448,-479.6485701,-0.6095074852007203,49.69524625739964,-50.30475374260036
81,1145,CCCCCCOc1ccc(OCCCCCC)c(-c2cc3ccccc3c(-c3c(O)c(-c4cc(OCCCCCC)ccc4OCCCCCC)cc4ccccc34)c2O)c1,[O-]C[C@@H]1CCCN1Cc1ccccc1,2,0,30 60,0 6,-2624.71257448,-596.2244044,4.971145806352583,52.48557290317629,-47.51442709682371
81,1146,CCCCCCOc1ccc(OCCCCCC)c(-c2cc3ccccc3c(-c3c(O)c(-c4cc(OCCCCCC)ccc4OCCCCCC)cc4ccccc34)c2O)c1,N[C@H](C[O-])Cc1ccccc1,2,1,30 60,0 3,-2624.71257448,-479.6493962,2.5222106968118894,51.26110534840595,-48.73889465159405
81,1147,CCCCCCOc1ccc(OCCCCCC)c(-c2cc3ccccc3c(-c3c(O)c(-c4cc(OCCCCCC)ccc4OCCCCCC)cc4ccccc34)c2O)c1,[O-]C[C@@H]1CCCN1,2,0,30 60,0 6,-2624.71257448,-326.127563,-0.08611089333499589,49.956944553332505,-50.043055446667495
81,1148,CCCCCCOc1ccc(OCCCCCC)c(-c2cc3ccccc3c(-c3c(O)c(-c4cc(OCCCCCC)ccc4OCCCCCC)cc4ccccc34)c2O)c1,CC(C)(C)[C@@H](N)C[O-],2,0,30 60,5 7,-2624.71257448,-366.5936045,-1.9725177360283581,49.013741131985824,-50.986258868014176
81,1149,CCCCCCOc1ccc(OCCCCCC)c(-c2cc3ccccc3c(-c3c(O)c(-c4cc(OCCCCCC)ccc4OCCCCCC)cc4ccccc34)c2O)c1,CC(C)[C@H](N)C[O-],2,0,30 60,4 6,-2624.71257448,-327.333821,0.0039461107895943925,50.0019730553948,-49.9980269446052
81,1150,CCCCCCOc1ccc(OCCCCCC)c(-c2cc3ccccc3c(-c3c(O)c(-c4cc(OCCCCCC)ccc4OCCCCCC)cc4ccccc34)c2O)c1,N[C@@H](C[O-])c1ccccc1,2,1,30 60,0 3,-2624.71257448,-440.3907373,-2.566439778473423,48.71678011076329,-51.28321988923671
81,1151,CCCCCCOc1ccc(OCCCCCC)c(-c2cc3ccccc3c(-c3c(O)c(-c4cc(OCCCCCC)ccc4OCCCCCC)cc4ccccc34)c2O)c1,[O-]C(c1cc(C(F)(F)F)cc(C(F)(F)F)c1)(c1cc(C(F)(F)F)cc(C(F)(F)F)c1)[C@H]1CCCN1,2,0,30 60,0 34,-2624.71257448,-2135.060687,0.48998213293632187,50.24499106646816,-49.75500893353184
81,1152,CCCCCCOc1ccc(OCCCCCC)c(-c2cc3ccccc3c(-c3c(O)c(-c4cc(OCCCCCC)ccc4OCCCCCC)cc4ccccc34)c2O)c1,COc1nc2ccc(Br)cc2cc1[C@@H](c1ccccc1)[C@@]([O-])(CCN(C)C)c1ccc2ccccc2c1,2,0,30 60,24 21,-2624.71257448,-4069.87959,2.915720590199527,51.45786029509976,-48.54213970490024
81,1153,CCCCCCOc1ccc(OCCCCCC)c(-c2cc3ccccc3c(-c3c(O)c(-c4cc(OCCCCCC)ccc4OCCCCCC)cc4ccccc34)c2O)c1,CC(C)(C)c1cc(/C=N/[C@@H]2CCCC[C@H]2/N=C/c2cc(C(C)(C)C)cc(C(C)(C)C)c2[O-])c([O-])c(C(C)(C)C)c1,2,1,30 60,8 15,-2624.71257448,-1661.320129,1.0918964989242532,50.54594824946213,-49.45405175053787
81,1154,CCCCCCOc1ccc(OCCCCCC)c(-c2cc3ccccc3c(-c3c(O)c(-c4cc(OCCCCCC)ccc4OCCCCCC)cc4ccccc34)c2O)c1,CN[C@@H]1CCCC[C@H]1NC,2,0,30 60,8 1,-2624.71257448,-424.657817,2.688296872745024,51.344148436372514,-48.655851563627486
81,1155,CCCCCCOc1ccc(OCCCCCC)c(-c2cc3ccccc3c(-c3c(O)c(-c4cc(OCCCCCC)ccc4OCCCCCC)cc4ccccc34)c2O)c1,CC(C)(C)[C@H]1CN2C[C@H](C(C)(C)C)[N-]C2=N1,2,0,30 60,13 6 15,-2624.71257448,-673.33055,-1.6060716930622752,49.19696415346886,-50.80303584653114
81,1156,CCCCCCOc1ccc(OCCCCCC)c(-c2cc3ccccc3c(-c3c(O)c(-c4cc(OCCCCCC)ccc4OCCCCCC)cc4ccccc34)c2O)c1,CCN(CC)[C@@H]1CCCC[C@H]1NC(=S)Nc1cc(C(F)(F)F)cc(C(F)(F)F)c1,2,0,30 60,2 11,-2624.71257448,-1899.093947,4.71678504183993,52.35839252091996,-47.64160747908004
81,1157,CCCCCCOc1ccc(OCCCCCC)c(-c2cc3ccccc3c(-c3c(O)c(-c4cc(OCCCCCC)ccc4OCCCCCC)cc4ccccc34)c2O)c1,O=C(N[C@H]1CCCC[C@@H]1NC(=O)c1ccccn1)c1ccccn1,2,0,30 60,9 2 17 23,-2624.71257448,-1066.431466,-2.5291263691639325,48.73543681541803,-51.26456318458197
81,1158,CCCCCCOc1ccc(OCCCCCC)c(-c2cc3ccccc3c(-c3c(O)c(-c4cc(OCCCCCC)ccc4OCCCCCC)cc4ccccc34)c2O)c1,C=C[C@@H]1C[N@@]2CC[C@H]1C[C@@H]2[C@H](N)c1ccnc2ccc(OC)cc12,2,0,30 60,11 4,-2624.71257448,-1015.561433,1.7619871997056764,50.880993599852836,-49.119006400147164
81,1159,CCCCCCOc1ccc(OCCCCCC)c(-c2cc3ccccc3c(-c3c(O)c(-c4cc(OCCCCCC)ccc4OCCCCCC)cc4ccccc34)c2O)c1,C=C[C@@H]1C[N@@]2CC[C@H]1C[C@H]2[C@H](N)c1ccnc2ccc(OC)cc12,2,0,30 60,11 4,-2624.71257448,-1015.556456,1.0389694000906857,50.51948470004534,-49.48051529995466
81,1160,CCCCCCOc1ccc(OCCCCCC)c(-c2cc3ccccc3c(-c3c(O)c(-c4cc(OCCCCCC)ccc4OCCCCCC)cc4ccccc34)c2O)c1,[O-][C@@H]1CCCC[C@H]1[O-],2,0,30 60,0 7,-2624.71257448,-384.5074297,-1.5625297289803597,49.21873513550982,-50.78126486449018
81,1161,CCCCCCOc1ccc(OCCCCCC)c(-c2cc3ccccc3c(-c3c(O)c(-c4cc(OCCCCCC)ccc4OCCCCCC)cc4ccccc34)c2O)c1,CC1(C)[C@@H]2C[C@@H]([O-])[C@@](C)([O-])[C@H]1C2,2,0,30 60,6 9,-2624.71257448,-540.3370829,-1.4008586649597587,49.29957066752012,-50.70042933247988
81,1162,CCCCCCOc1ccc(OCCCCCC)c(-c2cc3ccccc3c(-c3c(O)c(-c4cc(OCCCCCC)ccc4OCCCCCC)cc4ccccc34)c2O)c1,[O-]C[C@@H]1CCCC[C@H]1C[O-],2,0,30 60,0 9,-2624.71257448,-463.072022,-0.2071758136056756,49.89641209319716,-50.10358790680284
81,1163,CCCCCCOc1ccc(OCCCCCC)c(-c2cc3ccccc3c(-c3c(O)c(-c4cc(OCCCCCC)ccc4OCCCCCC)cc4ccccc34)c2O)c1,[O-][C@@H](c1ccccc1)C([O-])(c1ccccc1)c1ccccc1,2,0,30 60,0 9,-2624.71257448,-921.2481744,0.018896082359776578,50.00944804117989,-49.99055195882011
81,1164,CCCCCCOc1ccc(OCCCCCC)c(-c2cc3ccccc3c(-c3c(O)c(-c4cc(OCCCCCC)ccc4OCCCCCC)cc4ccccc34)c2O)c1,CC1(C)O[C@H](C([O-])(c2ccccc2)c2ccccc2)[C@@H](C([O-])(c2ccccc2)c2ccccc2)O1,2,3,30 60,6 21,-2624.71257448,-1497.557147,-1.7123960101687392,49.14380199491563,-50.85619800508437
81,1165,CCCCCCOc1ccc(OCCCCCC)c(-c2cc3ccccc3c(-c3c(O)c(-c4cc(OCCCCCC)ccc4OCCCCCC)cc4ccccc34)c2O)c1,CC1(c2ccccc2)O[C@@H](C([O-])(c2ccccc2)c2ccccc2)[C@H](C([O-])(c2ccccc2)c2ccccc2)O1,2,5,30 60,11 26,-2624.71257448,-1689.135424,-0.5116526362987237,49.74417368185064,-50.25582631814936
81,1166,CCCCCCOc1ccc(OCCCCCC)c(-c2cc3ccccc3c(-c3c(O)c(-c4cc(OCCCCCC)ccc4OCCCCCC)cc4ccccc34)c2O)c1,CC1(C)O[C@@H](C([O-])(c2cccc3ccccc23)c2cccc3ccccc23)[C@H](C([O-])(c2cccc3ccccc23)c2cccc3ccccc23)O1,2,0,30 60,6 29,-2624.71257448,-2111.547452,2.0185947011484044,51.0092973505742,-48.9907026494258
81,1167,CCCCCCOc1ccc(OCCCCCC)c(-c2cc3ccccc3c(-c3c(O)c(-c4cc(OCCCCCC)ccc4OCCCCCC)cc4ccccc34)c2O)c1,[O-]C(c1ccccc1)(c1ccccc1)[C@H]1OC2(CCCCC2)O[C@@H]1C([O-])(c1ccccc1)c1ccccc1,2,2,30 60,0 25,-2624.71257448,-1614.153477,0.2740380560276998,50.13701902801385,-49.86298097198615
81,1168,CCCCCCOc1ccc(OCCCCCC)c(-c2cc3ccccc3c(-c3c(O)c(-c4cc(OCCCCCC)ccc4OCCCCCC)cc4ccccc34)c2O)c1,CC1(C)O[C@@H](C[O-])[C@H](C[O-])O1,2,0,30 60,6 9,-2624.71257448,-574.1407143,-3.873546857229098,48.06322657138545,-51.93677342861455
81,1169,CCCCCCOc1ccc(OCCCCCC)c(-c2cc3ccccc3c(-c3c(O)c(-c4cc(OCCCCCC)ccc4OCCCCCC)cc4ccccc34)c2O)c1,C1CCN2C[C@H]3C[C@H](CN4CCCC[C@@H]34)[C@H]2C1,2,0,30 60,9 3,-2624.71257448,-695.9272943,2.046011134321736,51.023005567160865,-48.976994432839135
81,1170,CCCCCCOc1ccc(OCCCCCC)c(-c2cc3ccccc3c(-c3c(O)c(-c4cc(OCCCCCC)ccc4OCCCCCC)cc4ccccc34)c2O)c1,NC(=O)[C@@H]1CC(F)(F)CN1,2,0,30 60,0 9,-2624.71257448,-579.2434339,-6.420662693507263,46.789668653246366,-53.210331346753634
81,1171,CCCCCCOc1ccc(OCCCCCC)c(-c2cc3ccccc3c(-c3c(O)c(-c4cc(OCCCCCC)ccc4OCCCCCC)cc4ccccc34)c2O)c1,O=C(N[C@H]1CCCC[C@@H]1NC(=O)c1ccccn1)c1ccccn1,2,0,30 60,9 2 17 23,-2624.71257448,-1066.417296,-2.3011114721933392,48.84944426390333,-51.15055573609667
81,1172,CCCCCCOc1ccc(OCCCCCC)c(-c2cc3ccccc3c(-c3c(O)c(-c4cc(OCCCCCC)ccc4OCCCCCC)cc4ccccc34)c2O)c1,c1ccc(CN[C@@H]2CCCC[C@H]2NCc2ccccc2)cc1,2,0,30 60,12 5,-2624.71257448,-886.3100667,9.498116749378159,54.74905837468908,-45.25094162531092
81,1173,CCCCCCOc1ccc(OCCCCCC)c(-c2cc3ccccc3c(-c3c(O)c(-c4cc(OCCCCCC)ccc4OCCCCCC)cc4ccccc34)c2O)c1,COc1ccc([C@H](N)[C@@H](N)c2ccc(OC)cc2)cc1,2,0,30 60,9 7,-2624.71257448,-880.7644659,-0.4501608329404476,49.77491958352978,-50.22508041647022
81,1174,CCCCCCOc1ccc(OCCCCCC)c(-c2cc3ccccc3c(-c3c(O)c(-c4cc(OCCCCCC)ccc4OCCCCCC)cc4ccccc34)c2O)c1,CN[C@H](c1ccccc1)[C@H](NC)c1ccccc1,2,0,30 60,1 10,-2624.71257448,-730.4598814,3.493472385613641,51.74673619280682,-48.25326380719318
81,1175,CCCCCCOc1ccc(OCCCCCC)c(-c2cc3ccccc3c(-c3c(O)c(-c4cc(OCCCCCC)ccc4OCCCCCC)cc4ccccc34)c2O)c1,O=C(N[C@H]1CCCC[C@@H]1NC(=O)c1ccccc1P(c1ccccc1)c1ccccc1)c1ccccc1P(c1ccccc1)c1ccccc1,2,0,30 60,9 2,-2624.71257448,-2641.38663,0.8606107859526873,50.430305392976344,-49.569694607023656
81,1176,CCCCCCOc1ccc(OCCCCCC)c(-c2cc3ccccc3c(-c3c(O)c(-c4cc(OCCCCCC)ccc4OCCCCCC)cc4ccccc34)c2O)c1,O=C(N[C@@H](c1ccccc1)[C@@H](NC(=O)c1ccccc1P(c1ccccc1)c1ccccc1)c1ccccc1)c1ccccc1P(c1ccccc1)c1ccccc1,2,0,30 60,2 11,-2624.71257448,-2947.2013,3.480711324829569,51.740355662414785,-48.259644337585215
81,1177,CCCCCCOc1ccc(OCCCCCC)c(-c2cc3ccccc3c(-c3c(O)c(-c4cc(OCCCCCC)ccc4OCCCCCC)cc4ccccc34)c2O)c1,O=S(=O)(N[C@@H](c1ccccc1)[C@@H](NS(=O)(=O)C(F)(F)F)c1ccccc1)C(F)(F)F,2,0,30 60,3 12,-2624.71257448,-2422.191334,1.4803820901886295,50.74019104509431,-49.25980895490569
81,1178,CCCCCCOc1ccc(OCCCCCC)c(-c2cc3ccccc3c(-c3c(O)c(-c4cc(OCCCCCC)ccc4OCCCCCC)cc4ccccc34)c2O)c1,[O-]c1ccccc1/C=N/[C@@H](c1ccccc1)[C@@H](/N=C/c1ccccc1[O-])c1ccccc1,2,0,30 60,8 17,-2624.71257448,-1338.945921,0.07816273562871334,50.039081367814354,-49.960918632185646
