Binol,Ligand,Binol_smiles,Ligand_smiles,Binol_conf_id,Ligand_conf_id,Binol_Sites,Ligand_Sites,Binol_G,Ligand_G,PredER,PredE,PredR
66,1001,Cc1cccc(O)c1-c1c(O)ccc2ccccc12,CC(C)(C1=N[C@@H](C(C)(C)C)CO1)C1=N[C@@H](C(C)(C)C)CO1,0,3,6 10,4 13,-805.943856,-924.7872077,-61.020135620661584,19.489932189669208,-80.5100678103308
66,1002,Cc1cccc(O)c1-c1c(O)ccc2ccccc12,CC(C)(C)[C@@H]1COC(C2(C3=N[C@H](C(C)(C)C)CO3)CCCCC2)=N1,0,0,6 10,10 23,-805.943856,-1041.378417,38.62836774637686,69.31418387318843,-30.68581612681157
66,1003,Cc1cccc(O)c1-c1c(O)ccc2ccccc12,CC(C)(C)[C@H]1COC(C2(C3=N[C@@H](C(C)(C)C)CO3)CCCC2)=N1,0,2,6 10,10 22,-805.943856,-1002.119896,-56.05875942348465,21.970620288257674,-78.02937971174232
66,1004,Cc1cccc(O)c1-c1c(O)ccc2ccccc12,CC(C)(C)[C@H]1COC(C2(C3=N[C@@H](C(C)(C)C)CO3)CCC2)=N1,0,0,6 10,10 21,-805.943856,-962.8318746,-34.172546302106056,32.91372684894697,-67.08627315105304
66,1005,Cc1cccc(O)c1-c1c(O)ccc2ccccc12,CC(C)(C)[C@@H]1COC(C2(C3=N[C@H](C(C)(C)C)CO3)CC2)=N1,0,2,6 10,10 20,-805.943856,-923.5694488,62.43220665883487,81.21610332941744,-18.783896670582564
66,1006,Cc1cccc(O)c1-c1c(O)ccc2ccccc12,CC(C)(C)[C@@H]1COC(CC2=N[C@H](C(C)(C)C)CO2)=N1,0,1,6 10,10 18,-805.943856,-846.2631981,9.74125992811445,54.87062996405722,-45.12937003594278
66,1007,Cc1cccc(O)c1-c1c(O)ccc2ccccc12,CC(C)(C)[C@H]1COC(C(Cc2ccccc2)(Cc2ccccc2)C2=N[C@@H](C(C)(C)C)CO2)=N1,0,0,6 10,24 32,-805.943856,-1386.443314,-14.444692328047909,42.77765383597605,-57.22234616402395
66,1008,Cc1cccc(O)c1-c1c(O)ccc2ccccc12,CC(C)(C)[C@H]1COC(C2=N[C@@H](C(C)(C)C)CO2)=N1,0,1,6 10,9 17,-805.943856,-806.9917463,-11.166014714795201,44.4169926426024,-55.5830073573976
66,1009,Cc1cccc(O)c1-c1c(O)ccc2ccccc12,CC(C)(C)[C@H]1COC(c2ccccn2)=N1,0,0,6 10,13 14,-805.943856,-650.9603345,-17.62094628303411,41.18952685848294,-58.81047314151706
66,1010,Cc1cccc(O)c1-c1c(O)ccc2ccccc12,CC(C)(C)[C@H]1COC(c2ccc3ccccc3n2)=N1,0,0,6 10,17 18,-805.943856,-804.4663888,-16.04409187133266,41.97795406433367,-58.02204593566633
66,1011,Cc1cccc(O)c1-c1c(O)ccc2ccccc12,CC(C)(C)[C@H]1COC(c2cccc(C3=N[C@@H](C(C)(C)C)CO3)n2)=N1,0,0,6 10,23 14 22,-805.943856,-1053.868619,-11.14856333631767,44.42571833184117,-55.57428166815883
66,1012,Cc1cccc(O)c1-c1c(O)ccc2ccccc12,CC(C)(C)[C@@H]1COC(c2ccc(C(F)(F)F)cn2)=N1,0,0,6 10,17 18,-805.943856,-987.756862,11.203159699869069,55.60157984993454,-44.39842015006546
66,1013,Cc1cccc(O)c1-c1c(O)ccc2ccccc12,CC(C)(C1=N[C@@H](C(C)(C)C)CO1)c1ccccn1,0,0,6 10,17 4,-805.943856,-768.7447589,-9.749797644155262,45.12510117792237,-54.87489882207763
66,1014,Cc1cccc(O)c1-c1c(O)ccc2ccccc12,CC(C)(C)[C@@H]1COC(c2nccc3ccccc23)=N1,0,1,6 10,9 18,-805.943856,-804.4621747,26.76883565026749,63.384417825133745,-36.615582174866255
66,1015,Cc1cccc(O)c1-c1c(O)ccc2ccccc12,CC(C)(C)[C@H]1COC([C@@H]2CCCC[C@H]2C2=N[C@@H](C(C)(C)C)CO2)=N1,0,0,6 10,23 15,-805.943856,-1041.38254,-4.638968572058749,47.68051571397063,-52.31948428602937
66,1016,Cc1cccc(O)c1-c1c(O)ccc2ccccc12,CC(C)(C)[C@@H]1COC(c2ccccc2Nc2ccccc2C2=N[C@H](C(C)(C)C)CO2)=N1,0,0,6 10,22 14 30,-805.943856,-1323.988245,-5.8361860764292,47.0819069617854,-52.9180930382146
66,1017,Cc1cccc(O)c1-c1c(O)ccc2ccccc12,CC(C)(C)[C@H]1COC(/C=c2\[n-]/c(=C\C3=N[C@@H](C(C)(C)C)CO3)c3ccccc23)=N1,0,0,6 10,10 28 14,-805.943856,-1246.074571,-1.9492556848096152,49.02537215759519,-50.97462784240481
66,1018,Cc1cccc(O)c1-c1c(O)ccc2ccccc12,CC(C)(C)[C@H]1COC(c2cccc(-c3cccc(C4=N[C@@H](C(C)(C)C)CO4)n3)n2)=N1,0,0,6 10,27 19 28 29,-805.943856,-1300.750937,-4.414173641501192,47.7929131792494,-52.2070868207506
66,1019,Cc1cccc(O)c1-c1c(O)ccc2ccccc12,CC(C)(C)[C@@H]1COC(c2cccc(-c3ccccn3)n2)=N1,0,0,6 10,18 19 20,-805.943856,-897.839473,4.3846032164931295,52.19230160824657,-47.80769839175343
66,1020,Cc1cccc(O)c1-c1c(O)ccc2ccccc12,CC(C)(C)[C@@H]1COC(c2cccc(-c3ccccn3)n2)=N1,0,0,6 10,18 19 20,-805.943856,-897.8395764,4.270841568856229,52.13542078442811,-47.86457921557189
66,1021,Cc1cccc(O)c1-c1c(O)ccc2ccccc12,Cc1ccc(N2C[C@H](C(C)(C)C)N=C2C2=N[C@@H](C(C)(C)C)CN2c2ccc(C)cc2)cc1,0,0,6 10,12 15,-805.943856,-1307.470214,-12.430278743884408,43.7848606280578,-56.2151393719422
66,1022,Cc1cccc(O)c1-c1c(O)ccc2ccccc12,CC(C)[C@@H]1COC(C(C)(C)C2=N[C@H](C(C)C)CO2)=N1,0,2,6 10,18 11,-805.943856,-846.264983,45.76817507273218,72.88408753636608,-27.11591246363391
66,1023,Cc1cccc(O)c1-c1c(O)ccc2ccccc12,CC(C)[C@H]1COC(C2(C3=N[C@@H](C(C)C)CO3)CCCCC2)=N1,0,2,6 10,9 21,-805.943856,-962.8650477,-16.782254846837063,41.60887257658147,-58.39112742341853
66,1024,Cc1cccc(O)c1-c1c(O)ccc2ccccc12,CC(C)[C@H]1COC(C2(C3=N[C@@H](C(C)C)CO3)CCCC2)=N1,0,0,6 10,9 20,-805.943856,-923.5979956,-22.64143024616802,38.679284876915986,-61.320715123084014
66,1025,Cc1cccc(O)c1-c1c(O)ccc2ccccc12,CC(C)[C@H]1COC(C2(C3=N[C@@H](C(C)C)CO3)CC2)=N1,0,0,6 10,9 18,-805.943856,-845.0470679,-54.19674858128328,22.90162570935836,-77.09837429064164
66,1026,Cc1cccc(O)c1-c1c(O)ccc2ccccc12,CC(C)[C@@H]1COC(CC2=N[C@H](C(C)C)CO2)=N1,0,3,6 10,16 9,-805.943856,-767.7407516,-3.081666858184965,48.45916657090752,-51.54083342909248
66,1027,Cc1cccc(O)c1-c1c(O)ccc2ccccc12,CC(C)[C@H]1COC(C(C)(Cc2ccccc2)C2=N[C@@H](C(C)C)CO2)=N1,0,0,6 10,24 17,-805.943856,-1077.094636,-41.77747704567432,29.11126147716284,-70.88873852283716
66,1028,Cc1cccc(O)c1-c1c(O)ccc2ccccc12,CC(C)[C@@H]1COC(C(Cc2ccccc2)(Cc2ccccc2)C2=N[C@H](C(C)C)CO2)=N1,0,1,6 10,30 23,-805.943856,-1307.925837,12.262437549870171,56.131218774935085,-43.868781225064915
66,1029,Cc1cccc(O)c1-c1c(O)ccc2ccccc12,CC(C)[C@H]1COC(C(Cc2ccc(C(C)(C)C)cc2)(Cc2ccc(C(C)(C)C)cc2)C2=N[C@@H](C(C)C)CO2)=N1,0,0,6 10,38 31,-805.943856,-1622.00837,-18.089198246487783,40.95540087675611,-59.04459912324389
66,1030,Cc1cccc(O)c1-c1c(O)ccc2ccccc12,CC(C)[C@@H]1COC(C2=N[C@H](C(C)C)CO2)=N1,0,0,6 10,8 15,-805.943856,-728.4699348,26.703088405761015,63.351544202880504,-36.648455797119496
66,1031,Cc1cccc(O)c1-c1c(O)ccc2ccccc12,CC(C)[C@H]1COC(c2ccccn2)=N1,0,0,6 10,12 13,-805.943856,-611.69952,-15.949225371993016,42.025387314003495,-57.974612685996505
66,1032,Cc1cccc(O)c1-c1c(O)ccc2ccccc12,CC(C)[C@@H]1COC(c2ccc3ccccc3n2)=N1,0,0,6 10,16 17,-805.943856,-765.2054016,15.898229821769494,57.949114910884745,-42.050885089115255
66,1033,Cc1cccc(O)c1-c1c(O)ccc2ccccc12,CC(C)[C@@H]1COC(c2cccc(C3=N[C@H](C(C)C)CO3)n2)=N1,0,0,6 10,21 20 13,-805.943856,-975.3489125,26.346968822320722,63.17348441116036,-36.82651558883964
66,1034,Cc1cccc(O)c1-c1c(O)ccc2ccccc12,CC(C)[C@H]1COC(c2ccc(C(F)(F)F)cn2)=N1,0,0,6 10,16 17,-805.943856,-948.4960275,-9.567769019869878,45.216115490065064,-54.783884509934936
66,1035,Cc1cccc(O)c1-c1c(O)ccc2ccccc12,CC(C)[C@@H]1COC(Cc2ccccn2)=N1,0,0,6 10,13 14,-805.943856,-650.9622206,6.806852315862322,53.403426157931165,-46.596573842068835
66,1036,Cc1cccc(O)c1-c1c(O)ccc2ccccc12,CC(C)[C@@H]1COC(c2nccc3ccccc23)=N1,0,0,6 10,8 17,-805.943856,-765.2009547,19.256213309388908,59.628106654694456,-40.371893345305544
66,1037,Cc1cccc(O)c1-c1c(O)ccc2ccccc12,CC(C)[C@@H]1COC(c2ccc3cccnc3n2)=N1,0,0,6 10,16 17,-805.943856,-781.2378695,2.491449785674666,51.24572489283733,-48.75427510716267
66,1038,Cc1cccc(O)c1-c1c(O)ccc2ccccc12,CC(C)C[C@H]1COC(c2ccccc2P(c2ccccc2)c2ccccc2C2=N[C@@H](CC(C)C)CO2)=N1,0,0,6 10,28 14 36,-805.943856,-1841.351686,1.5878465748573012,50.79392328742865,-49.20607671257135
66,1039,Cc1cccc(O)c1-c1c(O)ccc2ccccc12,CC(C)[C@H]1COC(c2cccc3c2oc2c(C4=N[C@@H](C(C)C)CO4)cccc23)=N1,0,0,6 10,17 28 13,-805.943856,-1264.139226,-14.41322059464621,42.7933897026769,-57.2066102973231
66,1040,Cc1cccc(O)c1-c1c(O)ccc2ccccc12,CC(C)[C@H]1COC(c2cccc(C3=N[C@@H](C(C)C)CO3)c2)=N1,0,1,6 10,21 13,-805.943856,-959.3224258,-10.7585771691793,44.62071141541035,-55.37928858458965
66,1041,Cc1cccc(O)c1-c1c(O)ccc2ccccc12,CC(C)c1cccc(N2C[C@H](C(C)C)N=C2C2=N[C@@H](C(C)C)CN2c2cccc(C(C)C)c2)c1,0,0,6 10,14 17,-805.943856,-1385.989932,-13.012119883674474,43.493940058162764,-56.506059941837236
66,1042,Cc1cccc(O)c1-c1c(O)ccc2ccccc12,CC(C)[C@H]1CN(c2ccc(C(F)(F)F)cc2)C(C2=N[C@@H](C(C)C)CN2c2ccc(C(F)(F)F)cc2)=N1,0,0,6 10,18 35,-805.943856,-1824.017689,-8.333208581101037,45.83339570944948,-54.16660429055052
66,1043,Cc1cccc(O)c1-c1c(O)ccc2ccccc12,Cc1ccc(N2C[C@H](C(C)C)N=C2C2=N[C@@H](C(C)C)CN2c2ccc(C)cc2)cc1,0,0,6 10,11 14,-805.943856,-1228.948101,-4.423830512468776,47.78808474376561,-52.21191525623439
66,1044,Cc1cccc(O)c1-c1c(O)ccc2ccccc12,CC(C)[C@H]1COC(/C(C#N)=C2\[N-][C@@H](C(C)C)CO2)=N1,0,6,6 10,11 18,-805.943856,-859.3852808,-6.7861912957238095,46.606904352138095,-53.393095647861905
66,1045,Cc1cccc(O)c1-c1c(O)ccc2ccccc12,CC(C)[C@H]1N=C(c2cccc(C3=N[C@H](C(C)C)C(c4ccccc4)(c4ccccc4)O3)n2)OC1(c1ccccc1)c1ccccc1,0,0,6 10,4 12 31,-805.943856,-1898.675751,8.228525907002053,54.114262953501026,-45.885737046498974
66,1046,Cc1cccc(O)c1-c1c(O)ccc2ccccc12,CC(C)(C1=N[C@H](c2ccccc2)CO1)C1=N[C@H](c2ccccc2)CO1,0,4,6 10,4 15,-805.943856,-1072.360523,36.73628944988775,68.36814472494387,-31.631855275056125
66,1047,Cc1cccc(O)c1-c1c(O)ccc2ccccc12,c1ccc([C@@H]2COC(C3(C4=N[C@H](c5ccccc5)CO4)CCCCC3)=N2)cc1,0,1,6 10,25 10,-805.943856,-1188.961784,29.166731451565433,64.58336572578271,-35.41663427421729
66,1048,Cc1cccc(O)c1-c1c(O)ccc2ccccc12,c1ccc([C@H]2COC(C3(C4=N[C@@H](c5ccccc5)CO4)CCCC3)=N2)cc1,0,1,6 10,24 10,-805.943856,-1149.693678,-49.29546223153904,25.35226888423048,-74.64773111576952
66,1049,Cc1cccc(O)c1-c1c(O)ccc2ccccc12,c1ccc([C@@H]2COC(C3(C4=N[C@H](c5ccccc5)CO4)CCC3)=N2)cc1,0,0,6 10,10 23,-805.943856,-1110.405334,23.988025255631708,61.994012627815856,-38.005987372184144
66,1050,Cc1cccc(O)c1-c1c(O)ccc2ccccc12,c1ccc([C@@H]2COC(C3(C4=N[C@H](c5ccccc5)CO4)CC3)=N2)cc1,0,0,6 10,10 22,-805.943856,-1071.142417,29.440187574106595,64.7200937870533,-35.2799062129467
66,1051,Cc1cccc(O)c1-c1c(O)ccc2ccccc12,c1ccc(CC(Cc2ccccc2)(C2=N[C@@H](c3ccccc3)CO2)C2=N[C@@H](c3ccccc3)CO2)cc1,0,2,6 10,25 14,-805.943856,-1534.023098,-13.343267205955328,43.328366397022336,-56.671633602977664
66,1052,Cc1cccc(O)c1-c1c(O)ccc2ccccc12,CC(Cc1ccccc1)(C1=N[C@@H](c2ccccc2)CO1)C1=N[C@@H](c2ccccc2)CO1,0,0,6 10,10 21,-805.943856,-1303.193117,-14.913109304214831,42.543445347892586,-57.456554652107414
66,1053,Cc1cccc(O)c1-c1c(O)ccc2ccccc12,CC(C)(C)c1ccc(CC(Cc2ccc(C(C)(C)C)cc2)(C2=N[C@@H](c3ccccc3)CO2)C2=N[C@@H](c3ccccc3)CO2)cc1,0,0,6 10,33 22,-805.943856,-1848.107801,-11.103789625003243,44.44810518749838,-55.55189481250162
66,1054,Cc1cccc(O)c1-c1c(O)ccc2ccccc12,c1ccc([C@H]2COC(C3=N[C@@H](c4ccccc4)CO3)=N2)cc1,0,0,6 10,9 19,-805.943856,-954.5647571,-6.722217123036094,46.638891438481956,-53.361108561518044
66,1055,Cc1cccc(O)c1-c1c(O)ccc2ccccc12,c1ccc([C@@H]2COC(c3ccccn3)=N2)cc1,0,0,6 10,13 14,-805.943856,-724.746776,7.41092241684712,53.70546120842356,-46.29453879157644
66,1056,Cc1cccc(O)c1-c1c(O)ccc2ccccc12,c1ccc([C@H]2COC(c3ccc4ccccc4n3)=N2)cc1,0,0,6 10,17 18,-805.943856,-878.2528728,-15.6868999601701,42.15655001991495,-57.84344998008505
66,1057,Cc1cccc(O)c1-c1c(O)ccc2ccccc12,c1ccc([C@H]2COC(c3cccc(C4=N[C@@H](c5ccccc5)CO4)n3)=N2)cc1,0,0,6 10,24 25 14,-805.943856,-1201.443303,-11.53547876981109,44.232260615094454,-55.767739384905546
66,1058,Cc1cccc(O)c1-c1c(O)ccc2ccccc12,c1ccc([C@H]2COC(CC3=N[C@@H](c4ccccc4)CO3)=N2)cc1,0,0,6 10,10 20,-805.943856,-993.8362822,-13.762758563623345,43.118620718188325,-56.881379281811675
66,1059,Cc1cccc(O)c1-c1c(O)ccc2ccccc12,c1ccc([C@H]2COC(c3nccc4ccccc34)=N2)cc1,0,0,6 10,9 18,-805.943856,-878.2485743,-12.754903226423881,43.62254838678806,-56.37745161321194
66,1060,Cc1cccc(O)c1-c1c(O)ccc2ccccc12,CC(C)(C1=N[C@@H](c2ccccc2)C(c2ccccc2)(c2ccccc2)O1)C1=N[C@@H](c2ccccc2)C(c2ccccc2)(c2ccccc2)O1,0,1,6 10,27 4,-805.943856,-1995.694324,-32.80806493233756,33.59596753383122,-66.40403246616879
66,1061,Cc1cccc(O)c1-c1c(O)ccc2ccccc12,C(\C1=N[C@H](c2ccccc2)CO1)=c1\[n-]/c(=C\C2=N[C@H](c3ccccc3)CO2)c2ccccc12,0,0,6 10,17 2 13,-805.943856,-1393.650658,-3.1982340031861187,48.40088299840694,-51.59911700159306
66,1062,Cc1cccc(O)c1-c1c(O)ccc2ccccc12,c1ccc([C@H]2COC(c3ccccc3Nc3ccccc3C3=N[C@@H](c4ccccc4)CO3)=N2)cc1,0,0,6 10,32 14 22,-805.943856,-1471.560923,-10.339791885251204,44.8301040573744,-55.1698959426256
66,1063,Cc1cccc(O)c1-c1c(O)ccc2ccccc12,N#C/C(C1=N[C@@H](c2ccccc2)CO1)=C1/[N-][C@@H](c2ccccc2)CO1,0,2,6 10,4 15,-805.943856,-1085.486043,-11.403150677931295,44.29842466103435,-55.70157533896565
66,1064,Cc1cccc(O)c1-c1c(O)ccc2ccccc12,c1ccc([C@H]2COC(c3cccc(C4=N[C@@H](c5ccccc5)CO4)c3)=N2)cc1,0,2,6 10,25 14,-805.943856,-1185.417111,-15.727339037811932,42.136330481094035,-57.863669518905965
66,1065,Cc1cccc(O)c1-c1c(O)ccc2ccccc12,c1ccc([C@H]2COC(c3cccc4c3oc3c(C5=N[C@@H](c6ccccc6)CO5)cccc34)=N2)cc1,0,1,6 10,32 18 14,-805.943856,-1490.233608,-15.049695769806682,42.47515211509666,-57.52484788490334
66,1066,Cc1cccc(O)c1-c1c(O)ccc2ccccc12,C(\C1=N[C@H](c2ccccc2)CO1)=c1\o/c(=C\C2=N[C@H](c3ccccc3)CO2)c2ccccc12,0,0,6 10,17 2 13,-805.943856,-1414.040486,-3.7954804537650038,48.102259773117495,-51.897740226882505
66,1067,Cc1cccc(O)c1-c1c(O)ccc2ccccc12,CC(C)(C1=N[C@@H]2c3ccccc3C[C@@H]2O1)C1=N[C@@H]2c3ccccc3C[C@@H]2O1,0,0,6 10,16 4,-805.943856,-1148.533419,63.44246993183981,81.7212349659199,-18.278765034080095
66,1068,Cc1cccc(O)c1-c1c(O)ccc2ccccc12,c1ccc2c(c1)C[C@H]1OC(C3(C4=N[C@H]5c6ccccc6C[C@H]5O4)CCCCC3)=N[C@@H]21,0,0,6 10,12 28,-805.943856,-1265.120113,-60.22496803697495,19.887515981512525,-80.11248401848748
66,1069,Cc1cccc(O)c1-c1c(O)ccc2ccccc12,c1ccc2c(c1)C[C@@H]1OC(C3(C4=N[C@@H]5c6ccccc6C[C@@H]5O4)CCCC3)=N[C@H]21,0,0,6 10,27 12,-805.943856,-1225.865898,54.68881230204433,77.34440615102217,-22.655593848977833
66,1070,Cc1cccc(O)c1-c1c(O)ccc2ccccc12,c1ccc2c(c1)C[C@@H]1OC(C3(C4=N[C@@H]5c6ccccc6C[C@@H]5O4)CCC3)=N[C@H]21,0,3,6 10,26 12,-805.943856,-1186.577848,46.65854794613795,73.32927397306898,-26.670726026931025
66,1071,Cc1cccc(O)c1-c1c(O)ccc2ccccc12,c1ccc2c(c1)C[C@H]1OC(C3(C4=N[C@H]5c6ccccc6C[C@H]5O4)CC3)=N[C@@H]21,0,0,6 10,25 12,-805.943856,-1147.313977,-74.72690493083779,12.636547534581105,-87.3634524654189
66,1072,Cc1cccc(O)c1-c1c(O)ccc2ccccc12,CCC(CC)(C1=N[C@H]2c3ccccc3C[C@H]2O1)C1=N[C@H]2c3ccccc3C[C@H]2O1,0,0,6 10,18 6,-805.943856,-1227.050677,-72.0139279507208,13.9930360246396,-86.0069639753604
66,1073,Cc1cccc(O)c1-c1c(O)ccc2ccccc12,c1ccc(CC(Cc2ccccc2)(C2=N[C@@H]3c4ccccc4C[C@@H]3O2)C2=N[C@@H]3c4ccccc4C[C@@H]3O2)cc1,0,0,6 10,26 14,-805.943856,-1610.184387,2.4159457162469318,51.20797285812347,-48.79202714187653
66,1074,Cc1cccc(O)c1-c1c(O)ccc2ccccc12,CC(Cc1ccccc1)(C1=N[C@H]2c3ccccc3C[C@H]2O1)C1=N[C@H]2c3ccccc3C[C@H]2O1,0,0,6 10,10 22,-805.943856,-1379.360112,-5.368388197817033,47.31580590109148,-52.68419409890852
66,1075,Cc1cccc(O)c1-c1c(O)ccc2ccccc12,CC(C)(C)c1ccc(CC(Cc2ccc(C(C)(C)C)cc2)(C2=N[C@@H]3c4ccccc4C[C@@H]3O2)C2=N[C@@H]3c4ccccc4C[C@@H]3O2)cc1,0,0,6 10,34 22,-805.943856,-1924.267304,20.312061204479765,60.15603060223988,-39.84396939776012
66,1076,Cc1cccc(O)c1-c1c(O)ccc2ccccc12,CC(C)(C)c1cc(CC(Cc2cc(C(C)(C)C)cc(C(C)(C)C)c2)(C2=N[C@H]3c4ccccc4C[C@H]3O2)C2=N[C@H]3c4ccccc4C[C@H]3O2)cc(C(C)(C)C)c1,0,1,6 10,25 37,-805.943856,-2238.36189,-18.375934411189007,40.812032794405496,-59.187967205594504
66,1077,Cc1cccc(O)c1-c1c(O)ccc2ccccc12,c1ccc2c(c1)CC(C1=N[C@@H]3c4ccccc4C[C@@H]3O1)(C1=N[C@@H]3c4ccccc4C[C@@H]3O1)C2,0,0,6 10,9 21,-805.943856,-1378.182059,53.95966074969278,76.97983037484639,-23.02016962515361
66,1078,Cc1cccc(O)c1-c1c(O)ccc2ccccc12,c1ccc2c(c1)C[C@H]1OC(CC3=N[C@H]4c5ccccc5C[C@H]4O3)=N[C@@H]21,0,0,6 10,12 23,-805.943856,-1070.004928,-6.704492668214904,46.64775366589255,-53.35224633410745
66,1079,Cc1cccc(O)c1-c1c(O)ccc2ccccc12,c1ccc(C2=N[C@H]3c4ccccc4C[C@H]3O2)nc1,0,0,6 10,16 5,-805.943856,-762.8325198,-18.409755339950728,40.79512233002464,-59.20487766997536
66,1080,Cc1cccc(O)c1-c1c(O)ccc2ccccc12,c1ccc2c(c1)C[C@H]1OC(c3ccc4ccccc4n3)=N[C@@H]21,0,0,6 10,19 20,-805.943856,-916.3386498,-16.399125794773745,41.80043710261313,-58.19956289738687
66,1081,Cc1cccc(O)c1-c1c(O)ccc2ccccc12,c1ccc2c(c1)C[C@@H]1OC(c3nccc4ccccc34)=N[C@H]21,0,0,6 10,11 20,-805.943856,-916.3345383,11.869352662344276,55.93467633117214,-44.06532366882786
66,1082,Cc1cccc(O)c1-c1c(O)ccc2ccccc12,FC(F)(F)c1ccc(C2=N[C@@H]3c4ccccc4C[C@@H]3O2)nc1,0,0,6 10,9 20,-805.943856,-1099.626649,4.6817880206743006,52.34089401033715,-47.65910598966285
66,1083,Cc1cccc(O)c1-c1c(O)ccc2ccccc12,c1cc(C2=N[C@H]3c4ccccc4C[C@H]3O2)nc(C2=N[C@H]3c4ccccc4C[C@H]3O2)c1,0,0,6 10,18 4 15,-805.943856,-1277.615075,-11.600539939980276,44.19973003000986,-55.80026996999014
66,1084,Cc1cccc(O)c1-c1c(O)ccc2ccccc12,c1ccc2c(c1)C[C@H]1OC(C3=N[C@H]4c5ccccc5C[C@H]4O3)=N[C@@H]21,0,0,6 10,11 22,-805.943856,-1030.735569,-26.77563331743006,36.61218334128497,-63.38781665871503
66,1085,Cc1cccc(O)c1-c1c(O)ccc2ccccc12,c1ccc(-c2cccc(C3=N[C@H]4c5ccccc5C[C@H]4O3)n2)nc1,0,0,6 10,10 21 22,-805.943856,-1009.709879,-14.64234530454512,42.67882734772744,-57.32117265227256
66,1086,Cc1cccc(O)c1-c1c(O)ccc2ccccc12,c1ccc(-c2cccc(C3=N[C@@H]4c5ccccc5C[C@@H]4O3)n2)cc1,0,0,6 10,10 21,-805.943856,-993.6729656,-2.319568300757455,48.84021584962127,-51.15978415037873
66,1087,Cc1cccc(O)c1-c1c(O)ccc2ccccc12,O=C(Nc1ccccc1C1=N[C@@H]2c3ccccc3C[C@@H]2O1)c1ccccc1P(c1ccccc1)c1ccccc1,0,0,6 10,2 10,-805.943856,-1949.73391,-4.912880499366067,47.543559750316966,-52.456440249683034
66,1088,Cc1cccc(O)c1-c1c(O)ccc2ccccc12,O=C(Nc1cccc(C(F)(F)F)c1C1=N[C@@H]2c3ccccc3C[C@@H]2O1)c1ccccc1P(c1ccccc1)c1ccccc1,0,1,6 10,2 14,-805.943856,-2286.515962,2.1228311112779226,51.06141555563896,-48.93858444436104
66,1089,Cc1cccc(O)c1-c1c(O)ccc2ccccc12,CC(CC1=N[C@H]2c3ccccc3C[C@@H]2O1)(C1=N[C@H]2c3ccccc3C[C@H]2O1)C1=N[C@H]2c3ccccc3C[C@H]2O1,0,0,6 10,16 28,-805.943856,-1663.278129,-9.146706957983731,45.42664652100814,-54.57335347899186
66,1090,Cc1cccc(O)c1-c1c(O)ccc2ccccc12,CC(C)(C1=N[C@H](Cc2ccccc2)CO1)C1=N[C@H](Cc2ccccc2)CO1,0,0,6 10,16 4,-805.943856,-1150.888196,31.40975251205151,65.70487625602576,-34.295123743974244
66,1091,Cc1cccc(O)c1-c1c(O)ccc2ccccc12,c1ccc(C[C@H]2COC(C3(C4=N[C@@H](Cc5ccccc5)CO4)CCCCC3)=N2)cc1,0,0,6 10,27 11,-805.943856,-1267.472166,-26.658830605948566,36.67058469702572,-63.32941530297428
66,1092,Cc1cccc(O)c1-c1c(O)ccc2ccccc12,c1ccc(C[C@H]2COC(C3(C4=N[C@@H](Cc5ccccc5)CO4)CCCC3)=N2)cc1,0,1,6 10,26 11,-805.943856,-1228.21857,-44.17421416132034,27.91289291933983,-72.08710708066018
66,1093,Cc1cccc(O)c1-c1c(O)ccc2ccccc12,c1ccc(C[C@H]2COC(C3(C4=N[C@@H](Cc5ccccc5)CO4)CCC3)=N2)cc1,0,0,6 10,25 11,-805.943856,-1188.932527,-20.187947623706645,39.906026188146676,-60.093973811853324
66,1094,Cc1cccc(O)c1-c1c(O)ccc2ccccc12,c1ccc(C[C@H]2COC(C3(C4=N[C@@H](Cc5ccccc5)CO4)CC3)=N2)cc1,0,0,6 10,24 11,-805.943856,-1149.663336,-32.8605089371531,33.56974553142345,-66.43025446857655
66,1095,Cc1cccc(O)c1-c1c(O)ccc2ccccc12,CC(Cc1ccccc1)(C1=N[C@H](Cc2ccccc2)CO1)C1=N[C@H](Cc2ccccc2)CO1,0,0,6 10,10 22,-805.943856,-1381.707279,12.680501324112608,56.340250662056306,-43.659749337943694
66,1096,Cc1cccc(O)c1-c1c(O)ccc2ccccc12,c1ccc(C[C@H]2COC(C(Cc3ccccc3)(Cc3ccccc3)C3=N[C@@H](Cc4ccccc4)CO3)=N2)cc1,0,0,6 10,25 36,-805.943856,-1612.547877,-9.925707266451267,45.037146366774365,-54.962853633225635
66,1097,Cc1cccc(O)c1-c1c(O)ccc2ccccc12,CC(C)(C)c1ccc(CC(Cc2ccc(C(C)(C)C)cc2)(C2=N[C@H](Cc3ccccc3)CO2)C2=N[C@H](Cc3ccccc3)CO2)cc1,0,0,6 10,34 22,-805.943856,-1926.618731,2.862293271874238,51.43114663593712,-48.56885336406288
66,1098,Cc1cccc(O)c1-c1c(O)ccc2ccccc12,c1ccc(C[C@@H]2COC(CC3=N[C@H](Cc4ccccc4)CO3)=N2)cc1,0,0,6 10,11 22,-805.943856,-1072.356973,9.746816509926552,54.87340825496327,-45.12659174503673
66,1099,Cc1cccc(O)c1-c1c(O)ccc2ccccc12,c1ccc(C[C@H]2COC(c3ccccn3)=N2)cc1,0,0,6 10,14 15,-805.943856,-764.0089485,-17.525242474416363,41.23737876279182,-58.76262123720818
66,1100,Cc1cccc(O)c1-c1c(O)ccc2ccccc12,c1ccc(C[C@H]2COC(c3ccc4ccccc4n3)=N2)cc1,0,0,6 10,18 19,-805.943856,-917.5151879,-11.217130956686322,44.39143452165684,-55.60856547834316
66,1101,Cc1cccc(O)c1-c1c(O)ccc2ccccc12,FC(F)(F)c1ccc(C2=N[C@@H](Cc3ccccc3)CO2)nc1,0,0,6 10,9 20,-805.943856,-1100.805579,-22.602321277172617,38.69883936141369,-61.30116063858631
66,1102,Cc1cccc(O)c1-c1c(O)ccc2ccccc12,Fc1ccc(C2=N[C@@H](Cc3ccccc3)CO2)nc1,0,0,6 10,17 6,-805.943856,-863.1783062,-14.495503509432414,42.752248245283795,-57.247751754716205
66,1103,Cc1cccc(O)c1-c1c(O)ccc2ccccc12,CC(C)(C1=N[C@@H](Cc2ccccc2)CO1)c1ccccn1,0,0,6 10,4 20,-805.943856,-881.7938527,-14.817945782312236,42.59102710884388,-57.40897289115612
66,1104,Cc1cccc(O)c1-c1c(O)ccc2ccccc12,FC(F)(F)c1ccnc(C2=N[C@@H](Cc3ccccc3)CO2)c1,0,0,6 10,10 7,-805.943856,-1100.805638,-18.130337977474035,40.934831011262986,-59.065168988737014
66,1105,Cc1cccc(O)c1-c1c(O)ccc2ccccc12,c1ccc(C[C@@H]2COC(C3=N[C@H](Cc4ccccc4)CO3)=N2)cc1,0,0,6 10,10 21,-805.943856,-1033.091065,8.52006950374336,54.26003475187168,-45.73996524812832
66,1106,Cc1cccc(O)c1-c1c(O)ccc2ccccc12,c1ccc(C[C@@H]2COC(c3cccc(C4=N[C@H](Cc5ccccc5)CO4)n3)=N2)cc1,0,0,6 10,26 27 15,-805.943856,-1279.968702,4.379571558574936,52.18978577928747,-47.81021422071253
66,1107,Cc1cccc(O)c1-c1c(O)ccc2ccccc12,c1ccc(C[C@@H]2COC(c3cccc(C4=N[C@H](Cc5ccccc5)CO4)c3)=N2)cc1,0,0,6 10,27 15,-805.943856,-1263.941857,1.543236641566276,50.77161832078314,-49.22838167921686
66,1108,Cc1cccc(O)c1-c1c(O)ccc2ccccc12,c1ccc(C[C@H]2COC(C(Cc3ccc4ccccc4n3)(Cc3ccc4ccccc4n3)C3=N[C@@H](Cc4ccccc4)CO3)=N2)cc1,0,0,6 10,33 44,-805.943856,-1951.637558,-11.22830485154291,44.38584757422854,-55.61415242577146
66,1109,Cc1cccc(O)c1-c1c(O)ccc2ccccc12,c1ccc(C[C@@H]2COC(c3cccc4c3oc3c(C5=N[C@H](Cc6ccccc6)CO5)cccc34)=N2)cc1,0,0,6 10,34 19 15,-805.943856,-1568.762289,1.1794129776464848,50.58970648882324,-49.41029351117676
66,1110,Cc1cccc(O)c1-c1c(O)ccc2ccccc12,c1ccc(C[C@@H]2COC(c3cccc(-c4cccc(C5=N[C@H](Cc6ccccc6)CO5)n4)n3)=N2)cc1,0,0,6 10,32 33 20 31,-805.943856,-1526.847484,-1.380184044901656,49.30990797754917,-50.69009202245083
66,1111,Cc1cccc(O)c1-c1c(O)ccc2ccccc12,N#C/C(C1=N[C@@H](Cc2ccccc2)CO1)=C1/[N-][C@@H](Cc2ccccc2)CO1,0,0,6 10,4 16,-805.943856,-1164.01035,-15.672225531521143,42.163887234239425,-57.836112765760575
66,1112,Cc1cccc(O)c1-c1c(O)ccc2ccccc12,CC(C)(C1=N[C@H](c2ccccc2)[C@H](c2ccccc2)O1)C1=N[C@H](c2ccccc2)[C@H](c2ccccc2)O1,0,0,6 10,4 21,-805.943856,-1534.032214,25.195426052908847,62.59771302645442,-37.40228697354558
66,1113,Cc1cccc(O)c1-c1c(O)ccc2ccccc12,c1ccc([C@H]2OC(C3(C4=N[C@@H](c5ccccc5)[C@@H](c5ccccc5)O4)CCCCC3)=N[C@H]2c2ccccc2)cc1,0,3,6 10,9 30,-805.943856,-1650.634597,-11.814104787605459,44.09294760619727,-55.90705239380273
66,1114,Cc1cccc(O)c1-c1c(O)ccc2ccccc12,c1ccc([C@H]2OC(C3(C4=N[C@@H](c5ccccc5)[C@@H](c5ccccc5)O4)CCCC3)=N[C@H]2c2ccccc2)cc1,0,0,6 10,9 29,-805.943856,-1611.364108,-18.964459785075917,40.51777010746204,-59.48222989253796
66,1115,Cc1cccc(O)c1-c1c(O)ccc2ccccc12,c1ccc([C@H]2OC(C3(C4=N[C@@H](c5ccccc5)[C@@H](c5ccccc5)O4)CC3)=N[C@H]2c2ccccc2)cc1,0,0,6 10,9 27,-805.943856,-1532.815707,-16.009624297642272,41.99518785117886,-58.00481214882114
66,1116,Cc1cccc(O)c1-c1c(O)ccc2ccccc12,CC(Cc1ccccc1)(C1=N[C@H](c2ccccc2)[C@H](c2ccccc2)O1)C1=N[C@H](c2ccccc2)[C@H](c2ccccc2)O1,0,4,6 10,10 27,-805.943856,-1764.861718,20.590155028533403,60.2950775142667,-39.7049224857333
66,1117,Cc1cccc(O)c1-c1c(O)ccc2ccccc12,c1ccc(CC(Cc2ccccc2)(C2=N[C@@H](c3ccccc3)[C@@H](c3ccccc3)O2)C2=N[C@@H](c3ccccc3)[C@@H](c3ccccc3)O2)cc1,0,1,6 10,14 31,-805.943856,-1995.696517,-8.330147843057073,45.83492607847146,-54.16507392152854
66,1118,Cc1cccc(O)c1-c1c(O)ccc2ccccc12,CC(C)(C)c1ccc(CC(Cc2ccc(C(C)(C)C)cc2)(C2=N[C@@H](c3ccccc3)[C@@H](c3ccccc3)O2)C2=N[C@@H](c3ccccc3)[C@@H](c3ccccc3)O2)cc1,0,0,6 10,22 39,-805.943856,-2309.776028,-11.181919116036893,44.40904044198155,-55.59095955801845
66,1119,Cc1cccc(O)c1-c1c(O)ccc2ccccc12,c1ccc([C@H]2N=C(CC3=N[C@H](c4ccccc4)[C@H](c4ccccc4)O3)O[C@H]2c2ccccc2)cc1,0,0,6 10,9 5,-805.943856,-1455.5077,9.15301544042325,54.57650772021162,-45.42349227978838
66,1120,Cc1cccc(O)c1-c1c(O)ccc2ccccc12,c1ccc([C@H]2OC(c3ccccn3)=N[C@H]2c2ccccc2)cc1,0,0,6 10,12 13,-805.943856,-955.5810827,-13.824680611084549,43.08765969445773,-56.91234030554227
66,1121,Cc1cccc(O)c1-c1c(O)ccc2ccccc12,c1ccc([C@H]2N=C(c3ccc4ccccc4n3)O[C@H]2c2ccccc2)cc1,0,0,6 10,16 5,-805.943856,-1109.087172,14.658481669870188,57.32924083493509,-42.67075916506491
66,1122,Cc1cccc(O)c1-c1c(O)ccc2ccccc12,FC(F)(F)c1ccc(C2=N[C@@H](c3ccccc3)[C@@H](c3ccccc3)O2)nc1,0,0,6 10,9 25,-805.943856,-1292.377378,-13.544625719481008,43.2276871402595,-56.7723128597405
66,1123,Cc1cccc(O)c1-c1c(O)ccc2ccccc12,c1ccc([C@H]2N=C(c3cccc(C4=N[C@H](c5ccccc5)[C@H](c5ccccc5)O4)n3)O[C@H]2c2ccccc2)cc1,0,1,6 10,29 13 5,-805.943856,-1663.108881,8.40885910428647,54.20442955214324,-45.79557044785676
66,1124,Cc1cccc(O)c1-c1c(O)ccc2ccccc12,N#C/C(C1=N[C@H](c2ccccc2)[C@H](c2ccccc2)O1)=C1/[N-][C@H](c2ccccc2)[C@H](c2ccccc2)O1,0,0,6 10,4 21,-805.943856,-1547.161777,7.308995259642016,53.65449762982101,-46.34550237017899
66,1125,Cc1cccc(O)c1-c1c(O)ccc2ccccc12,c1ccc([C@@H]2N=C(c3cccc4c3oc3c(C5=N[C@@H](c6ccccc6)[C@H](c6ccccc6)O5)cccc34)O[C@H]2c2ccccc2)cc1,0,0,6 10,17 13 5,-805.943856,-1951.910503,-12.831827283187494,43.58408635840625,-56.41591364159375
66,1126,Cc1cccc(O)c1-c1c(O)ccc2ccccc12,Cc1ccc(S(=O)(=O)N2C(c3cccc(C4=N[C@@H](c5ccccc5)[C@H](c5ccccc5)N4S(=O)(=O)c4ccc(C)cc4)c3)=N[C@@H](c3ccccc3)[C@@H]2c2ccccc2)cc1,0,0,6 10,16 43,-805.943856,-3244.251941,-0.3734247820474472,49.813287608976275,-50.186712391023725
66,1127,Cc1cccc(O)c1-c1c(O)ccc2ccccc12,c1ccc([C@@H]2N=C(c3cccc(C4=N[C@@H](c5ccccc5)[C@H](c5ccccc5)N4)c3)N[C@H]2c2ccccc2)cc1,0,0,6 10,5 13,-805.943856,-1607.358369,-10.848487801221335,44.57575609938933,-55.42424390061067
66,1128,Cc1cccc(O)c1-c1c(O)ccc2ccccc12,C[C@H]1COC(C(C)(C)C2=N[C@@H](C)CO2)=N1,0,0,6 10,9 14,-805.943856,-689.222808,-11.87275240254077,44.063623798729616,-55.936376201270384
66,1129,Cc1cccc(O)c1-c1c(O)ccc2ccccc12,C[C@H]1COC(C(C)(Cc2ccccc2)C2=N[C@@H](C)CO2)=N1,0,0,6 10,20 15,-805.943856,-920.0497162,-19.68230457089836,40.15884771455082,-59.84115228544918
66,1130,Cc1cccc(O)c1-c1c(O)ccc2ccccc12,C[C@H]1COC(C(Cc2ccc(C(C)(C)C)cc2)(Cc2ccc(C(C)(C)C)cc2)C2=N[C@@H](C)CO2)=N1,0,0,6 10,34 29,-805.943856,-1464.962808,-10.583856774813697,44.70807161259315,-55.29192838740685
66,1131,Cc1cccc(O)c1-c1c(O)ccc2ccccc12,C[C@@H]1COC(C(Cc2ccccc2)(Cc2ccccc2)C2=N[C@H](C)CO2)=N1,0,4,6 10,26 21,-805.943856,-1150.883527,1.820340534655477,50.910170267327736,-49.089829732672264
66,1132,Cc1cccc(O)c1-c1c(O)ccc2ccccc12,C[C@@H]1COC(CC2=N[C@H](C)CO2)=N1,0,0,6 10,12 7,-805.943856,-610.6988939,0.12372977512738359,50.061864887563694,-49.938135112436306
66,1133,Cc1cccc(O)c1-c1c(O)ccc2ccccc12,C[C@H]1COC(c2ccc(C(F)(F)F)cn2)=N1,0,0,6 10,14 15,-805.943856,-869.9753069,-12.365703455187539,43.81714827240623,-56.18285172759377
66,1134,Cc1cccc(O)c1-c1c(O)ccc2ccccc12,C[C@H]1COC(C2=N[C@@H](C)CO2)=N1,0,0,6 10,11 6,-805.943856,-571.4282178,-2.0437994182681627,48.97810029086592,-51.02189970913408
66,1135,Cc1cccc(O)c1-c1c(O)ccc2ccccc12,CC(C)C[C@@H]1COC(C2=N[C@H](CC(C)C)CO2)=N1,0,0,6 10,9 17,-805.943856,-806.9877797,13.404702002172375,56.702351001086186,-43.297648998913814
66,1136,Cc1cccc(O)c1-c1c(O)ccc2ccccc12,Cc1ccc(N2C[C@H](CC(C)C)N=C2C2=N[C@@H](CC(C)C)CN2c2ccc(C)cc2)cc1,0,1,6 10,12 15,-805.943856,-1307.466211,-9.720855090084164,45.139572454957914,-54.860427545042086
66,1137,Cc1cccc(O)c1-c1c(O)ccc2ccccc12,CC(C)C[C@H]1CN(c2cccc(C(C)(C)C)c2)C(C2=N[C@@H](CC(C)C)CN2c2cccc(C(C)(C)C)c2)=N1,0,1,6 10,19 37,-805.943856,-1543.017894,-3.902979578910144,48.048510210544926,-51.951489789455074
66,1138,Cc1cccc(O)c1-c1c(O)ccc2ccccc12,CC[C@@H](C)[C@H]1CN(c2cccc(C(C)(C)C)c2)C(C2=N[C@@H]([C@H](C)CC)CN2c2cccc(C(C)(C)C)c2)=N1,0,0,6 10,19 37,-805.943856,-1543.021699,-11.884480097105008,44.057759951447494,-55.942240048552506
66,1139,Cc1cccc(O)c1-c1c(O)ccc2ccccc12,C1CCC([C@H]2COC(C3=N[C@@H](C4CCCCC4)CO3)=N2)CC1,0,0,6 10,9 19,-805.943856,-961.6661462,-12.710343383804677,43.64482830809766,-56.35517169190234
66,1140,Cc1cccc(O)c1-c1c(O)ccc2ccccc12,N[C@H]1c2ccccc2C[C@H]1[O-],0,0,6 10,0 10,-805.943856,-478.4750351,-2.455934145929861,48.77203292703507,-51.22796707296493
66,1141,Cc1cccc(O)c1-c1c(O)ccc2ccccc12,[O-]C(c1ccccc1)(c1ccccc1)[C@H]1CCCN1,0,4,6 10,0 18,-805.943856,-787.8268535,1.1416698791521043,50.57083493957605,-49.42916506042395
66,1142,Cc1cccc(O)c1-c1c(O)ccc2ccccc12,N[C@@H](c1ccccc1)[C@H]([O-])c1ccccc1,0,1,6 10,0 9,-805.943856,-671.2387181,-2.314726188574846,48.842636905712574,-51.157363094287426
66,1143,Cc1cccc(O)c1-c1c(O)ccc2ccccc12,N[C@@H]1CCCC[C@H]1[O-],0,0,6 10,0 7,-805.943856,-365.4171147,-5.490469664671175,47.25476516766441,-52.74523483233559
66,1144,Cc1cccc(O)c1-c1c(O)ccc2ccccc12,N[C@@H](C[O-])Cc1ccccc1,0,0,6 10,0 3,-805.943856,-479.6485701,-4.120324399140566,47.939837800429714,-52.060162199570286
66,1145,Cc1cccc(O)c1-c1c(O)ccc2ccccc12,[O-]C[C@@H]1CCCN1Cc1ccccc1,0,0,6 10,0 6,-805.943856,-596.2244044,2.591273896680562,51.29563694834028,-48.70436305165972
66,1146,Cc1cccc(O)c1-c1c(O)ccc2ccccc12,N[C@H](C[O-])Cc1ccccc1,0,1,6 10,0 3,-805.943856,-479.6493962,1.5245788786977892,50.7622894393489,-49.2377105606511
66,1147,Cc1cccc(O)c1-c1c(O)ccc2ccccc12,[O-]C[C@@H]1CCCN1,0,0,6 10,0 6,-805.943856,-326.127563,-0.6940380238410917,49.652980988079456,-50.347019011920544
66,1148,Cc1cccc(O)c1-c1c(O)ccc2ccccc12,CC(C)(C)[C@@H](N)C[O-],0,0,6 10,5 7,-805.943856,-366.5936045,-4.984173821997148,47.50791308900143,-52.49208691099857
66,1149,Cc1cccc(O)c1-c1c(O)ccc2ccccc12,CC(C)[C@H](N)C[O-],0,0,6 10,4 6,-805.943856,-327.333821,-4.7149871358227635,47.64250643208862,-52.35749356791138
66,1150,Cc1cccc(O)c1-c1c(O)ccc2ccccc12,N[C@@H](C[O-])c1ccccc1,0,1,6 10,0 3,-805.943856,-440.3907373,-4.18050820378555,47.909745898107225,-52.090254101892775
66,1151,Cc1cccc(O)c1-c1c(O)ccc2ccccc12,[O-]C(c1cc(C(F)(F)F)cc(C(F)(F)F)c1)(c1cc(C(F)(F)F)cc(C(F)(F)F)c1)[C@H]1CCCN1,0,0,6 10,0 34,-805.943856,-2135.060687,0.9905194733386367,50.49525973666932,-49.50474026333068
66,1152,Cc1cccc(O)c1-c1c(O)ccc2ccccc12,COc1nc2ccc(Br)cc2cc1[C@@H](c1ccccc1)[C@@]([O-])(CCN(C)C)c1ccc2ccccc2c1,0,0,6 10,24 21,-805.943856,-4069.87959,-1.931170487255934,49.03441475637203,-50.96558524362797
66,1153,Cc1cccc(O)c1-c1c(O)ccc2ccccc12,CC(C)(C)c1cc(/C=N/[C@@H]2CCCC[C@H]2/N=C/c2cc(C(C)(C)C)cc(C(C)(C)C)c2[O-])c([O-])c(C(C)(C)C)c1,0,1,6 10,8 15,-805.943856,-1661.320129,-0.13951926475002452,49.93024036762499,-50.06975963237501
66,1154,Cc1cccc(O)c1-c1c(O)ccc2ccccc12,CN[C@@H]1CCCC[C@H]1NC,0,0,6 10,8 1,-805.943856,-424.657817,-5.87504885199487,47.06247557400256,-52.93752442599744
66,1155,Cc1cccc(O)c1-c1c(O)ccc2ccccc12,CC(C)(C)[C@H]1CN2C[C@H](C(C)(C)C)[N-]C2=N1,0,0,6 10,13 6 15,-805.943856,-673.33055,-2.0231558289692453,48.988422085515374,-51.011577914484626
66,1156,Cc1cccc(O)c1-c1c(O)ccc2ccccc12,CCN(CC)[C@@H]1CCCC[C@H]1NC(=S)Nc1cc(C(F)(F)F)cc(C(F)(F)F)c1,0,0,6 10,2 11,-805.943856,-1899.093947,2.4109612601398878,51.20548063006994,-48.79451936993006
66,1157,Cc1cccc(O)c1-c1c(O)ccc2ccccc12,O=C(N[C@H]1CCCC[C@@H]1NC(=O)c1ccccn1)c1ccccn1,0,0,6 10,9 2 17 23,-805.943856,-1066.431466,-3.4531991574067358,48.273400421296635,-51.726599578703365
66,1158,Cc1cccc(O)c1-c1c(O)ccc2ccccc12,C=C[C@@H]1C[N@@]2CC[C@H]1C[C@@H]2[C@H](N)c1ccnc2ccc(OC)cc12,0,0,6 10,11 4,-805.943856,-1015.561433,-1.7576669816814219,49.12116650915929,-50.87883349084071
66,1159,Cc1cccc(O)c1-c1c(O)ccc2ccccc12,C=C[C@@H]1C[N@@]2CC[C@H]1C[C@H]2[C@H](N)c1ccnc2ccc(OC)cc12,0,0,6 10,11 4,-805.943856,-1015.556456,-3.7231784676323194,48.13841076618384,-51.86158923381616
66,1160,Cc1cccc(O)c1-c1c(O)ccc2ccccc12,[O-][C@@H]1CCCC[C@H]1[O-],0,0,6 10,0 7,-805.943856,-384.5074297,-3.934095121019408,48.032952439490295,-51.967047560509705
66,1161,Cc1cccc(O)c1-c1c(O)ccc2ccccc12,CC1(C)[C@@H]2C[C@@H]([O-])[C@@](C)([O-])[C@H]1C2,0,0,6 10,6 9,-805.943856,-540.3370829,-3.06385260505596,48.46807369747202,-51.53192630252798
66,1162,Cc1cccc(O)c1-c1c(O)ccc2ccccc12,[O-]C[C@@H]1CCCC[C@H]1C[O-],0,0,6 10,0 9,-805.943856,-463.072022,-0.714948029797374,49.642525985101315,-50.357474014898685
66,1163,Cc1cccc(O)c1-c1c(O)ccc2ccccc12,[O-][C@@H](c1ccccc1)C([O-])(c1ccccc1)c1ccccc1,0,0,6 10,0 9,-805.943856,-921.2481744,-4.523732332272962,47.73813383386352,-52.26186616613648
66,1164,Cc1cccc(O)c1-c1c(O)ccc2ccccc12,CC1(C)O[C@H](C([O-])(c2ccccc2)c2ccccc2)[C@@H](C([O-])(c2ccccc2)c2ccccc2)O1,0,3,6 10,6 21,-805.943856,-1497.557147,-5.259364789076851,47.37031760546157,-52.62968239453843
66,1165,Cc1cccc(O)c1-c1c(O)ccc2ccccc12,CC1(c2ccccc2)O[C@@H](C([O-])(c2ccccc2)c2ccccc2)[C@H](C([O-])(c2ccccc2)c2ccccc2)O1,0,5,6 10,11 26,-805.943856,-1689.135424,-3.3267083926240386,48.33664580368798,-51.66335419631202
66,1166,Cc1cccc(O)c1-c1c(O)ccc2ccccc12,CC1(C)O[C@@H](C([O-])(c2cccc3ccccc23)c2cccc3ccccc23)[C@H](C([O-])(c2cccc3ccccc23)c2cccc3ccccc23)O1,0,0,6 10,6 29,-805.943856,-2111.547452,-2.102550490453117,48.948724754773444,-51.051275245226556
66,1167,Cc1cccc(O)c1-c1c(O)ccc2ccccc12,[O-]C(c1ccccc1)(c1ccccc1)[C@H]1OC2(CCCCC2)O[C@@H]1C([O-])(c1ccccc1)c1ccccc1,0,2,6 10,0 25,-805.943856,-1614.153477,-2.0582867112450245,48.97085664437749,-51.02914335562251
66,1168,Cc1cccc(O)c1-c1c(O)ccc2ccccc12,CC1(C)O[C@@H](C[O-])[C@H](C[O-])O1,0,0,6 10,6 9,-805.943856,-574.1407143,-4.363007025935848,47.81849648703208,-52.18150351296792
66,1169,Cc1cccc(O)c1-c1c(O)ccc2ccccc12,C1CCN2C[C@H]3C[C@H](CN4CCCC[C@@H]34)[C@H]2C1,0,0,6 10,9 3,-805.943856,-695.9272943,-7.278676853565187,46.360661573217406,-53.639338426782594
66,1170,Cc1cccc(O)c1-c1c(O)ccc2ccccc12,NC(=O)[C@@H]1CC(F)(F)CN1,0,0,6 10,0 9,-805.943856,-579.2434339,-7.340664669384484,46.32966766530776,-53.67033233469224
66,1171,Cc1cccc(O)c1-c1c(O)ccc2ccccc12,O=C(N[C@H]1CCCC[C@@H]1NC(=O)c1ccccn1)c1ccccn1,0,0,6 10,9 2 17 23,-805.943856,-1066.417296,-3.3349846550386144,48.332507672480695,-51.667492327519305
66,1172,Cc1cccc(O)c1-c1c(O)ccc2ccccc12,c1ccc(CN[C@@H]2CCCC[C@H]2NCc2ccccc2)cc1,0,0,6 10,12 5,-805.943856,-886.3100667,3.2554390957216697,51.627719547860835,-48.372280452139165
66,1173,Cc1cccc(O)c1-c1c(O)ccc2ccccc12,COc1ccc([C@H](N)[C@@H](N)c2ccc(OC)cc2)cc1,0,0,6 10,9 7,-805.943856,-880.7644659,-4.152728896772354,47.92363555161382,-52.07636444838618
66,1174,Cc1cccc(O)c1-c1c(O)ccc2ccccc12,CN[C@H](c1ccccc1)[C@H](NC)c1ccccc1,0,0,6 10,1 10,-805.943856,-730.4598814,-1.454199950683507,49.27290002465825,-50.72709997534175
66,1175,Cc1cccc(O)c1-c1c(O)ccc2ccccc12,O=C(N[C@H]1CCCC[C@@H]1NC(=O)c1ccccc1P(c1ccccc1)c1ccccc1)c1ccccc1P(c1ccccc1)c1ccccc1,0,0,6 10,9 2,-805.943856,-2641.38663,-4.444741520845635,47.77762923957718,-52.22237076042282
66,1176,Cc1cccc(O)c1-c1c(O)ccc2ccccc12,O=C(N[C@@H](c1ccccc1)[C@@H](NC(=O)c1ccccc1P(c1ccccc1)c1ccccc1)c1ccccc1)c1ccccc1P(c1ccccc1)c1ccccc1,0,0,6 10,2 11,-805.943856,-2947.2013,0.09602657923077818,50.04801328961539,-49.95198671038461
66,1177,Cc1cccc(O)c1-c1c(O)ccc2ccccc12,O=S(=O)(N[C@@H](c1ccccc1)[C@@H](NS(=O)(=O)C(F)(F)F)c1ccccc1)C(F)(F)F,0,0,6 10,3 12,-805.943856,-2422.191334,0.2870141520495002,50.14350707602475,-49.85649292397525
66,1178,Cc1cccc(O)c1-c1c(O)ccc2ccccc12,[O-]c1ccccc1/C=N/[C@@H](c1ccccc1)[C@@H](/N=C/c1ccccc1[O-])c1ccccc1,0,0,6 10,8 17,-805.943856,-1338.945921,-4.418287665867385,47.79085616706631,-52.20914383293369
67,1001,Cc1cccc(O)c1-c1c(O)c(-c2ccccc2)cc2ccccc12,CC(C)(C1=N[C@@H](C(C)(C)C)CO1)C1=N[C@@H](C(C)(C)C)CO1,0,3,6 10,4 13,-1036.777764,-924.7872077,-59.29708489579368,20.35145755210316,-79.64854244789684
67,1002,Cc1cccc(O)c1-c1c(O)c(-c2ccccc2)cc2ccccc12,CC(C)(C)[C@@H]1COC(C2(C3=N[C@H](C(C)(C)C)CO3)CCCCC2)=N1,0,0,6 10,10 23,-1036.777764,-1041.378417,30.08830895703261,65.0441544785163,-34.955845521483695
67,1003,Cc1cccc(O)c1-c1c(O)c(-c2ccccc2)cc2ccccc12,CC(C)(C)[C@H]1COC(C2(C3=N[C@@H](C(C)(C)C)CO3)CCCC2)=N1,0,2,6 10,10 22,-1036.777764,-1002.119896,-54.931334865844036,22.534332567077982,-77.46566743292202
67,1004,Cc1cccc(O)c1-c1c(O)c(-c2ccccc2)cc2ccccc12,CC(C)(C)[C@H]1COC(C2(C3=N[C@@H](C(C)(C)C)CO3)CCC2)=N1,0,0,6 10,10 21,-1036.777764,-962.8318746,-38.16092697119676,30.91953651440162,-69.08046348559839
67,1005,Cc1cccc(O)c1-c1c(O)c(-c2ccccc2)cc2ccccc12,CC(C)(C)[C@@H]1COC(C2(C3=N[C@H](C(C)(C)C)CO3)CC2)=N1,0,2,6 10,10 20,-1036.777764,-923.5694488,53.140973818474485,76.57048690923725,-23.429513090762757
67,1006,Cc1cccc(O)c1-c1c(O)c(-c2ccccc2)cc2ccccc12,CC(C)(C)[C@@H]1COC(CC2=N[C@H](C(C)(C)C)CO2)=N1,0,1,6 10,10 18,-1036.777764,-846.2631981,6.743087969142557,53.371543984571275,-46.628456015428725
67,1007,Cc1cccc(O)c1-c1c(O)c(-c2ccccc2)cc2ccccc12,CC(C)(C)[C@H]1COC(C(Cc2ccccc2)(Cc2ccccc2)C2=N[C@@H](C(C)(C)C)CO2)=N1,0,0,6 10,24 32,-1036.777764,-1386.443314,-21.598675977792645,39.200662011103674,-60.799337988896326
67,1008,Cc1cccc(O)c1-c1c(O)c(-c2ccccc2)cc2ccccc12,CC(C)(C)[C@H]1COC(C2=N[C@@H](C(C)(C)C)CO2)=N1,0,1,6 10,9 17,-1036.777764,-806.9917463,-19.03294634038567,40.48352682980716,-59.51647317019284
67,1009,Cc1cccc(O)c1-c1c(O)c(-c2ccccc2)cc2ccccc12,CC(C)(C)[C@H]1COC(c2ccccn2)=N1,0,0,6 10,13 14,-1036.777764,-650.9603345,-27.646026341463077,36.17698682926846,-63.82301317073154
67,1010,Cc1cccc(O)c1-c1c(O)c(-c2ccccc2)cc2ccccc12,CC(C)(C)[C@H]1COC(c2ccc3ccccc3n2)=N1,0,0,6 10,17 18,-1036.777764,-804.4663888,-24.3197127028593,37.84014364857035,-62.15985635142965
67,1011,Cc1cccc(O)c1-c1c(O)c(-c2ccccc2)cc2ccccc12,CC(C)(C)[C@H]1COC(c2cccc(C3=N[C@@H](C(C)(C)C)CO3)n2)=N1,0,0,6 10,23 14 22,-1036.777764,-1053.868619,-12.504137058753319,43.74793147062334,-56.25206852937666
67,1012,Cc1cccc(O)c1-c1c(O)c(-c2ccccc2)cc2ccccc12,CC(C)(C)[C@@H]1COC(c2ccc(C(F)(F)F)cn2)=N1,0,0,6 10,17 18,-1036.777764,-987.756862,9.831694132931856,54.91584706646593,-45.08415293353407
67,1013,Cc1cccc(O)c1-c1c(O)c(-c2ccccc2)cc2ccccc12,CC(C)(C1=N[C@@H](C(C)(C)C)CO1)c1ccccn1,0,0,6 10,17 4,-1036.777764,-768.7447589,-17.377878588698017,41.31106070565099,-58.68893929434901
67,1014,Cc1cccc(O)c1-c1c(O)c(-c2ccccc2)cc2ccccc12,CC(C)(C)[C@@H]1COC(c2nccc3ccccc23)=N1,0,1,6 10,9 18,-1036.777764,-804.4621747,31.076466662234196,65.5382333311171,-34.4617666688829
67,1015,Cc1cccc(O)c1-c1c(O)c(-c2ccccc2)cc2ccccc12,CC(C)(C)[C@H]1COC([C@@H]2CCCC[C@H]2C2=N[C@@H](C(C)(C)C)CO2)=N1,0,0,6 10,23 15,-1036.777764,-1041.38254,-4.875391305021662,47.56230434748917,-52.43769565251083
67,1016,Cc1cccc(O)c1-c1c(O)c(-c2ccccc2)cc2ccccc12,CC(C)(C)[C@@H]1COC(c2ccccc2Nc2ccccc2C2=N[C@H](C(C)(C)C)CO2)=N1,0,0,6 10,22 14 30,-1036.777764,-1323.988245,-7.0489865504607065,46.475506724769645,-53.524493275230355
67,1017,Cc1cccc(O)c1-c1c(O)c(-c2ccccc2)cc2ccccc12,CC(C)(C)[C@H]1COC(/C=c2\[n-]/c(=C\C3=N[C@@H](C(C)(C)C)CO3)c3ccccc23)=N1,0,0,6 10,10 28 14,-1036.777764,-1246.074571,-7.176376554063328,46.41181172296834,-53.58818827703166
67,1018,Cc1cccc(O)c1-c1c(O)c(-c2ccccc2)cc2ccccc12,CC(C)(C)[C@H]1COC(c2cccc(-c3cccc(C4=N[C@@H](C(C)(C)C)CO4)n3)n2)=N1,0,0,6 10,27 19 28 29,-1036.777764,-1300.750937,-8.153974453861675,45.92301277306916,-54.07698722693084
67,1019,Cc1cccc(O)c1-c1c(O)c(-c2ccccc2)cc2ccccc12,CC(C)(C)[C@@H]1COC(c2cccc(-c3ccccn3)n2)=N1,0,0,6 10,18 19 20,-1036.777764,-897.839473,1.9394149286163245,50.969707464308165,-49.030292535691835
67,1020,Cc1cccc(O)c1-c1c(O)c(-c2ccccc2)cc2ccccc12,CC(C)(C)[C@@H]1COC(c2cccc(-c3ccccn3)n2)=N1,0,0,6 10,18 19 20,-1036.777764,-897.8395764,1.7725250156703165,50.886262507835156,-49.113737492164844
67,1021,Cc1cccc(O)c1-c1c(O)c(-c2ccccc2)cc2ccccc12,Cc1ccc(N2C[C@H](C(C)(C)C)N=C2C2=N[C@@H](C(C)(C)C)CN2c2ccc(C)cc2)cc1,0,0,6 10,12 15,-1036.777764,-1307.470214,-17.744852260705418,41.12757386964729,-58.87242613035271
67,1022,Cc1cccc(O)c1-c1c(O)c(-c2ccccc2)cc2ccccc12,CC(C)[C@@H]1COC(C(C)(C)C2=N[C@H](C(C)C)CO2)=N1,0,2,6 10,18 11,-1036.777764,-846.264983,39.42554925574868,69.71277462787434,-30.28722537212566
67,1023,Cc1cccc(O)c1-c1c(O)c(-c2ccccc2)cc2ccccc12,CC(C)[C@H]1COC(C2(C3=N[C@@H](C(C)C)CO3)CCCCC2)=N1,0,2,6 10,9 21,-1036.777764,-962.8650477,-25.033908757169957,37.48304562141502,-62.51695437858498
67,1024,Cc1cccc(O)c1-c1c(O)c(-c2ccccc2)cc2ccccc12,CC(C)[C@H]1COC(C2(C3=N[C@@H](C(C)C)CO3)CCCC2)=N1,0,0,6 10,9 20,-1036.777764,-923.5979956,-25.344233006889713,37.327883496555145,-62.672116503444855
67,1025,Cc1cccc(O)c1-c1c(O)c(-c2ccccc2)cc2ccccc12,CC(C)[C@H]1COC(C2(C3=N[C@@H](C(C)C)CO3)CC2)=N1,0,0,6 10,9 18,-1036.777764,-845.0470679,-50.82680091533965,24.586599542330173,-75.41340045766982
67,1026,Cc1cccc(O)c1-c1c(O)c(-c2ccccc2)cc2ccccc12,CC(C)[C@@H]1COC(CC2=N[C@H](C(C)C)CO2)=N1,0,3,6 10,16 9,-1036.777764,-767.7407516,-5.758216932806684,47.120891533596655,-52.879108466403345
67,1027,Cc1cccc(O)c1-c1c(O)c(-c2ccccc2)cc2ccccc12,CC(C)[C@H]1COC(C(C)(Cc2ccccc2)C2=N[C@@H](C(C)C)CO2)=N1,0,0,6 10,24 17,-1036.777764,-1077.094636,-41.84746911021033,29.076265444894837,-70.92373455510517
67,1028,Cc1cccc(O)c1-c1c(O)c(-c2ccccc2)cc2ccccc12,CC(C)[C@@H]1COC(C(Cc2ccccc2)(Cc2ccccc2)C2=N[C@H](C(C)C)CO2)=N1,0,1,6 10,30 23,-1036.777764,-1307.925837,13.560963661513163,56.780481830756585,-43.219518169243415
67,1029,Cc1cccc(O)c1-c1c(O)c(-c2ccccc2)cc2ccccc12,CC(C)[C@H]1COC(C(Cc2ccc(C(C)(C)C)cc2)(Cc2ccc(C(C)(C)C)cc2)C2=N[C@@H](C(C)C)CO2)=N1,0,0,6 10,38 31,-1036.777764,-1622.00837,-14.083275239823486,42.95836238008826,-57.04163761991174
67,1030,Cc1cccc(O)c1-c1c(O)c(-c2ccccc2)cc2ccccc12,CC(C)[C@@H]1COC(C2=N[C@H](C(C)C)CO2)=N1,0,0,6 10,8 15,-1036.777764,-728.4699348,22.20075267972095,61.100376339860475,-38.899623660139525
67,1031,Cc1cccc(O)c1-c1c(O)c(-c2ccccc2)cc2ccccc12,CC(C)[C@H]1COC(c2ccccn2)=N1,0,0,6 10,12 13,-1036.777764,-611.69952,-35.55320413180904,32.22339793409548,-67.77660206590451
67,1032,Cc1cccc(O)c1-c1c(O)c(-c2ccccc2)cc2ccccc12,CC(C)[C@@H]1COC(c2ccc3ccccc3n2)=N1,0,0,6 10,16 17,-1036.777764,-765.2054016,19.692990275154493,59.84649513757725,-40.15350486242275
67,1033,Cc1cccc(O)c1-c1c(O)c(-c2ccccc2)cc2ccccc12,CC(C)[C@@H]1COC(c2cccc(C3=N[C@H](C(C)C)CO3)n2)=N1,0,0,6 10,21 20 13,-1036.777764,-975.3489125,24.932108949141412,62.466054474570704,-37.533945525429296
67,1034,Cc1cccc(O)c1-c1c(O)c(-c2ccccc2)cc2ccccc12,CC(C)[C@H]1COC(c2ccc(C(F)(F)F)cn2)=N1,0,0,6 10,16 17,-1036.777764,-948.4960275,-27.81466632718658,36.09266683640671,-63.90733316359329
67,1035,Cc1cccc(O)c1-c1c(O)c(-c2ccccc2)cc2ccccc12,CC(C)[C@@H]1COC(Cc2ccccn2)=N1,0,0,6 10,13 14,-1036.777764,-650.9622206,-0.2577558803399187,49.87112205983004,-50.12887794016996
67,1036,Cc1cccc(O)c1-c1c(O)c(-c2ccccc2)cc2ccccc12,CC(C)[C@@H]1COC(c2nccc3ccccc23)=N1,0,0,6 10,8 17,-1036.777764,-765.2009547,21.803682515382064,60.90184125769103,-39.09815874230897
67,1037,Cc1cccc(O)c1-c1c(O)c(-c2ccccc2)cc2ccccc12,CC(C)[C@@H]1COC(c2ccc3cccnc3n2)=N1,0,0,6 10,16 17,-1036.777764,-781.2378695,-3.691913785956621,48.15404310702169,-51.84595689297831
67,1038,Cc1cccc(O)c1-c1c(O)c(-c2ccccc2)cc2ccccc12,CC(C)C[C@H]1COC(c2ccccc2P(c2ccccc2)c2ccccc2C2=N[C@@H](CC(C)C)CO2)=N1,0,0,6 10,28 14 36,-1036.777764,-1841.351686,4.142789055725519,52.07139452786276,-47.92860547213724
67,1039,Cc1cccc(O)c1-c1c(O)c(-c2ccccc2)cc2ccccc12,CC(C)[C@H]1COC(c2cccc3c2oc2c(C4=N[C@@H](C(C)C)CO4)cccc23)=N1,0,0,6 10,17 28 13,-1036.777764,-1264.139226,-14.547914767833674,42.72604261608316,-57.27395738391684
67,1040,Cc1cccc(O)c1-c1c(O)c(-c2ccccc2)cc2ccccc12,CC(C)[C@H]1COC(c2cccc(C3=N[C@@H](C(C)C)CO3)c2)=N1,0,1,6 10,21 13,-1036.777764,-959.3224258,-14.584429770922034,42.707785114538986,-57.292214885461014
67,1041,Cc1cccc(O)c1-c1c(O)c(-c2ccccc2)cc2ccccc12,CC(C)c1cccc(N2C[C@H](C(C)C)N=C2C2=N[C@@H](C(C)C)CN2c2cccc(C(C)C)c2)c1,0,0,6 10,14 17,-1036.777764,-1385.989932,-21.02368983949497,39.48815508025251,-60.51184491974749
67,1042,Cc1cccc(O)c1-c1c(O)c(-c2ccccc2)cc2ccccc12,CC(C)[C@H]1CN(c2ccc(C(F)(F)F)cc2)C(C2=N[C@@H](C(C)C)CN2c2ccc(C(F)(F)F)cc2)=N1,0,0,6 10,18 35,-1036.777764,-1824.017689,-16.00299444049151,41.99850277975425,-58.00149722024575
67,1043,Cc1cccc(O)c1-c1c(O)c(-c2ccccc2)cc2ccccc12,Cc1ccc(N2C[C@H](C(C)C)N=C2C2=N[C@@H](C(C)C)CN2c2ccc(C)cc2)cc1,0,0,6 10,11 14,-1036.777764,-1228.948101,-11.13069722672802,44.43465138663599,-55.56534861336401
67,1044,Cc1cccc(O)c1-c1c(O)c(-c2ccccc2)cc2ccccc12,CC(C)[C@H]1COC(/C(C#N)=C2\[N-][C@@H](C(C)C)CO2)=N1,0,6,6 10,11 18,-1036.777764,-859.3852808,-11.472865690194494,44.26356715490275,-55.73643284509725
67,1045,Cc1cccc(O)c1-c1c(O)c(-c2ccccc2)cc2ccccc12,CC(C)[C@H]1N=C(c2cccc(C3=N[C@H](C(C)C)C(c4ccccc4)(c4ccccc4)O3)n2)OC1(c1ccccc1)c1ccccc1,0,0,6 10,4 12 31,-1036.777764,-1898.675751,5.185177823323654,52.59258891166183,-47.40741108833817
67,1046,Cc1cccc(O)c1-c1c(O)c(-c2ccccc2)cc2ccccc12,CC(C)(C1=N[C@H](c2ccccc2)CO1)C1=N[C@H](c2ccccc2)CO1,0,4,6 10,4 15,-1036.777764,-1072.360523,38.5745101900053,69.28725509500265,-30.71274490499735
67,1047,Cc1cccc(O)c1-c1c(O)c(-c2ccccc2)cc2ccccc12,c1ccc([C@@H]2COC(C3(C4=N[C@H](c5ccccc5)CO4)CCCCC3)=N2)cc1,0,1,6 10,25 10,-1036.777764,-1188.961784,29.34955513484634,64.67477756742318,-35.32522243257683
67,1048,Cc1cccc(O)c1-c1c(O)c(-c2ccccc2)cc2ccccc12,c1ccc([C@H]2COC(C3(C4=N[C@@H](c5ccccc5)CO4)CCCC3)=N2)cc1,0,1,6 10,24 10,-1036.777764,-1149.693678,-47.88734263465014,26.05632868267493,-73.94367131732507
67,1049,Cc1cccc(O)c1-c1c(O)c(-c2ccccc2)cc2ccccc12,c1ccc([C@@H]2COC(C3(C4=N[C@H](c5ccccc5)CO4)CCC3)=N2)cc1,0,0,6 10,10 23,-1036.777764,-1110.405334,21.52661873618934,60.76330936809467,-39.23669063190533
67,1050,Cc1cccc(O)c1-c1c(O)c(-c2ccccc2)cc2ccccc12,c1ccc([C@@H]2COC(C3(C4=N[C@H](c5ccccc5)CO4)CC3)=N2)cc1,0,0,6 10,10 22,-1036.777764,-1071.142417,34.02129799725397,67.01064899862698,-32.98935100137302
67,1051,Cc1cccc(O)c1-c1c(O)c(-c2ccccc2)cc2ccccc12,c1ccc(CC(Cc2ccccc2)(C2=N[C@@H](c3ccccc3)CO2)C2=N[C@@H](c3ccccc3)CO2)cc1,0,2,6 10,25 14,-1036.777764,-1534.023098,-18.729935721456542,40.63503213927173,-59.36496786072827
67,1052,Cc1cccc(O)c1-c1c(O)c(-c2ccccc2)cc2ccccc12,CC(Cc1ccccc1)(C1=N[C@@H](c2ccccc2)CO1)C1=N[C@@H](c2ccccc2)CO1,0,0,6 10,10 21,-1036.777764,-1303.193117,-14.18175463237481,42.9091226838126,-57.0908773161874
67,1053,Cc1cccc(O)c1-c1c(O)c(-c2ccccc2)cc2ccccc12,CC(C)(C)c1ccc(CC(Cc2ccc(C(C)(C)C)cc2)(C2=N[C@@H](c3ccccc3)CO2)C2=N[C@@H](c3ccccc3)CO2)cc1,0,0,6 10,33 22,-1036.777764,-1848.107801,-12.13569262162787,43.932153689186066,-56.067846310813934
67,1054,Cc1cccc(O)c1-c1c(O)c(-c2ccccc2)cc2ccccc12,c1ccc([C@H]2COC(C3=N[C@@H](c4ccccc4)CO3)=N2)cc1,0,0,6 10,9 19,-1036.777764,-954.5647571,-19.445663653289433,40.277168173355285,-59.722831826644715
67,1055,Cc1cccc(O)c1-c1c(O)c(-c2ccccc2)cc2ccccc12,c1ccc([C@@H]2COC(c3ccccn3)=N2)cc1,0,0,6 10,13 14,-1036.777764,-724.746776,5.1422163022901906,52.5711081511451,-47.4288918488549
67,1056,Cc1cccc(O)c1-c1c(O)c(-c2ccccc2)cc2ccccc12,c1ccc([C@H]2COC(c3ccc4ccccc4n3)=N2)cc1,0,0,6 10,17 18,-1036.777764,-878.2528728,-24.830177783005105,37.58491110849745,-62.41508889150255
67,1057,Cc1cccc(O)c1-c1c(O)c(-c2ccccc2)cc2ccccc12,c1ccc([C@H]2COC(c3cccc(C4=N[C@@H](c5ccccc5)CO4)n3)=N2)cc1,0,0,6 10,24 25 14,-1036.777764,-1201.443303,-18.0626241453037,40.96868792734815,-59.03131207265185
67,1058,Cc1cccc(O)c1-c1c(O)c(-c2ccccc2)cc2ccccc12,c1ccc([C@H]2COC(CC3=N[C@@H](c4ccccc4)CO3)=N2)cc1,0,0,6 10,10 20,-1036.777764,-993.8362822,-17.377208679949856,41.31139566002507,-58.68860433997493
67,1059,Cc1cccc(O)c1-c1c(O)c(-c2ccccc2)cc2ccccc12,c1ccc([C@H]2COC(c3nccc4ccccc34)=N2)cc1,0,0,6 10,9 18,-1036.777764,-878.2485743,-26.110994900945197,36.9445025495274,-63.0554974504726
67,1060,Cc1cccc(O)c1-c1c(O)c(-c2ccccc2)cc2ccccc12,CC(C)(C1=N[C@@H](c2ccccc2)C(c2ccccc2)(c2ccccc2)O1)C1=N[C@@H](c2ccccc2)C(c2ccccc2)(c2ccccc2)O1,0,1,6 10,27 4,-1036.777764,-1995.694324,-33.27372321506746,33.36313839246627,-66.63686160753373
67,1061,Cc1cccc(O)c1-c1c(O)c(-c2ccccc2)cc2ccccc12,C(\C1=N[C@H](c2ccccc2)CO1)=c1\[n-]/c(=C\C2=N[C@H](c3ccccc3)CO2)c2ccccc12,0,0,6 10,17 2 13,-1036.777764,-1393.650658,-2.1795259479131883,48.910237026043404,-51.089762973956596
67,1062,Cc1cccc(O)c1-c1c(O)c(-c2ccccc2)cc2ccccc12,c1ccc([C@H]2COC(c3ccccc3Nc3ccccc3C3=N[C@@H](c4ccccc4)CO3)=N2)cc1,0,0,6 10,32 14 22,-1036.777764,-1471.560923,-8.610708953426325,45.69464552328684,-54.30535447671316
67,1063,Cc1cccc(O)c1-c1c(O)c(-c2ccccc2)cc2ccccc12,N#C/C(C1=N[C@@H](c2ccccc2)CO1)=C1/[N-][C@@H](c2ccccc2)CO1,0,2,6 10,4 15,-1036.777764,-1085.486043,-14.198210985607176,42.90089450719641,-57.09910549280359
67,1064,Cc1cccc(O)c1-c1c(O)c(-c2ccccc2)cc2ccccc12,c1ccc([C@H]2COC(c3cccc(C4=N[C@@H](c5ccccc5)CO4)c3)=N2)cc1,0,2,6 10,25 14,-1036.777764,-1185.417111,-20.99149408657599,39.50425295671201,-60.49574704328799
67,1065,Cc1cccc(O)c1-c1c(O)c(-c2ccccc2)cc2ccccc12,c1ccc([C@H]2COC(c3cccc4c3oc3c(C5=N[C@@H](c6ccccc6)CO5)cccc34)=N2)cc1,0,1,6 10,32 18 14,-1036.777764,-1490.233608,-13.472958596726336,43.263520701636835,-56.736479298363165
67,1066,Cc1cccc(O)c1-c1c(O)c(-c2ccccc2)cc2ccccc12,C(\C1=N[C@H](c2ccccc2)CO1)=c1\o/c(=C\C2=N[C@H](c3ccccc3)CO2)c2ccccc12,0,0,6 10,17 2 13,-1036.777764,-1414.040486,-1.1779845314157065,49.41100773429215,-50.58899226570785
67,1067,Cc1cccc(O)c1-c1c(O)c(-c2ccccc2)cc2ccccc12,CC(C)(C1=N[C@@H]2c3ccccc3C[C@@H]2O1)C1=N[C@@H]2c3ccccc3C[C@@H]2O1,0,0,6 10,16 4,-1036.777764,-1148.533419,38.340572666675904,69.17028633333796,-30.829713666662048
67,1068,Cc1cccc(O)c1-c1c(O)c(-c2ccccc2)cc2ccccc12,c1ccc2c(c1)C[C@H]1OC(C3(C4=N[C@H]5c6ccccc6C[C@H]5O4)CCCCC3)=N[C@@H]21,0,0,6 10,12 28,-1036.777764,-1265.120113,-46.20263615755558,26.89868192122221,-73.1013180787778
67,1069,Cc1cccc(O)c1-c1c(O)c(-c2ccccc2)cc2ccccc12,c1ccc2c(c1)C[C@@H]1OC(C3(C4=N[C@@H]5c6ccccc6C[C@@H]5O4)CCCC3)=N[C@H]21,0,0,6 10,27 12,-1036.777764,-1225.865898,40.58132383893259,70.29066191946629,-29.709338080533705
67,1070,Cc1cccc(O)c1-c1c(O)c(-c2ccccc2)cc2ccccc12,c1ccc2c(c1)C[C@@H]1OC(C3(C4=N[C@@H]5c6ccccc6C[C@@H]5O4)CCC3)=N[C@H]21,0,3,6 10,26 12,-1036.777764,-1186.577848,30.75098579908593,65.37549289954296,-34.62450710045704
67,1071,Cc1cccc(O)c1-c1c(O)c(-c2ccccc2)cc2ccccc12,c1ccc2c(c1)C[C@H]1OC(C3(C4=N[C@H]5c6ccccc6C[C@H]5O4)CC3)=N[C@@H]21,0,0,6 10,25 12,-1036.777764,-1147.313977,-70.45648313652697,14.771758431736515,-85.22824156826348
67,1072,Cc1cccc(O)c1-c1c(O)c(-c2ccccc2)cc2ccccc12,CCC(CC)(C1=N[C@H]2c3ccccc3C[C@H]2O1)C1=N[C@H]2c3ccccc3C[C@H]2O1,0,0,6 10,18 6,-1036.777764,-1227.050677,-63.271992840928085,18.364003579535957,-81.63599642046404
67,1073,Cc1cccc(O)c1-c1c(O)c(-c2ccccc2)cc2ccccc12,c1ccc(CC(Cc2ccccc2)(C2=N[C@@H]3c4ccccc4C[C@@H]3O2)C2=N[C@@H]3c4ccccc4C[C@@H]3O2)cc1,0,0,6 10,26 14,-1036.777764,-1610.184387,-4.289160958432203,47.8554195207839,-52.1445804792161
67,1074,Cc1cccc(O)c1-c1c(O)c(-c2ccccc2)cc2ccccc12,CC(Cc1ccccc1)(C1=N[C@H]2c3ccccc3C[C@H]2O1)C1=N[C@H]2c3ccccc3C[C@H]2O1,0,0,6 10,10 22,-1036.777764,-1379.360112,-6.249212411073952,46.87539379446302,-53.12460620553698
67,1075,Cc1cccc(O)c1-c1c(O)c(-c2ccccc2)cc2ccccc12,CC(C)(C)c1ccc(CC(Cc2ccc(C(C)(C)C)cc2)(C2=N[C@@H]3c4ccccc4C[C@@H]3O2)C2=N[C@@H]3c4ccccc4C[C@@H]3O2)cc1,0,0,6 10,34 22,-1036.777764,-1924.267304,15.611018227434982,57.80550911371749,-42.19449088628251
67,1076,Cc1cccc(O)c1-c1c(O)c(-c2ccccc2)cc2ccccc12,CC(C)(C)c1cc(CC(Cc2cc(C(C)(C)C)cc(C(C)(C)C)c2)(C2=N[C@H]3c4ccccc4C[C@H]3O2)C2=N[C@H]3c4ccccc4C[C@H]3O2)cc(C(C)(C)C)c1,0,1,6 10,25 37,-1036.777764,-2238.36189,-20.718624917301028,39.640687541349486,-60.359312458650514
67,1077,Cc1cccc(O)c1-c1c(O)c(-c2ccccc2)cc2ccccc12,c1ccc2c(c1)CC(C1=N[C@@H]3c4ccccc4C[C@@H]3O1)(C1=N[C@@H]3c4ccccc4C[C@@H]3O1)C2,0,0,6 10,9 21,-1036.777764,-1378.182059,35.60189336753061,67.8009466837653,-32.199053316234696
67,1078,Cc1cccc(O)c1-c1c(O)c(-c2ccccc2)cc2ccccc12,c1ccc2c(c1)C[C@H]1OC(CC3=N[C@H]4c5ccccc5C[C@H]4O3)=N[C@@H]21,0,0,6 10,12 23,-1036.777764,-1070.004928,-6.028015635868297,46.98599218206585,-53.01400781793415
67,1079,Cc1cccc(O)c1-c1c(O)c(-c2ccccc2)cc2ccccc12,c1ccc(C2=N[C@H]3c4ccccc4C[C@H]3O2)nc1,0,0,6 10,16 5,-1036.777764,-762.8325198,-33.09202723187559,33.453986384062205,-66.5460136159378
67,1080,Cc1cccc(O)c1-c1c(O)c(-c2ccccc2)cc2ccccc12,c1ccc2c(c1)C[C@H]1OC(c3ccc4ccccc4n3)=N[C@@H]21,0,0,6 10,19 20,-1036.777764,-916.3386498,-21.363235628919938,39.31838218554003,-60.68161781445997
67,1081,Cc1cccc(O)c1-c1c(O)c(-c2ccccc2)cc2ccccc12,c1ccc2c(c1)C[C@@H]1OC(c3nccc4ccccc34)=N[C@H]21,0,0,6 10,11 20,-1036.777764,-916.3345383,17.073991348065658,58.53699567403283,-41.46300432596717
67,1082,Cc1cccc(O)c1-c1c(O)c(-c2ccccc2)cc2ccccc12,FC(F)(F)c1ccc(C2=N[C@@H]3c4ccccc4C[C@@H]3O2)nc1,0,0,6 10,9 20,-1036.777764,-1099.626649,-4.526311337719575,47.73684433114021,-52.26315566885979
67,1083,Cc1cccc(O)c1-c1c(O)c(-c2ccccc2)cc2ccccc12,c1cc(C2=N[C@H]3c4ccccc4C[C@H]3O2)nc(C2=N[C@H]3c4ccccc4C[C@H]3O2)c1,0,0,6 10,18 4 15,-1036.777764,-1277.615075,-13.825560083493677,43.08721995825316,-56.91278004174684
67,1084,Cc1cccc(O)c1-c1c(O)c(-c2ccccc2)cc2ccccc12,c1ccc2c(c1)C[C@H]1OC(C3=N[C@H]4c5ccccc5C[C@H]4O3)=N[C@@H]21,0,0,6 10,11 22,-1036.777764,-1030.735569,-39.98969629751232,30.00515185124384,-69.99484814875616
67,1085,Cc1cccc(O)c1-c1c(O)c(-c2ccccc2)cc2ccccc12,c1ccc(-c2cccc(C3=N[C@H]4c5ccccc5C[C@H]4O3)n2)nc1,0,0,6 10,10 21 22,-1036.777764,-1009.709879,-20.049131422978217,39.97543428851089,-60.02456571148911
67,1086,Cc1cccc(O)c1-c1c(O)c(-c2ccccc2)cc2ccccc12,c1ccc(-c2cccc(C3=N[C@@H]4c5ccccc5C[C@@H]4O3)n2)cc1,0,0,6 10,10 21,-1036.777764,-993.6729656,-5.809547238065659,47.09522638096717,-52.90477361903283
67,1087,Cc1cccc(O)c1-c1c(O)c(-c2ccccc2)cc2ccccc12,O=C(Nc1ccccc1C1=N[C@@H]2c3ccccc3C[C@@H]2O1)c1ccccc1P(c1ccccc1)c1ccccc1,0,0,6 10,2 10,-1036.777764,-1949.73391,-2.2422479989899973,48.878876000505,-51.121123999495
67,1088,Cc1cccc(O)c1-c1c(O)c(-c2ccccc2)cc2ccccc12,O=C(Nc1cccc(C(F)(F)F)c1C1=N[C@@H]2c3ccccc3C[C@@H]2O1)c1ccccc1P(c1ccccc1)c1ccccc1,0,1,6 10,2 14,-1036.777764,-2286.515962,1.3435006931885587,50.67175034659428,-49.32824965340572
67,1089,Cc1cccc(O)c1-c1c(O)c(-c2ccccc2)cc2ccccc12,CC(CC1=N[C@H]2c3ccccc3C[C@@H]2O1)(C1=N[C@H]2c3ccccc3C[C@H]2O1)C1=N[C@H]2c3ccccc3C[C@H]2O1,0,0,6 10,16 28,-1036.777764,-1663.278129,-14.771628226902871,42.61418588654856,-57.38581411345144
67,1090,Cc1cccc(O)c1-c1c(O)c(-c2ccccc2)cc2ccccc12,CC(C)(C1=N[C@H](Cc2ccccc2)CO1)C1=N[C@H](Cc2ccccc2)CO1,0,0,6 10,16 4,-1036.777764,-1150.888196,30.503398957364993,65.2516994786825,-34.7483005213175
67,1091,Cc1cccc(O)c1-c1c(O)c(-c2ccccc2)cc2ccccc12,c1ccc(C[C@H]2COC(C3(C4=N[C@@H](Cc5ccccc5)CO4)CCCCC3)=N2)cc1,0,0,6 10,27 11,-1036.777764,-1267.472166,-28.00911809494221,35.995440952528895,-64.0045590474711
67,1092,Cc1cccc(O)c1-c1c(O)c(-c2ccccc2)cc2ccccc12,c1ccc(C[C@H]2COC(C3(C4=N[C@@H](Cc5ccccc5)CO4)CCCC3)=N2)cc1,0,1,6 10,26 11,-1036.777764,-1228.21857,-39.63550230653455,30.182248846732726,-69.81775115326727
67,1093,Cc1cccc(O)c1-c1c(O)c(-c2ccccc2)cc2ccccc12,c1ccc(C[C@H]2COC(C3(C4=N[C@@H](Cc5ccccc5)CO4)CCC3)=N2)cc1,0,0,6 10,25 11,-1036.777764,-1188.932527,-20.572477620157393,39.7137611899213,-60.2862388100787
67,1094,Cc1cccc(O)c1-c1c(O)c(-c2ccccc2)cc2ccccc12,c1ccc(C[C@H]2COC(C3(C4=N[C@@H](Cc5ccccc5)CO4)CC3)=N2)cc1,0,0,6 10,24 11,-1036.777764,-1149.663336,-29.50789072226418,35.24605463886791,-64.75394536113208
67,1095,Cc1cccc(O)c1-c1c(O)c(-c2ccccc2)cc2ccccc12,CC(Cc1ccccc1)(C1=N[C@H](Cc2ccccc2)CO1)C1=N[C@H](Cc2ccccc2)CO1,0,0,6 10,10 22,-1036.777764,-1381.707279,11.077925013207029,55.53896250660351,-44.46103749339649
67,1096,Cc1cccc(O)c1-c1c(O)c(-c2ccccc2)cc2ccccc12,c1ccc(C[C@H]2COC(C(Cc3ccccc3)(Cc3ccccc3)C3=N[C@@H](Cc4ccccc4)CO3)=N2)cc1,0,0,6 10,25 36,-1036.777764,-1612.547877,-10.218938257057244,44.89053087147138,-55.10946912852862
67,1097,Cc1cccc(O)c1-c1c(O)c(-c2ccccc2)cc2ccccc12,CC(C)(C)c1ccc(CC(Cc2ccc(C(C)(C)C)cc2)(C2=N[C@H](Cc3ccccc3)CO2)C2=N[C@H](Cc3ccccc3)CO2)cc1,0,0,6 10,34 22,-1036.777764,-1926.618731,-0.7601349168683056,49.619932541565845,-50.380067458434155
67,1098,Cc1cccc(O)c1-c1c(O)c(-c2ccccc2)cc2ccccc12,c1ccc(C[C@@H]2COC(CC3=N[C@H](Cc4ccccc4)CO3)=N2)cc1,0,0,6 10,11 22,-1036.777764,-1072.356973,7.389441700584692,53.69472085029235,-46.30527914970765
67,1099,Cc1cccc(O)c1-c1c(O)c(-c2ccccc2)cc2ccccc12,c1ccc(C[C@H]2COC(c3ccccn3)=N2)cc1,0,0,6 10,14 15,-1036.777764,-764.0089485,-33.83915383158343,33.080423084208284,-66.91957691579171
67,1100,Cc1cccc(O)c1-c1c(O)c(-c2ccccc2)cc2ccccc12,c1ccc(C[C@H]2COC(c3ccc4ccccc4n3)=N2)cc1,0,0,6 10,18 19,-1036.777764,-917.5151879,-13.004692244172947,43.49765387791353,-56.50234612208647
67,1101,Cc1cccc(O)c1-c1c(O)c(-c2ccccc2)cc2ccccc12,FC(F)(F)c1ccc(C2=N[C@@H](Cc3ccccc3)CO2)nc1,0,0,6 10,9 20,-1036.777764,-1100.805579,-25.052738599986867,37.47363070000657,-62.52636929999343
67,1102,Cc1cccc(O)c1-c1c(O)c(-c2ccccc2)cc2ccccc12,Fc1ccc(C2=N[C@@H](Cc3ccccc3)CO2)nc1,0,0,6 10,17 6,-1036.777764,-863.1783062,-24.139450137810087,37.93027493109496,-62.06972506890504
67,1103,Cc1cccc(O)c1-c1c(O)c(-c2ccccc2)cc2ccccc12,CC(C)(C1=N[C@@H](Cc2ccccc2)CO1)c1ccccn1,0,0,6 10,4 20,-1036.777764,-881.7938527,-16.990105595490363,41.50494720225482,-58.49505279774518
67,1104,Cc1cccc(O)c1-c1c(O)c(-c2ccccc2)cc2ccccc12,FC(F)(F)c1ccnc(C2=N[C@@H](Cc3ccccc3)CO2)c1,0,0,6 10,10 7,-1036.777764,-1100.805638,-21.708716182363,39.145641908818504,-60.854358091181496
67,1105,Cc1cccc(O)c1-c1c(O)c(-c2ccccc2)cc2ccccc12,c1ccc(C[C@@H]2COC(C3=N[C@H](Cc4ccccc4)CO3)=N2)cc1,0,0,6 10,10 21,-1036.777764,-1033.091065,3.181336265943706,51.59066813297186,-48.40933186702814
67,1106,Cc1cccc(O)c1-c1c(O)c(-c2ccccc2)cc2ccccc12,c1ccc(C[C@@H]2COC(c3cccc(C4=N[C@H](Cc5ccccc5)CO4)n3)=N2)cc1,0,0,6 10,26 27 15,-1036.777764,-1279.968702,7.308188454368642,53.65409422718432,-46.34590577281568
67,1107,Cc1cccc(O)c1-c1c(O)c(-c2ccccc2)cc2ccccc12,c1ccc(C[C@@H]2COC(c3cccc(C4=N[C@H](Cc5ccccc5)CO4)c3)=N2)cc1,0,0,6 10,27 15,-1036.777764,-1263.941857,4.700290807942158,52.35014540397108,-47.64985459602892
67,1108,Cc1cccc(O)c1-c1c(O)c(-c2ccccc2)cc2ccccc12,c1ccc(C[C@H]2COC(C(Cc3ccc4ccccc4n3)(Cc3ccc4ccccc4n3)C3=N[C@@H](Cc4ccccc4)CO3)=N2)cc1,0,0,6 10,33 44,-1036.777764,-1951.637558,-13.822386994401972,43.08880650279902,-56.91119349720098
67,1109,Cc1cccc(O)c1-c1c(O)c(-c2ccccc2)cc2ccccc12,c1ccc(C[C@@H]2COC(c3cccc4c3oc3c(C5=N[C@H](Cc6ccccc6)CO5)cccc34)=N2)cc1,0,0,6 10,34 19 15,-1036.777764,-1568.762289,4.9911081268862265,52.495554063443116,-47.504445936556884
67,1110,Cc1cccc(O)c1-c1c(O)c(-c2ccccc2)cc2ccccc12,c1ccc(C[C@@H]2COC(c3cccc(-c4cccc(C5=N[C@H](Cc6ccccc6)CO5)n4)n3)=N2)cc1,0,0,6 10,32 33 20 31,-1036.777764,-1526.847484,0.44891506272065307,50.22445753136033,-49.77554246863967
67,1111,Cc1cccc(O)c1-c1c(O)c(-c2ccccc2)cc2ccccc12,N#C/C(C1=N[C@@H](Cc2ccccc2)CO1)=C1/[N-][C@@H](Cc2ccccc2)CO1,0,0,6 10,4 16,-1036.777764,-1164.01035,-15.441058701565488,42.27947064921726,-57.72052935078274
67,1112,Cc1cccc(O)c1-c1c(O)c(-c2ccccc2)cc2ccccc12,CC(C)(C1=N[C@H](c2ccccc2)[C@H](c2ccccc2)O1)C1=N[C@H](c2ccccc2)[C@H](c2ccccc2)O1,0,0,6 10,4 21,-1036.777764,-1534.032214,29.793780137623273,64.89689006881164,-35.103109931188364
67,1113,Cc1cccc(O)c1-c1c(O)c(-c2ccccc2)cc2ccccc12,c1ccc([C@H]2OC(C3(C4=N[C@@H](c5ccccc5)[C@@H](c5ccccc5)O4)CCCCC3)=N[C@H]2c2ccccc2)cc1,0,3,6 10,9 30,-1036.777764,-1650.634597,-22.634792986399773,38.68260350680011,-61.31739649319989
67,1114,Cc1cccc(O)c1-c1c(O)c(-c2ccccc2)cc2ccccc12,c1ccc([C@H]2OC(C3(C4=N[C@@H](c5ccccc5)[C@@H](c5ccccc5)O4)CCCC3)=N[C@H]2c2ccccc2)cc1,0,0,6 10,9 29,-1036.777764,-1611.364108,-25.839257305740553,37.08037134712973,-62.91962865287027
67,1115,Cc1cccc(O)c1-c1c(O)c(-c2ccccc2)cc2ccccc12,c1ccc([C@H]2OC(C3(C4=N[C@@H](c5ccccc5)[C@@H](c5ccccc5)O4)CC3)=N[C@H]2c2ccccc2)cc1,0,0,6 10,9 27,-1036.777764,-1532.815707,-33.7012423688319,33.14937881558405,-66.85062118441596
67,1116,Cc1cccc(O)c1-c1c(O)c(-c2ccccc2)cc2ccccc12,CC(Cc1ccccc1)(C1=N[C@H](c2ccccc2)[C@H](c2ccccc2)O1)C1=N[C@H](c2ccccc2)[C@H](c2ccccc2)O1,0,4,6 10,10 27,-1036.777764,-1764.861718,23.544402184411815,61.772201092205904,-38.227798907794096
67,1117,Cc1cccc(O)c1-c1c(O)c(-c2ccccc2)cc2ccccc12,c1ccc(CC(Cc2ccccc2)(C2=N[C@@H](c3ccccc3)[C@@H](c3ccccc3)O2)C2=N[C@@H](c3ccccc3)[C@@H](c3ccccc3)O2)cc1,0,1,6 10,14 31,-1036.777764,-1995.696517,-3.9908888094970174,48.00455559525149,-51.99544440474851
67,1118,Cc1cccc(O)c1-c1c(O)c(-c2ccccc2)cc2ccccc12,CC(C)(C)c1ccc(CC(Cc2ccc(C(C)(C)C)cc2)(C2=N[C@@H](c3ccccc3)[C@@H](c3ccccc3)O2)C2=N[C@@H](c3ccccc3)[C@@H](c3ccccc3)O2)cc1,0,0,6 10,22 39,-1036.777764,-2309.776028,-15.860953999817422,42.06952300009129,-57.93047699990871
67,1119,Cc1cccc(O)c1-c1c(O)c(-c2ccccc2)cc2ccccc12,c1ccc([C@H]2N=C(CC3=N[C@H](c4ccccc4)[C@H](c4ccccc4)O3)O[C@H]2c2ccccc2)cc1,0,0,6 10,9 5,-1036.777764,-1455.5077,12.275851565351466,56.13792578267574,-43.86207421732426
67,1120,Cc1cccc(O)c1-c1c(O)c(-c2ccccc2)cc2ccccc12,c1ccc([C@H]2OC(c3ccccn3)=N[C@H]2c2ccccc2)cc1,0,0,6 10,12 13,-1036.777764,-955.5810827,-26.835849676214487,36.58207516189276,-63.41792483810724
67,1121,Cc1cccc(O)c1-c1c(O)c(-c2ccccc2)cc2ccccc12,c1ccc([C@H]2N=C(c3ccc4ccccc4n3)O[C@H]2c2ccccc2)cc1,0,0,6 10,16 5,-1036.777764,-1109.087172,15.078994591534222,57.53949729576711,-42.46050270423289
67,1122,Cc1cccc(O)c1-c1c(O)c(-c2ccccc2)cc2ccccc12,FC(F)(F)c1ccc(C2=N[C@@H](c3ccccc3)[C@@H](c3ccccc3)O2)nc1,0,0,6 10,9 25,-1036.777764,-1292.377378,-19.361653860116164,40.31917306994192,-59.68082693005808
67,1123,Cc1cccc(O)c1-c1c(O)c(-c2ccccc2)cc2ccccc12,c1ccc([C@H]2N=C(c3cccc(C4=N[C@H](c5ccccc5)[C@H](c5ccccc5)O4)n3)O[C@H]2c2ccccc2)cc1,0,1,6 10,29 13 5,-1036.777764,-1663.108881,11.045712568415112,55.522856284207556,-44.477143715792444
67,1124,Cc1cccc(O)c1-c1c(O)c(-c2ccccc2)cc2ccccc12,N#C/C(C1=N[C@H](c2ccccc2)[C@H](c2ccccc2)O1)=C1/[N-][C@H](c2ccccc2)[C@H](c2ccccc2)O1,0,0,6 10,4 21,-1036.777764,-1547.161777,10.800536794481758,55.40026839724088,-44.59973160275912
67,1125,Cc1cccc(O)c1-c1c(O)c(-c2ccccc2)cc2ccccc12,c1ccc([C@@H]2N=C(c3cccc4c3oc3c(C5=N[C@@H](c6ccccc6)[C@H](c6ccccc6)O5)cccc34)O[C@H]2c2ccccc2)cc1,0,0,6 10,17 13 5,-1036.777764,-1951.910503,-10.248383737104074,44.87580813144796,-55.12419186855204
67,1126,Cc1cccc(O)c1-c1c(O)c(-c2ccccc2)cc2ccccc12,Cc1ccc(S(=O)(=O)N2C(c3cccc(C4=N[C@@H](c5ccccc5)[C@H](c5ccccc5)N4S(=O)(=O)c4ccc(C)cc4)c3)=N[C@@H](c3ccccc3)[C@@H]2c2ccccc2)cc1,0,0,6 10,16 43,-1036.777764,-3244.251941,-3.87208346736122,48.06395826631939,-51.93604173368061
67,1127,Cc1cccc(O)c1-c1c(O)c(-c2ccccc2)cc2ccccc12,c1ccc([C@@H]2N=C(c3cccc(C4=N[C@@H](c5ccccc5)[C@H](c5ccccc5)N4)c3)N[C@H]2c2ccccc2)cc1,0,0,6 10,5 13,-1036.777764,-1607.358369,-14.1757808282677,42.91210958586615,-57.08789041413385
67,1128,Cc1cccc(O)c1-c1c(O)c(-c2ccccc2)cc2ccccc12,C[C@H]1COC(C(C)(C)C2=N[C@@H](C)CO2)=N1,0,0,6 10,9 14,-1036.777764,-689.222808,-13.8143240094277,43.092837995286146,-56.907162004713854
67,1129,Cc1cccc(O)c1-c1c(O)c(-c2ccccc2)cc2ccccc12,C[C@H]1COC(C(C)(Cc2ccccc2)C2=N[C@@H](C)CO2)=N1,0,0,6 10,20 15,-1036.777764,-920.0497162,-22.65323443922645,38.673382780386774,-61.326617219613226
67,1130,Cc1cccc(O)c1-c1c(O)c(-c2ccccc2)cc2ccccc12,C[C@H]1COC(C(Cc2ccc(C(C)(C)C)cc2)(Cc2ccc(C(C)(C)C)cc2)C2=N[C@@H](C)CO2)=N1,0,0,6 10,34 29,-1036.777764,-1464.962808,-14.57333551734166,42.71333224132917,-57.28666775867083
67,1131,Cc1cccc(O)c1-c1c(O)c(-c2ccccc2)cc2ccccc12,C[C@@H]1COC(C(Cc2ccccc2)(Cc2ccccc2)C2=N[C@H](C)CO2)=N1,0,4,6 10,26 21,-1036.777764,-1150.883527,-2.8503441906001488,48.57482790469992,-51.42517209530008
67,1132,Cc1cccc(O)c1-c1c(O)c(-c2ccccc2)cc2ccccc12,C[C@@H]1COC(CC2=N[C@H](C)CO2)=N1,0,0,6 10,12 7,-1036.777764,-610.6988939,-4.532914521729007,47.733542739135494,-52.266457260864506
67,1133,Cc1cccc(O)c1-c1c(O)c(-c2ccccc2)cc2ccccc12,C[C@H]1COC(c2ccc(C(F)(F)F)cn2)=N1,0,0,6 10,14 15,-1036.777764,-869.9753069,-24.651619481172606,37.6741902594137,-62.3258097405863
67,1134,Cc1cccc(O)c1-c1c(O)c(-c2ccccc2)cc2ccccc12,C[C@H]1COC(C2=N[C@@H](C)CO2)=N1,0,0,6 10,11 6,-1036.777764,-571.4282178,-12.672316104877822,43.66384194756109,-56.33615805243891
67,1135,Cc1cccc(O)c1-c1c(O)c(-c2ccccc2)cc2ccccc12,CC(C)C[C@@H]1COC(C2=N[C@H](CC(C)C)CO2)=N1,0,0,6 10,9 17,-1036.777764,-806.9877797,7.5981236341942555,53.799061817097126,-46.200938182902874
67,1136,Cc1cccc(O)c1-c1c(O)c(-c2ccccc2)cc2ccccc12,Cc1ccc(N2C[C@H](CC(C)C)N=C2C2=N[C@@H](CC(C)C)CN2c2ccc(C)cc2)cc1,0,1,6 10,12 15,-1036.777764,-1307.466211,-16.443522157456826,41.77823892127159,-58.22176107872841
67,1137,Cc1cccc(O)c1-c1c(O)c(-c2ccccc2)cc2ccccc12,CC(C)C[C@H]1CN(c2cccc(C(C)(C)C)c2)C(C2=N[C@@H](CC(C)C)CN2c2cccc(C(C)(C)C)c2)=N1,0,1,6 10,19 37,-1036.777764,-1543.017894,-5.550131848280288,47.224934075859856,-52.775065924140144
67,1138,Cc1cccc(O)c1-c1c(O)c(-c2ccccc2)cc2ccccc12,CC[C@@H](C)[C@H]1CN(c2cccc(C(C)(C)C)c2)C(C2=N[C@@H]([C@H](C)CC)CN2c2cccc(C(C)(C)C)c2)=N1,0,0,6 10,19 37,-1036.777764,-1543.021699,-21.132168176646495,39.43391591167675,-60.56608408832325
67,1139,Cc1cccc(O)c1-c1c(O)c(-c2ccccc2)cc2ccccc12,C1CCC([C@H]2COC(C3=N[C@@H](C4CCCCC4)CO3)=N2)CC1,0,0,6 10,9 19,-1036.777764,-961.6661462,-19.617122683500057,40.19143865824997,-59.80856134175003
67,1140,Cc1cccc(O)c1-c1c(O)c(-c2ccccc2)cc2ccccc12,N[C@H]1c2ccccc2C[C@H]1[O-],0,0,6 10,0 10,-1036.777764,-478.4750351,-4.6468719208164115,47.676564039591796,-52.323435960408204
67,1141,Cc1cccc(O)c1-c1c(O)c(-c2ccccc2)cc2ccccc12,[O-]C(c1ccccc1)(c1ccccc1)[C@H]1CCCN1,0,4,6 10,0 18,-1036.777764,-787.8268535,-4.011011580453566,47.994494209773215,-52.005505790226785
67,1142,Cc1cccc(O)c1-c1c(O)c(-c2ccccc2)cc2ccccc12,N[C@@H](c1ccccc1)[C@H]([O-])c1ccccc1,0,1,6 10,0 9,-1036.777764,-671.2387181,-0.16988530019361114,49.91505734990319,-50.08494265009681
67,1143,Cc1cccc(O)c1-c1c(O)c(-c2ccccc2)cc2ccccc12,N[C@@H]1CCCC[C@H]1[O-],0,0,6 10,0 7,-1036.777764,-365.4171147,-8.078587234507612,45.960706382746196,-54.039293617253804
67,1144,Cc1cccc(O)c1-c1c(O)c(-c2ccccc2)cc2ccccc12,N[C@@H](C[O-])Cc1ccccc1,0,0,6 10,0 3,-1036.777764,-479.6485701,-8.530043481691813,45.73497825915409,-54.26502174084591
67,1145,Cc1cccc(O)c1-c1c(O)c(-c2ccccc2)cc2ccccc12,[O-]C[C@@H]1CCCN1Cc1ccccc1,0,0,6 10,0 6,-1036.777764,-596.2244044,4.9472825281686905,52.47364126408434,-47.52635873591566
67,1146,Cc1cccc(O)c1-c1c(O)c(-c2ccccc2)cc2ccccc12,N[C@H](C[O-])Cc1ccccc1,0,1,6 10,0 3,-1036.777764,-479.6493962,4.443870878958448,52.221935439479225,-47.778064560520775
67,1147,Cc1cccc(O)c1-c1c(O)c(-c2ccccc2)cc2ccccc12,[O-]C[C@@H]1CCCN1,0,0,6 10,0 6,-1036.777764,-326.127563,-2.550594113306121,48.72470294334694,-51.27529705665306
67,1148,Cc1cccc(O)c1-c1c(O)c(-c2ccccc2)cc2ccccc12,CC(C)(C)[C@@H](N)C[O-],0,0,6 10,5 7,-1036.777764,-366.5936045,-3.9503591192952703,48.024820440352364,-51.975179559647636
67,1149,Cc1cccc(O)c1-c1c(O)c(-c2ccccc2)cc2ccccc12,CC(C)[C@H](N)C[O-],0,0,6 10,4 6,-1036.777764,-327.333821,-6.485627399770423,46.75718630011479,-53.24281369988521
67,1150,Cc1cccc(O)c1-c1c(O)c(-c2ccccc2)cc2ccccc12,N[C@@H](C[O-])c1ccccc1,0,1,6 10,0 3,-1036.777764,-440.3907373,-3.622539464653645,48.18873026767318,-51.81126973232682
67,1151,Cc1cccc(O)c1-c1c(O)c(-c2ccccc2)cc2ccccc12,[O-]C(c1cc(C(F)(F)F)cc(C(F)(F)F)c1)(c1cc(C(F)(F)F)cc(C(F)(F)F)c1)[C@H]1CCCN1,0,0,6 10,0 34,-1036.777764,-2135.060687,2.214044887542845,51.10702244377142,-48.89297755622858
67,1152,Cc1cccc(O)c1-c1c(O)c(-c2ccccc2)cc2ccccc12,COc1nc2ccc(Br)cc2cc1[C@@H](c1ccccc1)[C@@]([O-])(CCN(C)C)c1ccc2ccccc2c1,0,0,6 10,24 21,-1036.777764,-4069.87959,3.114729454720665,51.55736472736033,-48.44263527263967
67,1153,Cc1cccc(O)c1-c1c(O)c(-c2ccccc2)cc2ccccc12,CC(C)(C)c1cc(/C=N/[C@@H]2CCCC[C@H]2/N=C/c2cc(C(C)(C)C)cc(C(C)(C)C)c2[O-])c([O-])c(C(C)(C)C)c1,0,1,6 10,8 15,-1036.777764,-1661.320129,-2.2714789336467422,48.864260533176626,-51.135739466823374
67,1154,Cc1cccc(O)c1-c1c(O)c(-c2ccccc2)cc2ccccc12,CN[C@@H]1CCCC[C@H]1NC,0,0,6 10,8 1,-1036.777764,-424.657817,-7.725144133347433,46.137427933326286,-53.862572066673714
67,1155,Cc1cccc(O)c1-c1c(O)c(-c2ccccc2)cc2ccccc12,CC(C)(C)[C@H]1CN2C[C@H](C(C)(C)C)[N-]C2=N1,0,0,6 10,13 6 15,-1036.777764,-673.33055,-7.845490974392421,46.07725451280379,-53.92274548719621
67,1156,Cc1cccc(O)c1-c1c(O)c(-c2ccccc2)cc2ccccc12,CCN(CC)[C@@H]1CCCC[C@H]1NC(=S)Nc1cc(C(F)(F)F)cc(C(F)(F)F)c1,0,0,6 10,2 11,-1036.777764,-1899.093947,1.1158318537025975,50.5579159268513,-49.4420840731487
67,1157,Cc1cccc(O)c1-c1c(O)c(-c2ccccc2)cc2ccccc12,O=C(N[C@H]1CCCC[C@@H]1NC(=O)c1ccccn1)c1ccccn1,0,0,6 10,9 2 17 23,-1036.777764,-1066.431466,-6.203954475383632,46.89802276230819,-53.10197723769181
67,1158,Cc1cccc(O)c1-c1c(O)c(-c2ccccc2)cc2ccccc12,C=C[C@@H]1C[N@@]2CC[C@H]1C[C@@H]2[C@H](N)c1ccnc2ccc(OC)cc12,0,0,6 10,11 4,-1036.777764,-1015.561433,-5.919209711885027,47.040395144057484,-52.959604855942516
67,1159,Cc1cccc(O)c1-c1c(O)c(-c2ccccc2)cc2ccccc12,C=C[C@@H]1C[N@@]2CC[C@H]1C[C@H]2[C@H](N)c1ccnc2ccc(OC)cc12,0,0,6 10,11 4,-1036.777764,-1015.556456,-3.3354724904924593,48.33226375475377,-51.66773624524623
67,1160,Cc1cccc(O)c1-c1c(O)c(-c2ccccc2)cc2ccccc12,[O-][C@@H]1CCCC[C@H]1[O-],0,0,6 10,0 7,-1036.777764,-384.5074297,-6.076637036882244,46.96168148155888,-53.03831851844112
67,1161,Cc1cccc(O)c1-c1c(O)c(-c2ccccc2)cc2ccccc12,CC1(C)[C@@H]2C[C@@H]([O-])[C@@](C)([O-])[C@H]1C2,0,0,6 10,6 9,-1036.777764,-540.3370829,-3.0886971439219058,48.45565142803905,-51.54434857196095
67,1162,Cc1cccc(O)c1-c1c(O)c(-c2ccccc2)cc2ccccc12,[O-]C[C@@H]1CCCC[C@H]1C[O-],0,0,6 10,0 9,-1036.777764,-463.072022,-0.6784213640197061,49.660789317990144,-50.339210682009856
67,1163,Cc1cccc(O)c1-c1c(O)c(-c2ccccc2)cc2ccccc12,[O-][C@@H](c1ccccc1)C([O-])(c1ccccc1)c1ccccc1,0,0,6 10,0 9,-1036.777764,-921.2481744,-4.324364252904824,47.837817873547586,-52.162182126452414
67,1164,Cc1cccc(O)c1-c1c(O)c(-c2ccccc2)cc2ccccc12,CC1(C)O[C@H](C([O-])(c2ccccc2)c2ccccc2)[C@@H](C([O-])(c2ccccc2)c2ccccc2)O1,0,3,6 10,6 21,-1036.777764,-1497.557147,-5.271012499989438,47.36449375000528,-52.63550624999472
67,1165,Cc1cccc(O)c1-c1c(O)c(-c2ccccc2)cc2ccccc12,CC1(c2ccccc2)O[C@@H](C([O-])(c2ccccc2)c2ccccc2)[C@H](C([O-])(c2ccccc2)c2ccccc2)O1,0,5,6 10,11 26,-1036.777764,-1689.135424,-7.733521581328089,46.133239209335954,-53.866760790664046
67,1166,Cc1cccc(O)c1-c1c(O)c(-c2ccccc2)cc2ccccc12,CC1(C)O[C@@H](C([O-])(c2cccc3ccccc23)c2cccc3ccccc23)[C@H](C([O-])(c2cccc3ccccc23)c2cccc3ccccc23)O1,0,0,6 10,6 29,-1036.777764,-2111.547452,-2.770509800268076,48.614745099865964,-51.385254900134036
67,1167,Cc1cccc(O)c1-c1c(O)c(-c2ccccc2)cc2ccccc12,[O-]C(c1ccccc1)(c1ccccc1)[C@H]1OC2(CCCCC2)O[C@@H]1C([O-])(c1ccccc1)c1ccccc1,0,2,6 10,0 25,-1036.777764,-1614.153477,-2.2888863574733134,48.85555682126334,-51.14444317873666
67,1168,Cc1cccc(O)c1-c1c(O)c(-c2ccccc2)cc2ccccc12,CC1(C)O[C@@H](C[O-])[C@H](C[O-])O1,0,0,6 10,6 9,-1036.777764,-574.1407143,-6.710289139393984,46.64485543030301,-53.35514456969699
67,1169,Cc1cccc(O)c1-c1c(O)c(-c2ccccc2)cc2ccccc12,C1CCN2C[C@H]3C[C@H](CN4CCCC[C@@H]34)[C@H]2C1,0,0,6 10,9 3,-1036.777764,-695.9272943,-4.994764491003426,47.50261775449829,-52.49738224550171
67,1170,Cc1cccc(O)c1-c1c(O)c(-c2ccccc2)cc2ccccc12,NC(=O)[C@@H]1CC(F)(F)CN1,0,0,6 10,0 9,-1036.777764,-579.2434339,-13.90213162380592,43.04893418809704,-56.95106581190296
67,1171,Cc1cccc(O)c1-c1c(O)c(-c2ccccc2)cc2ccccc12,O=C(N[C@H]1CCCC[C@@H]1NC(=O)c1ccccn1)c1ccccn1,0,0,6 10,9 2 17 23,-1036.777764,-1066.417296,-5.353858156266659,47.32307092186667,-52.67692907813333
67,1172,Cc1cccc(O)c1-c1c(O)c(-c2ccccc2)cc2ccccc12,c1ccc(CN[C@@H]2CCCC[C@H]2NCc2ccccc2)cc1,0,0,6 10,12 5,-1036.777764,-886.3100667,7.179802765109027,53.589901382554515,-46.410098617445485
67,1173,Cc1cccc(O)c1-c1c(O)c(-c2ccccc2)cc2ccccc12,COc1ccc([C@H](N)[C@@H](N)c2ccc(OC)cc2)cc1,0,0,6 10,9 7,-1036.777764,-880.7644659,-6.372617521190063,46.81369123940497,-53.18630876059503
67,1174,Cc1cccc(O)c1-c1c(O)c(-c2ccccc2)cc2ccccc12,CN[C@H](c1ccccc1)[C@H](NC)c1ccccc1,0,0,6 10,1 10,-1036.777764,-730.4598814,0.5398297562508718,50.269914878125434,-49.730085121874566
67,1175,Cc1cccc(O)c1-c1c(O)c(-c2ccccc2)cc2ccccc12,O=C(N[C@H]1CCCC[C@@H]1NC(=O)c1ccccc1P(c1ccccc1)c1ccccc1)c1ccccc1P(c1ccccc1)c1ccccc1,0,0,6 10,9 2,-1036.777764,-2641.38663,-5.5430932908865955,47.228453354556706,-52.771546645443294
67,1176,Cc1cccc(O)c1-c1c(O)c(-c2ccccc2)cc2ccccc12,O=C(N[C@@H](c1ccccc1)[C@@H](NC(=O)c1ccccc1P(c1ccccc1)c1ccccc1)c1ccccc1)c1ccccc1P(c1ccccc1)c1ccccc1,0,0,6 10,2 11,-1036.777764,-2947.2013,-0.1940904419205145,49.902954779039746,-50.097045220960254
67,1177,Cc1cccc(O)c1-c1c(O)c(-c2ccccc2)cc2ccccc12,O=S(=O)(N[C@@H](c1ccccc1)[C@@H](NS(=O)(=O)C(F)(F)F)c1ccccc1)C(F)(F)F,0,0,6 10,3 12,-1036.777764,-2422.191334,-1.0858106433164219,49.45709467834179,-50.54290532165821
67,1178,Cc1cccc(O)c1-c1c(O)c(-c2ccccc2)cc2ccccc12,[O-]c1ccccc1/C=N/[C@@H](c1ccccc1)[C@@H](/N=C/c1ccccc1[O-])c1ccccc1,0,0,6 10,8 17,-1036.777764,-1338.945921,-6.158679361227719,46.920660319386144,-53.079339680613856
68,1001,Oc1ccc2c(c1-c1c(O)ccc3ccccc13)CCCC2,CC(C)(C1=N[C@@H](C(C)(C)C)CO1)C1=N[C@@H](C(C)(C)C)CO1,0,3,0 9,4 13,-922.545825,-924.7872077,-63.74216609242367,18.128916953788163,-81.87108304621184
68,1002,Oc1ccc2c(c1-c1c(O)ccc3ccccc13)CCCC2,CC(C)(C)[C@@H]1COC(C2(C3=N[C@H](C(C)(C)C)CO3)CCCCC2)=N1,0,0,0 9,10 23,-922.545825,-1041.378417,36.68786738131646,68.34393369065823,-31.65606630934177
68,1003,Oc1ccc2c(c1-c1c(O)ccc3ccccc13)CCCC2,CC(C)(C)[C@H]1COC(C2(C3=N[C@@H](C(C)(C)C)CO3)CCCC2)=N1,0,2,0 9,10 22,-922.545825,-1002.119896,-58.18637606588324,20.90681196705838,-79.09318803294161
68,1004,Oc1ccc2c(c1-c1c(O)ccc3ccccc13)CCCC2,CC(C)(C)[C@H]1COC(C2(C3=N[C@@H](C(C)(C)C)CO3)CCC2)=N1,0,0,0 9,10 21,-922.545825,-962.8318746,-37.36212250264731,31.318938748676345,-68.68106125132365
68,1005,Oc1ccc2c(c1-c1c(O)ccc3ccccc13)CCCC2,CC(C)(C)[C@@H]1COC(C2(C3=N[C@H](C(C)(C)C)CO3)CC2)=N1,0,2,0 9,10 20,-922.545825,-923.5694488,53.70202872229078,76.85101436114539,-23.14898563885461
68,1006,Oc1ccc2c(c1-c1c(O)ccc3ccccc13)CCCC2,CC(C)(C)[C@@H]1COC(CC2=N[C@H](C(C)(C)C)CO2)=N1,0,1,0 9,10 18,-922.545825,-846.2631981,6.984993312884978,53.49249665644249,-46.50750334355751
68,1007,Oc1ccc2c(c1-c1c(O)ccc3ccccc13)CCCC2,CC(C)(C)[C@H]1COC(C(Cc2ccccc2)(Cc2ccccc2)C2=N[C@@H](C(C)(C)C)CO2)=N1,0,0,0 9,24 32,-922.545825,-1386.443314,-19.434670510582357,40.282664744708825,-59.717335255291175
68,1008,Oc1ccc2c(c1-c1c(O)ccc3ccccc13)CCCC2,CC(C)(C)[C@H]1COC(C2=N[C@@H](C(C)(C)C)CO2)=N1,0,1,0 9,9 17,-922.545825,-806.9917463,-16.16985044959409,41.91507477520295,-58.08492522479705
68,1009,Oc1ccc2c(c1-c1c(O)ccc3ccccc13)CCCC2,CC(C)(C)[C@H]1COC(c2ccccn2)=N1,0,0,0 9,13 14,-922.545825,-650.9603345,-23.26055781937301,38.3697210903135,-61.6302789096865
68,1010,Oc1ccc2c(c1-c1c(O)ccc3ccccc13)CCCC2,CC(C)(C)[C@H]1COC(c2ccc3ccccc3n2)=N1,0,0,0 9,17 18,-922.545825,-804.4663888,-22.347098616353932,38.826450691823034,-61.173549308176966
68,1011,Oc1ccc2c(c1-c1c(O)ccc3ccccc13)CCCC2,CC(C)(C)[C@H]1COC(c2cccc(C3=N[C@@H](C(C)(C)C)CO3)n2)=N1,0,0,0 9,23 14 22,-922.545825,-1053.868619,-13.663596344232646,43.16820182788368,-56.83179817211632
68,1012,Oc1ccc2c(c1-c1c(O)ccc3ccccc13)CCCC2,CC(C)(C)[C@@H]1COC(c2ccc(C(F)(F)F)cn2)=N1,0,0,0 9,17 18,-922.545825,-987.756862,9.806242406283737,54.903121203141865,-45.096878796858135
68,1013,Oc1ccc2c(c1-c1c(O)ccc3ccccc13)CCCC2,CC(C)(C1=N[C@@H](C(C)(C)C)CO1)c1ccccn1,0,0,0 9,17 4,-922.545825,-768.7447589,-13.558530654126345,43.22073467293683,-56.77926532706317
68,1014,Oc1ccc2c(c1-c1c(O)ccc3ccccc13)CCCC2,CC(C)(C)[C@@H]1COC(c2nccc3ccccc23)=N1,0,1,0 9,9 18,-922.545825,-804.4621747,23.714167847349785,61.85708392367489,-38.14291607632511
68,1015,Oc1ccc2c(c1-c1c(O)ccc3ccccc13)CCCC2,CC(C)(C)[C@H]1COC([C@@H]2CCCC[C@H]2C2=N[C@@H](C(C)(C)C)CO2)=N1,0,0,0 9,23 15,-922.545825,-1041.38254,-5.3279656125188914,47.33601719374055,-52.66398280625945
68,1016,Oc1ccc2c(c1-c1c(O)ccc3ccccc13)CCCC2,CC(C)(C)[C@@H]1COC(c2ccccc2Nc2ccccc2C2=N[C@H](C(C)(C)C)CO2)=N1,0,0,0 9,22 14 30,-922.545825,-1323.988245,-6.572666417799799,46.7136667911001,-53.2863332088999
68,1017,Oc1ccc2c(c1-c1c(O)ccc3ccccc13)CCCC2,CC(C)(C)[C@H]1COC(/C=c2\[n-]/c(=C\C3=N[C@@H](C(C)(C)C)CO3)c3ccccc23)=N1,0,0,0 9,10 28 14,-922.545825,-1246.074571,-4.97046061336675,47.51476969331662,-52.48523030668338
68,1018,Oc1ccc2c(c1-c1c(O)ccc3ccccc13)CCCC2,CC(C)(C)[C@H]1COC(c2cccc(-c3cccc(C4=N[C@@H](C(C)(C)C)CO4)n3)n2)=N1,0,0,0 9,27 19 28 29,-922.545825,-1300.750937,-8.835049694159892,45.582475152920054,-54.417524847079946
68,1019,Oc1ccc2c(c1-c1c(O)ccc3ccccc13)CCCC2,CC(C)(C)[C@@H]1COC(c2cccc(-c3ccccn3)n2)=N1,0,0,0 9,18 19 20,-922.545825,-897.839473,1.5034904582627542,50.75174522913138,-49.24825477086862
68,1020,Oc1ccc2c(c1-c1c(O)ccc3ccccc13)CCCC2,CC(C)(C)[C@@H]1COC(c2cccc(-c3ccccn3)n2)=N1,0,0,0 9,18 19 20,-922.545825,-897.8395764,1.277800535372534,50.63890026768627,-49.36109973231373
68,1021,Oc1ccc2c(c1-c1c(O)ccc3ccccc13)CCCC2,Cc1ccc(N2C[C@H](C(C)(C)C)N=C2C2=N[C@@H](C(C)(C)C)CN2c2ccc(C)cc2)cc1,0,0,0 9,12 15,-922.545825,-1307.470214,-13.51517614326946,43.24241192836527,-56.75758807163473
68,1022,Oc1ccc2c(c1-c1c(O)ccc3ccccc13)CCCC2,CC(C)[C@@H]1COC(C(C)(C)C2=N[C@H](C(C)C)CO2)=N1,0,2,0 9,18 11,-922.545825,-846.264983,43.857090100231716,71.92854505011586,-28.071454949884142
68,1023,Oc1ccc2c(c1-c1c(O)ccc3ccccc13)CCCC2,CC(C)[C@H]1COC(C2(C3=N[C@@H](C(C)C)CO3)CCCCC2)=N1,0,2,0 9,9 21,-922.545825,-962.8650477,-19.765014822725576,40.11749258863721,-59.88250741136279
68,1024,Oc1ccc2c(c1-c1c(O)ccc3ccccc13)CCCC2,CC(C)[C@H]1COC(C2(C3=N[C@@H](C(C)C)CO3)CCCC2)=N1,0,0,0 9,9 20,-922.545825,-923.5979956,-23.663918808599732,38.168040595700134,-61.831959404299866
68,1025,Oc1ccc2c(c1-c1c(O)ccc3ccccc13)CCCC2,CC(C)[C@H]1COC(C2(C3=N[C@@H](C(C)C)CO3)CC2)=N1,0,0,0 9,9 18,-922.545825,-845.0470679,-54.958070551320326,22.520964724339837,-77.47903527566017
68,1026,Oc1ccc2c(c1-c1c(O)ccc3ccccc13)CCCC2,CC(C)[C@@H]1COC(CC2=N[C@H](C(C)C)CO2)=N1,0,3,0 9,16 9,-922.545825,-767.7407516,-4.966257143877643,47.51687142806118,-52.48312857193882
68,1027,Oc1ccc2c(c1-c1c(O)ccc3ccccc13)CCCC2,CC(C)[C@H]1COC(C(C)(Cc2ccccc2)C2=N[C@@H](C(C)C)CO2)=N1,0,0,0 9,24 17,-922.545825,-1077.094636,-42.92173118704407,28.539134406477967,-71.46086559352203
68,1028,Oc1ccc2c(c1-c1c(O)ccc3ccccc13)CCCC2,CC(C)[C@@H]1COC(C(Cc2ccccc2)(Cc2ccccc2)C2=N[C@H](C(C)C)CO2)=N1,0,1,0 9,30 23,-922.545825,-1307.925837,14.301232166264615,57.150616083132306,-42.849383916867694
68,1029,Oc1ccc2c(c1-c1c(O)ccc3ccccc13)CCCC2,CC(C)[C@H]1COC(C(Cc2ccc(C(C)(C)C)cc2)(Cc2ccc(C(C)(C)C)cc2)C2=N[C@@H](C(C)C)CO2)=N1,0,0,0 9,38 31,-922.545825,-1622.00837,-18.69236671339194,40.653816643304026,-59.346183356695974
68,1030,Oc1ccc2c(c1-c1c(O)ccc3ccccc13)CCCC2,CC(C)[C@@H]1COC(C2=N[C@H](C(C)C)CO2)=N1,0,0,0 9,8 15,-922.545825,-728.4699348,22.381974196593106,61.19098709829655,-38.80901290170345
68,1031,Oc1ccc2c(c1-c1c(O)ccc3ccccc13)CCCC2,CC(C)[C@H]1COC(c2ccccn2)=N1,0,0,0 9,12 13,-922.545825,-611.69952,-23.22219423380449,38.38890288309776,-61.61109711690224
68,1032,Oc1ccc2c(c1-c1c(O)ccc3ccccc13)CCCC2,CC(C)[C@@H]1COC(c2ccc3ccccc3n2)=N1,0,0,0 9,16 17,-922.545825,-765.2054016,17.63118618752066,58.81559309376033,-41.18440690623967
68,1033,Oc1ccc2c(c1-c1c(O)ccc3ccccc13)CCCC2,CC(C)[C@@H]1COC(c2cccc(C3=N[C@H](C(C)C)CO3)n2)=N1,0,0,0 9,21 20 13,-922.545825,-975.3489125,23.761739710172094,61.88086985508605,-38.11913014491395
68,1034,Oc1ccc2c(c1-c1c(O)ccc3ccccc13)CCCC2,CC(C)[C@H]1COC(c2ccc(C(F)(F)F)cn2)=N1,0,0,0 9,16 17,-922.545825,-948.4960275,-16.92048962808777,41.53975518595612,-58.46024481404388
68,1035,Oc1ccc2c(c1-c1c(O)ccc3ccccc13)CCCC2,CC(C)[C@@H]1COC(Cc2ccccn2)=N1,0,0,0 9,13 14,-922.545825,-650.9622206,3.9572044707413845,51.978602235370694,-48.021397764629306
68,1036,Oc1ccc2c(c1-c1c(O)ccc3ccccc13)CCCC2,CC(C)[C@@H]1COC(c2nccc3ccccc23)=N1,0,0,0 9,8 17,-922.545825,-765.2009547,18.46022179027562,59.23011089513781,-40.76988910486219
68,1037,Oc1ccc2c(c1-c1c(O)ccc3ccccc13)CCCC2,CC(C)[C@@H]1COC(c2ccc3cccnc3n2)=N1,0,0,0 9,16 17,-922.545825,-781.2378695,-1.9576053869755667,49.021197306512214,-50.978802693487786
68,1038,Oc1ccc2c(c1-c1c(O)ccc3ccccc13)CCCC2,CC(C)C[C@H]1COC(c2ccccc2P(c2ccccc2)c2ccccc2C2=N[C@@H](CC(C)C)CO2)=N1,0,0,0 9,28 14 36,-922.545825,-1841.351686,1.939758336811427,50.96987916840571,-49.03012083159429
68,1039,Oc1ccc2c(c1-c1c(O)ccc3ccccc13)CCCC2,CC(C)[C@H]1COC(c2cccc3c2oc2c(C4=N[C@@H](C(C)C)CO4)cccc23)=N1,0,0,0 9,17 28 13,-922.545825,-1264.139226,-14.547061963435448,42.72646901828227,-57.27353098171773
68,1040,Oc1ccc2c(c1-c1c(O)ccc3ccccc13)CCCC2,CC(C)[C@H]1COC(c2cccc(C3=N[C@@H](C(C)C)CO3)c2)=N1,0,1,0 9,21 13,-922.545825,-959.3224258,-10.243630145520578,44.87818492723971,-55.12181507276029
68,1041,Oc1ccc2c(c1-c1c(O)ccc3ccccc13)CCCC2,CC(C)c1cccc(N2C[C@H](C(C)C)N=C2C2=N[C@@H](C(C)C)CN2c2cccc(C(C)C)c2)c1,0,0,0 9,14 17,-922.545825,-1385.989932,-14.278365628729292,42.860817185635355,-57.139182814364645
68,1042,Oc1ccc2c(c1-c1c(O)ccc3ccccc13)CCCC2,CC(C)[C@H]1CN(c2ccc(C(F)(F)F)cc2)C(C2=N[C@@H](C(C)C)CN2c2ccc(C(F)(F)F)cc2)=N1,0,0,0 9,18 35,-922.545825,-1824.017689,-11.958944426495542,44.020527786752226,-55.979472213247774
68,1043,Oc1ccc2c(c1-c1c(O)ccc3ccccc13)CCCC2,Cc1ccc(N2C[C@H](C(C)C)N=C2C2=N[C@@H](C(C)C)CN2c2ccc(C)cc2)cc1,0,0,0 9,11 14,-922.545825,-1228.948101,-7.890291548972451,46.05485422551377,-53.94514577448623
68,1044,Oc1ccc2c(c1-c1c(O)ccc3ccccc13)CCCC2,CC(C)[C@H]1COC(/C(C#N)=C2\[N-][C@@H](C(C)C)CO2)=N1,0,6,0 9,11 18,-922.545825,-859.3852808,-7.887293935723562,46.05635303213822,-53.94364696786178
68,1045,Oc1ccc2c(c1-c1c(O)ccc3ccccc13)CCCC2,CC(C)[C@H]1N=C(c2cccc(C3=N[C@H](C(C)C)C(c4ccccc4)(c4ccccc4)O3)n2)OC1(c1ccccc1)c1ccccc1,0,0,0 9,4 12 31,-922.545825,-1898.675751,5.758447033317109,52.879223516658556,-47.120776483341444
68,1046,Oc1ccc2c(c1-c1c(O)ccc3ccccc13)CCCC2,CC(C)(C1=N[C@H](c2ccccc2)CO1)C1=N[C@H](c2ccccc2)CO1,0,4,0 9,4 15,-922.545825,-1072.360523,37.4128190737716,68.7064095368858,-31.2935904631142
68,1047,Oc1ccc2c(c1-c1c(O)ccc3ccccc13)CCCC2,c1ccc([C@@H]2COC(C3(C4=N[C@H](c5ccccc5)CO4)CCCCC3)=N2)cc1,0,1,0 9,25 10,-922.545825,-1188.961784,26.897907638060012,63.44895381903001,-36.55104618096999
68,1048,Oc1ccc2c(c1-c1c(O)ccc3ccccc13)CCCC2,c1ccc([C@H]2COC(C3(C4=N[C@@H](c5ccccc5)CO4)CCCC3)=N2)cc1,0,1,0 9,24 10,-922.545825,-1149.693678,-50.40816481050103,24.795917594749486,-75.20408240525052
68,1049,Oc1ccc2c(c1-c1c(O)ccc3ccccc13)CCCC2,c1ccc([C@@H]2COC(C3(C4=N[C@H](c5ccccc5)CO4)CCC3)=N2)cc1,0,0,0 9,10 23,-922.545825,-1110.405334,20.985320197412683,60.49266009870634,-39.50733990129366
68,1050,Oc1ccc2c(c1-c1c(O)ccc3ccccc13)CCCC2,c1ccc([C@@H]2COC(C3(C4=N[C@H](c5ccccc5)CO4)CC3)=N2)cc1,0,0,0 9,10 22,-922.545825,-1071.142417,31.51939862789358,65.75969931394678,-34.24030068605321
68,1051,Oc1ccc2c(c1-c1c(O)ccc3ccccc13)CCCC2,c1ccc(CC(Cc2ccccc2)(C2=N[C@@H](c3ccccc3)CO2)C2=N[C@@H](c3ccccc3)CO2)cc1,0,2,0 9,25 14,-922.545825,-1534.023098,-15.005800521867013,42.49709973906649,-57.50290026093351
68,1052,Oc1ccc2c(c1-c1c(O)ccc3ccccc13)CCCC2,CC(Cc1ccccc1)(C1=N[C@@H](c2ccccc2)CO1)C1=N[C@@H](c2ccccc2)CO1,0,0,0 9,10 21,-922.545825,-1303.193117,-16.551297162749442,41.724351418625275,-58.275648581374725
68,1053,Oc1ccc2c(c1-c1c(O)ccc3ccccc13)CCCC2,CC(C)(C)c1ccc(CC(Cc2ccc(C(C)(C)C)cc2)(C2=N[C@@H](c3ccccc3)CO2)C2=N[C@@H](c3ccccc3)CO2)cc1,0,0,0 9,33 22,-922.545825,-1848.107801,-11.756718699812833,44.12164065009358,-55.87835934990642
68,1054,Oc1ccc2c(c1-c1c(O)ccc3ccccc13)CCCC2,c1ccc([C@H]2COC(C3=N[C@@H](c4ccccc4)CO3)=N2)cc1,0,0,0 9,9 19,-922.545825,-954.5647571,-12.269870352359991,43.865064823820006,-56.134935176179994
68,1055,Oc1ccc2c(c1-c1c(O)ccc3ccccc13)CCCC2,c1ccc([C@@H]2COC(c3ccccn3)=N2)cc1,0,0,0 9,13 14,-922.545825,-724.746776,6.142244552034679,53.07112227601734,-46.92887772398266
68,1056,Oc1ccc2c(c1-c1c(O)ccc3ccccc13)CCCC2,c1ccc([C@H]2COC(c3ccc4ccccc4n3)=N2)cc1,0,0,0 9,17 18,-922.545825,-878.2528728,-20.360985145038008,39.819507427481,-60.180492572519
68,1057,Oc1ccc2c(c1-c1c(O)ccc3ccccc13)CCCC2,c1ccc([C@H]2COC(c3cccc(C4=N[C@@H](c5ccccc5)CO4)n3)=N2)cc1,0,0,0 9,24 25 14,-922.545825,-1201.443303,-17.72048048437374,41.13975975781313,-58.86024024218687
68,1058,Oc1ccc2c(c1-c1c(O)ccc3ccccc13)CCCC2,c1ccc([C@H]2COC(CC3=N[C@@H](c4ccccc4)CO3)=N2)cc1,0,0,0 9,10 20,-922.545825,-993.8362822,-14.980343710379731,42.509828144810136,-57.490171855189864
68,1059,Oc1ccc2c(c1-c1c(O)ccc3ccccc13)CCCC2,c1ccc([C@H]2COC(c3nccc4ccccc34)=N2)cc1,0,0,0 9,9 18,-922.545825,-878.2485743,-19.687903474635867,40.15604826268206,-59.84395173731794
68,1060,Oc1ccc2c(c1-c1c(O)ccc3ccccc13)CCCC2,CC(C)(C1=N[C@@H](c2ccccc2)C(c2ccccc2)(c2ccccc2)O1)C1=N[C@@H](c2ccccc2)C(c2ccccc2)(c2ccccc2)O1,0,1,0 9,27 4,-922.545825,-1995.694324,-26.54436900457985,36.727815497710075,-63.272184502289925
68,1061,Oc1ccc2c(c1-c1c(O)ccc3ccccc13)CCCC2,C(\C1=N[C@H](c2ccccc2)CO1)=c1\[n-]/c(=C\C2=N[C@H](c3ccccc3)CO2)c2ccccc12,0,0,0 9,17 2 13,-922.545825,-1393.650658,-4.129758348628879,47.93512082568556,-52.06487917431444
68,1062,Oc1ccc2c(c1-c1c(O)ccc3ccccc13)CCCC2,c1ccc([C@H]2COC(c3ccccc3Nc3ccccc3C3=N[C@@H](c4ccccc4)CO3)=N2)cc1,0,0,0 9,32 14 22,-922.545825,-1471.560923,-8.822922646271962,45.58853867686402,-54.41146132313598
68,1063,Oc1ccc2c(c1-c1c(O)ccc3ccccc13)CCCC2,N#C/C(C1=N[C@@H](c2ccccc2)CO1)=C1/[N-][C@@H](c2ccccc2)CO1,0,2,0 9,4 15,-922.545825,-1085.486043,-11.438262946054444,44.28086852697278,-55.71913147302722
68,1064,Oc1ccc2c(c1-c1c(O)ccc3ccccc13)CCCC2,c1ccc([C@H]2COC(c3cccc(C4=N[C@@H](c5ccccc5)CO4)c3)=N2)cc1,0,2,0 9,25 14,-922.545825,-1185.417111,-18.00477025602381,40.99761487198809,-59.00238512801191
68,1065,Oc1ccc2c(c1-c1c(O)ccc3ccccc13)CCCC2,c1ccc([C@H]2COC(c3cccc4c3oc3c(C5=N[C@@H](c6ccccc6)CO5)cccc34)=N2)cc1,0,1,0 9,32 18 14,-922.545825,-1490.233608,-14.52660370304518,42.73669814847741,-57.26330185152259
68,1066,Oc1ccc2c(c1-c1c(O)ccc3ccccc13)CCCC2,C(\C1=N[C@H](c2ccccc2)CO1)=c1\o/c(=C\C2=N[C@H](c3ccccc3)CO2)c2ccccc12,0,0,0 9,17 2 13,-922.545825,-1414.040486,-4.632112819863762,47.68394359006812,-52.31605640993188
68,1067,Oc1ccc2c(c1-c1c(O)ccc3ccccc13)CCCC2,CC(C)(C1=N[C@@H]2c3ccccc3C[C@@H]2O1)C1=N[C@@H]2c3ccccc3C[C@@H]2O1,0,0,0 9,16 4,-922.545825,-1148.533419,55.51105082362231,77.75552541181116,-22.244474588188844
68,1068,Oc1ccc2c(c1-c1c(O)ccc3ccccc13)CCCC2,c1ccc2c(c1)C[C@H]1OC(C3(C4=N[C@H]5c6ccccc6C[C@H]5O4)CCCCC3)=N[C@@H]21,0,0,0 9,12 28,-922.545825,-1265.120113,-59.997484259111125,20.001257870444437,-79.99874212955557
68,1069,Oc1ccc2c(c1-c1c(O)ccc3ccccc13)CCCC2,c1ccc2c(c1)C[C@@H]1OC(C3(C4=N[C@@H]5c6ccccc6C[C@@H]5O4)CCCC3)=N[C@H]21,0,0,0 9,27 12,-922.545825,-1225.865898,47.13084924147461,73.5654246207373,-26.434575379262697
68,1070,Oc1ccc2c(c1-c1c(O)ccc3ccccc13)CCCC2,c1ccc2c(c1)C[C@@H]1OC(C3(C4=N[C@@H]5c6ccccc6C[C@@H]5O4)CCC3)=N[C@H]21,0,3,0 9,26 12,-922.545825,-1186.577848,36.21508701788173,68.10754350894086,-31.892456491059136
68,1071,Oc1ccc2c(c1-c1c(O)ccc3ccccc13)CCCC2,c1ccc2c(c1)C[C@H]1OC(C3(C4=N[C@H]5c6ccccc6C[C@H]5O4)CC3)=N[C@@H]21,0,0,0 9,25 12,-922.545825,-1147.313977,-76.65784051321431,11.671079743392845,-88.32892025660715
68,1072,Oc1ccc2c(c1-c1c(O)ccc3ccccc13)CCCC2,CCC(CC)(C1=N[C@H]2c3ccccc3C[C@H]2O1)C1=N[C@H]2c3ccccc3C[C@H]2O1,0,0,0 9,18 6,-922.545825,-1227.050677,-67.65388313055631,16.173058434721845,-83.82694156527816
68,1073,Oc1ccc2c(c1-c1c(O)ccc3ccccc13)CCCC2,c1ccc(CC(Cc2ccccc2)(C2=N[C@@H]3c4ccccc4C[C@@H]3O2)C2=N[C@@H]3c4ccccc4C[C@@H]3O2)cc1,0,0,0 9,26 14,-922.545825,-1610.184387,0.6684003477999427,50.33420017389997,-49.66579982610003
68,1074,Oc1ccc2c(c1-c1c(O)ccc3ccccc13)CCCC2,CC(Cc1ccccc1)(C1=N[C@H]2c3ccccc3C[C@H]2O1)C1=N[C@H]2c3ccccc3C[C@H]2O1,0,0,0 9,10 22,-922.545825,-1379.360112,-7.234331494068855,46.38283425296557,-53.61716574703443
68,1075,Oc1ccc2c(c1-c1c(O)ccc3ccccc13)CCCC2,CC(C)(C)c1ccc(CC(Cc2ccc(C(C)(C)C)cc2)(C2=N[C@@H]3c4ccccc4C[C@@H]3O2)C2=N[C@@H]3c4ccccc4C[C@@H]3O2)cc1,0,0,0 9,34 22,-922.545825,-1924.267304,15.130242581370478,57.56512129068524,-42.43487870931476
68,1076,Oc1ccc2c(c1-c1c(O)ccc3ccccc13)CCCC2,CC(C)(C)c1cc(CC(Cc2cc(C(C)(C)C)cc(C(C)(C)C)c2)(C2=N[C@H]3c4ccccc4C[C@H]3O2)C2=N[C@H]3c4ccccc4C[C@H]3O2)cc(C(C)(C)C)c1,0,1,0 9,25 37,-922.545825,-2238.36189,-20.470768970109845,39.76461551494508,-60.23538448505492
68,1077,Oc1ccc2c(c1-c1c(O)ccc3ccccc13)CCCC2,c1ccc2c(c1)CC(C1=N[C@@H]3c4ccccc4C[C@@H]3O1)(C1=N[C@@H]3c4ccccc4C[C@@H]3O1)C2,0,0,0 9,9 21,-922.545825,-1378.182059,46.317813192806724,73.15890659640337,-26.841093403596638
68,1078,Oc1ccc2c(c1-c1c(O)ccc3ccccc13)CCCC2,c1ccc2c(c1)C[C@H]1OC(CC3=N[C@H]4c5ccccc5C[C@H]4O3)=N[C@@H]21,0,0,0 9,12 23,-922.545825,-1070.004928,-7.2630868256475996,46.3684565871762,-53.6315434128238
68,1079,Oc1ccc2c(c1-c1c(O)ccc3ccccc13)CCCC2,c1ccc(C2=N[C@H]3c4ccccc4C[C@H]3O2)nc1,0,0,0 9,16 5,-922.545825,-762.8325198,-27.16474992917976,36.41762503541012,-63.58237496458988
68,1080,Oc1ccc2c(c1-c1c(O)ccc3ccccc13)CCCC2,c1ccc2c(c1)C[C@H]1OC(c3ccc4ccccc4n3)=N[C@@H]21,0,0,0 9,19 20,-922.545825,-916.3386498,-20.216253548962133,39.891873225518935,-60.108126774481065
68,1081,Oc1ccc2c(c1-c1c(O)ccc3ccccc13)CCCC2,c1ccc2c(c1)C[C@@H]1OC(c3nccc4ccccc34)=N[C@H]21,0,0,0 9,11 20,-922.545825,-916.3345383,14.994035702454777,57.49701785122739,-42.50298214877261
68,1082,Oc1ccc2c(c1-c1c(O)ccc3ccccc13)CCCC2,FC(F)(F)c1ccc(C2=N[C@@H]3c4ccccc4C[C@@H]3O2)nc1,0,0,0 9,9 20,-922.545825,-1099.626649,0.5948047891343542,50.29740239456718,-49.70259760543282
68,1083,Oc1ccc2c(c1-c1c(O)ccc3ccccc13)CCCC2,c1cc(C2=N[C@H]3c4ccccc4C[C@H]3O2)nc(C2=N[C@H]3c4ccccc4C[C@H]3O2)c1,0,0,0 9,18 4 15,-922.545825,-1277.615075,-15.480187202242417,42.25990639887879,-57.74009360112121
68,1084,Oc1ccc2c(c1-c1c(O)ccc3ccccc13)CCCC2,c1ccc2c(c1)C[C@H]1OC(C3=N[C@H]4c5ccccc5C[C@H]4O3)=N[C@@H]21,0,0,0 9,11 22,-922.545825,-1030.735569,-32.570957795455634,33.71452110227219,-66.28547889772781
68,1085,Oc1ccc2c(c1-c1c(O)ccc3ccccc13)CCCC2,c1ccc(-c2cccc(C3=N[C@H]4c5ccccc5C[C@H]4O3)n2)nc1,0,0,0 9,10 21 22,-922.545825,-1009.709879,-17.201397990698332,41.39930100465084,-58.60069899534916
68,1086,Oc1ccc2c(c1-c1c(O)ccc3ccccc13)CCCC2,c1ccc(-c2cccc(C3=N[C@@H]4c5ccccc5C[C@@H]4O3)n2)cc1,0,0,0 9,10 21,-922.545825,-993.6729656,-3.9274226811078257,48.036288659446086,-51.963711340553914
68,1087,Oc1ccc2c(c1-c1c(O)ccc3ccccc13)CCCC2,O=C(Nc1ccccc1C1=N[C@@H]2c3ccccc3C[C@@H]2O1)c1ccccc1P(c1ccccc1)c1ccccc1,0,0,0 9,2 10,-922.545825,-1949.73391,-4.097045005789201,47.9514774971054,-52.0485225028946
68,1088,Oc1ccc2c(c1-c1c(O)ccc3ccccc13)CCCC2,O=C(Nc1cccc(C(F)(F)F)c1C1=N[C@@H]2c3ccccc3C[C@@H]2O1)c1ccccc1P(c1ccccc1)c1ccccc1,0,1,0 9,2 14,-922.545825,-2286.515962,0.5246244311418318,50.262312215570915,-49.737687784429085
68,1089,Oc1ccc2c(c1-c1c(O)ccc3ccccc13)CCCC2,CC(CC1=N[C@H]2c3ccccc3C[C@@H]2O1)(C1=N[C@H]2c3ccccc3C[C@H]2O1)C1=N[C@H]2c3ccccc3C[C@H]2O1,0,0,0 9,16 28,-922.545825,-1663.278129,-10.091718344002189,44.954140827998906,-55.045859172001094
68,1090,Oc1ccc2c(c1-c1c(O)ccc3ccccc13)CCCC2,CC(C)(C1=N[C@H](Cc2ccccc2)CO1)C1=N[C@H](Cc2ccccc2)CO1,0,0,0 9,16 4,-922.545825,-1150.888196,29.298145896412493,64.64907294820625,-35.350927051793754
68,1091,Oc1ccc2c(c1-c1c(O)ccc3ccccc13)CCCC2,c1ccc(C[C@H]2COC(C3(C4=N[C@@H](Cc5ccccc5)CO4)CCCCC3)=N2)cc1,0,0,0 9,27 11,-922.545825,-1267.472166,-27.71651491882985,36.14174254058507,-63.85825745941493
68,1092,Oc1ccc2c(c1-c1c(O)ccc3ccccc13)CCCC2,c1ccc(C[C@H]2COC(C3(C4=N[C@@H](Cc5ccccc5)CO4)CCCC3)=N2)cc1,0,1,0 9,26 11,-922.545825,-1228.21857,-46.93418081177964,26.53290959411018,-73.46709040588982
68,1093,Oc1ccc2c(c1-c1c(O)ccc3ccccc13)CCCC2,c1ccc(C[C@H]2COC(C3(C4=N[C@@H](Cc5ccccc5)CO4)CCC3)=N2)cc1,0,0,0 9,25 11,-922.545825,-1188.932527,-19.3344108282907,40.33279458585465,-59.66720541414535
68,1094,Oc1ccc2c(c1-c1c(O)ccc3ccccc13)CCCC2,c1ccc(C[C@H]2COC(C3(C4=N[C@@H](Cc5ccccc5)CO4)CC3)=N2)cc1,0,0,0 9,24 11,-922.545825,-1149.663336,-34.72824063494787,32.63587968252607,-67.36412031747393
68,1095,Oc1ccc2c(c1-c1c(O)ccc3ccccc13)CCCC2,CC(Cc1ccccc1)(C1=N[C@H](Cc2ccccc2)CO1)C1=N[C@H](Cc2ccccc2)CO1,0,0,0 9,10 22,-922.545825,-1381.707279,11.15114058504323,55.57557029252162,-44.42442970747838
68,1096,Oc1ccc2c(c1-c1c(O)ccc3ccccc13)CCCC2,c1ccc(C[C@H]2COC(C(Cc3ccccc3)(Cc3ccccc3)C3=N[C@@H](Cc4ccccc4)CO3)=N2)cc1,0,0,0 9,25 36,-922.545825,-1612.547877,-10.680683227149204,44.6596583864254,-55.3403416135746
68,1097,Oc1ccc2c(c1-c1c(O)ccc3ccccc13)CCCC2,CC(C)(C)c1ccc(CC(Cc2ccc(C(C)(C)C)cc2)(C2=N[C@H](Cc3ccccc3)CO2)C2=N[C@H](Cc3ccccc3)CO2)cc1,0,0,0 9,34 22,-922.545825,-1926.618731,2.022637290706297,51.01131864535315,-48.98868135464685
68,1098,Oc1ccc2c(c1-c1c(O)ccc3ccccc13)CCCC2,c1ccc(C[C@@H]2COC(CC3=N[C@H](Cc4ccccc4)CO3)=N2)cc1,0,0,0 9,11 22,-922.545825,-1072.356973,8.733236804813764,54.366618402406885,-45.633381597593115
68,1099,Oc1ccc2c(c1-c1c(O)ccc3ccccc13)CCCC2,c1ccc(C[C@H]2COC(c3ccccn3)=N2)cc1,0,0,0 9,14 15,-922.545825,-764.0089485,-22.815021947341833,38.59248902632908,-61.40751097367092
68,1100,Oc1ccc2c(c1-c1c(O)ccc3ccccc13)CCCC2,c1ccc(C[C@H]2COC(c3ccc4ccccc4n3)=N2)cc1,0,0,0 9,18 19,-922.545825,-917.5151879,-12.81077708087792,43.59461145956104,-56.40538854043896
68,1101,Oc1ccc2c(c1-c1c(O)ccc3ccccc13)CCCC2,FC(F)(F)c1ccc(C2=N[C@@H](Cc3ccccc3)CO2)nc1,0,0,0 9,9 20,-922.545825,-1100.805579,-22.224169955927685,38.887915022036154,-61.112084977963846
68,1102,Oc1ccc2c(c1-c1c(O)ccc3ccccc13)CCCC2,Fc1ccc(C2=N[C@@H](Cc3ccccc3)CO2)nc1,0,0,0 9,17 6,-922.545825,-863.1783062,-19.41796544215954,40.29101727892023,-59.70898272107977
68,1103,Oc1ccc2c(c1-c1c(O)ccc3ccccc13)CCCC2,CC(C)(C1=N[C@@H](Cc2ccccc2)CO1)c1ccccn1,0,0,0 9,4 20,-922.545825,-881.7938527,-17.004433537767802,41.4977832311161,-58.5022167688839
68,1104,Oc1ccc2c(c1-c1c(O)ccc3ccccc13)CCCC2,FC(F)(F)c1ccnc(C2=N[C@@H](Cc3ccccc3)CO2)c1,0,0,0 9,10 7,-922.545825,-1100.805638,-19.661184400581508,40.16940779970925,-59.83059220029075
68,1105,Oc1ccc2c(c1-c1c(O)ccc3ccccc13)CCCC2,c1ccc(C[C@@H]2COC(C3=N[C@H](Cc4ccccc4)CO3)=N2)cc1,0,0,0 9,10 21,-922.545825,-1033.091065,5.865166625299297,52.93258331264965,-47.06741668735035
68,1106,Oc1ccc2c(c1-c1c(O)ccc3ccccc13)CCCC2,c1ccc(C[C@@H]2COC(c3cccc(C4=N[C@H](Cc5ccccc5)CO4)n3)=N2)cc1,0,0,0 9,26 27 15,-922.545825,-1279.968702,3.216772596811788,51.6083862984059,-48.3916137015941
68,1107,Oc1ccc2c(c1-c1c(O)ccc3ccccc13)CCCC2,c1ccc(C[C@@H]2COC(c3cccc(C4=N[C@H](Cc5ccccc5)CO4)c3)=N2)cc1,0,0,0 9,27 15,-922.545825,-1263.941857,2.4868690887458262,51.24343454437291,-48.75656545562709
68,1108,Oc1ccc2c(c1-c1c(O)ccc3ccccc13)CCCC2,c1ccc(C[C@H]2COC(C(Cc3ccc4ccccc4n3)(Cc3ccc4ccccc4n3)C3=N[C@@H](Cc4ccccc4)CO3)=N2)cc1,0,0,0 9,33 44,-922.545825,-1951.637558,-12.518557535516603,43.7407212322417,-56.2592787677583
68,1109,Oc1ccc2c(c1-c1c(O)ccc3ccccc13)CCCC2,c1ccc(C[C@@H]2COC(c3cccc4c3oc3c(C5=N[C@H](Cc6ccccc6)CO5)cccc34)=N2)cc1,0,0,0 9,34 19 15,-922.545825,-1568.762289,1.7985681463909522,50.899284073195474,-49.100715926804526
68,1110,Oc1ccc2c(c1-c1c(O)ccc3ccccc13)CCCC2,c1ccc(C[C@@H]2COC(c3cccc(-c4cccc(C5=N[C@H](Cc6ccccc6)CO5)n4)n3)=N2)cc1,0,0,0 9,32 33 20 31,-922.545825,-1526.847484,-1.5933178993580066,49.203341050320994,-50.796658949679006
68,1111,Oc1ccc2c(c1-c1c(O)ccc3ccccc13)CCCC2,N#C/C(C1=N[C@@H](Cc2ccccc2)CO1)=C1/[N-][C@@H](Cc2ccccc2)CO1,0,0,0 9,4 16,-922.545825,-1164.01035,-15.847500050961939,42.07624997451903,-57.92375002548097
68,1112,Oc1ccc2c(c1-c1c(O)ccc3ccccc13)CCCC2,CC(C)(C1=N[C@H](c2ccccc2)[C@H](c2ccccc2)O1)C1=N[C@H](c2ccccc2)[C@H](c2ccccc2)O1,0,0,0 9,4 21,-922.545825,-1534.032214,25.053535745082183,62.52676787254109,-37.47323212745891
68,1113,Oc1ccc2c(c1-c1c(O)ccc3ccccc13)CCCC2,c1ccc([C@H]2OC(C3(C4=N[C@@H](c5ccccc5)[C@@H](c5ccccc5)O4)CCCCC3)=N[C@H]2c2ccccc2)cc1,0,3,0 9,9 30,-922.545825,-1650.634597,-16.549930670273383,41.72503466486331,-58.27496533513669
68,1114,Oc1ccc2c(c1-c1c(O)ccc3ccccc13)CCCC2,c1ccc([C@H]2OC(C3(C4=N[C@@H](c5ccccc5)[C@@H](c5ccccc5)O4)CCCC3)=N[C@H]2c2ccccc2)cc1,0,0,0 9,9 29,-922.545825,-1611.364108,-22.76946153458725,38.615269232706375,-61.384730767293625
68,1115,Oc1ccc2c(c1-c1c(O)ccc3ccccc13)CCCC2,c1ccc([C@H]2OC(C3(C4=N[C@@H](c5ccccc5)[C@@H](c5ccccc5)O4)CC3)=N[C@H]2c2ccccc2)cc1,0,0,0 9,9 27,-922.545825,-1532.815707,-23.100926595136784,38.44953670243161,-61.55046329756839
68,1116,Oc1ccc2c(c1-c1c(O)ccc3ccccc13)CCCC2,CC(Cc1ccccc1)(C1=N[C@H](c2ccccc2)[C@H](c2ccccc2)O1)C1=N[C@H](c2ccccc2)[C@H](c2ccccc2)O1,0,4,0 9,10 27,-922.545825,-1764.861718,20.01105112912375,60.00552556456188,-39.99447443543812
68,1117,Oc1ccc2c(c1-c1c(O)ccc3ccccc13)CCCC2,c1ccc(CC(Cc2ccccc2)(C2=N[C@@H](c3ccccc3)[C@@H](c3ccccc3)O2)C2=N[C@@H](c3ccccc3)[C@@H](c3ccccc3)O2)cc1,0,1,0 9,14 31,-922.545825,-1995.696517,-8.667574336671766,45.66621283166412,-54.33378716833588
68,1118,Oc1ccc2c(c1-c1c(O)ccc3ccccc13)CCCC2,CC(C)(C)c1ccc(CC(Cc2ccc(C(C)(C)C)cc2)(C2=N[C@@H](c3ccccc3)[C@@H](c3ccccc3)O2)C2=N[C@@H](c3ccccc3)[C@@H](c3ccccc3)O2)cc1,0,0,0 9,22 39,-922.545825,-2309.776028,-12.314769735590605,43.8426151322047,-56.1573848677953
68,1119,Oc1ccc2c(c1-c1c(O)ccc3ccccc13)CCCC2,c1ccc([C@H]2N=C(CC3=N[C@H](c4ccccc4)[C@H](c4ccccc4)O3)O[C@H]2c2ccccc2)cc1,0,0,0 9,9 5,-922.545825,-1455.5077,11.4859265073714,55.7429632536857,-44.2570367463143
68,1120,Oc1ccc2c(c1-c1c(O)ccc3ccccc13)CCCC2,c1ccc([C@H]2OC(c3ccccn3)=N[C@H]2c2ccccc2)cc1,0,0,0 9,12 13,-922.545825,-955.5810827,-22.15855049356842,38.920724753215794,-61.079275246784206
68,1121,Oc1ccc2c(c1-c1c(O)ccc3ccccc13)CCCC2,c1ccc([C@H]2N=C(c3ccc4ccccc4n3)O[C@H]2c2ccccc2)cc1,0,0,0 9,16 5,-922.545825,-1109.087172,12.414622252975818,56.20731112648791,-43.79268887351209
68,1122,Oc1ccc2c(c1-c1c(O)ccc3ccccc13)CCCC2,FC(F)(F)c1ccc(C2=N[C@@H](c3ccccc3)[C@@H](c3ccccc3)O2)nc1,0,0,0 9,9 25,-922.545825,-1292.377378,-15.046207657543592,42.476896171228205,-57.523103828771795
68,1123,Oc1ccc2c(c1-c1c(O)ccc3ccccc13)CCCC2,c1ccc([C@H]2N=C(c3cccc(C4=N[C@H](c5ccccc5)[C@H](c5ccccc5)O4)n3)O[C@H]2c2ccccc2)cc1,0,1,0 9,29 13 5,-922.545825,-1663.108881,10.02951846647995,55.01475923323997,-44.98524076676003
68,1124,Oc1ccc2c(c1-c1c(O)ccc3ccccc13)CCCC2,N#C/C(C1=N[C@H](c2ccccc2)[C@H](c2ccccc2)O1)=C1/[N-][C@H](c2ccccc2)[C@H](c2ccccc2)O1,0,0,0 9,4 21,-922.545825,-1547.161777,8.879699341056162,54.43984967052808,-45.56015032947192
68,1125,Oc1ccc2c(c1-c1c(O)ccc3ccccc13)CCCC2,c1ccc([C@@H]2N=C(c3cccc4c3oc3c(C5=N[C@@H](c6ccccc6)[C@H](c6ccccc6)O5)cccc34)O[C@H]2c2ccccc2)cc1,0,0,0 9,17 13 5,-922.545825,-1951.910503,-12.698133412534737,43.650933293732635,-56.349066706267365
68,1126,Oc1ccc2c(c1-c1c(O)ccc3ccccc13)CCCC2,Cc1ccc(S(=O)(=O)N2C(c3cccc(C4=N[C@@H](c5ccccc5)[C@H](c5ccccc5)N4S(=O)(=O)c4ccc(C)cc4)c3)=N[C@@H](c3ccccc3)[C@@H]2c2ccccc2)cc1,0,0,0 9,16 43,-922.545825,-3244.251941,-1.4731732183367985,49.2634133908316,-50.7365866091684
68,1127,Oc1ccc2c(c1-c1c(O)ccc3ccccc13)CCCC2,c1ccc([C@@H]2N=C(c3cccc(C4=N[C@@H](c5ccccc5)[C@H](c5ccccc5)N4)c3)N[C@H]2c2ccccc2)cc1,0,0,0 9,5 13,-922.545825,-1607.358369,-13.083864765214729,43.458067617392636,-56.541932382607364
68,1128,Oc1ccc2c(c1-c1c(O)ccc3ccccc13)CCCC2,C[C@H]1COC(C(C)(C)C2=N[C@@H](C)CO2)=N1,0,0,0 9,9 14,-922.545825,-689.222808,-12.607003172800496,43.696498413599755,-56.303501586400245
68,1129,Oc1ccc2c(c1-c1c(O)ccc3ccccc13)CCCC2,C[C@H]1COC(C(C)(Cc2ccccc2)C2=N[C@@H](C)CO2)=N1,0,0,0 9,20 15,-922.545825,-920.0497162,-20.338185114051498,39.83090744297425,-60.16909255702575
68,1130,Oc1ccc2c(c1-c1c(O)ccc3ccccc13)CCCC2,C[C@H]1COC(C(Cc2ccc(C(C)(C)C)cc2)(Cc2ccc(C(C)(C)C)cc2)C2=N[C@@H](C)CO2)=N1,0,0,0 9,34 29,-922.545825,-1464.962808,-13.550169847121813,43.224915076439096,-56.775084923560904
68,1131,Oc1ccc2c(c1-c1c(O)ccc3ccccc13)CCCC2,C[C@@H]1COC(C(Cc2ccccc2)(Cc2ccccc2)C2=N[C@H](C)CO2)=N1,0,4,0 9,26 21,-922.545825,-1150.883527,-1.0594066194275715,49.47029669028621,-50.52970330971379
68,1132,Oc1ccc2c(c1-c1c(O)ccc3ccccc13)CCCC2,C[C@@H]1COC(CC2=N[C@H](C)CO2)=N1,0,0,0 9,12 7,-922.545825,-610.6988939,-2.0571930515136487,48.971403474243175,-51.028596525756825
68,1133,Oc1ccc2c(c1-c1c(O)ccc3ccccc13)CCCC2,C[C@H]1COC(c2ccc(C(F)(F)F)cn2)=N1,0,0,0 9,14 15,-922.545825,-869.9753069,-18.232998191285155,40.88350090435742,-59.11649909564258
68,1134,Oc1ccc2c(c1-c1c(O)ccc3ccccc13)CCCC2,C[C@H]1COC(C2=N[C@@H](C)CO2)=N1,0,0,0 9,11 6,-922.545825,-571.4282178,-6.779548999249705,46.61022550037515,-53.38977449962485
68,1135,Oc1ccc2c(c1-c1c(O)ccc3ccccc13)CCCC2,CC(C)C[C@@H]1COC(C2=N[C@H](CC(C)C)CO2)=N1,0,0,0 9,9 17,-922.545825,-806.9877797,8.603248548042123,54.30162427402106,-45.69837572597894
68,1136,Oc1ccc2c(c1-c1c(O)ccc3ccccc13)CCCC2,Cc1ccc(N2C[C@H](CC(C)C)N=C2C2=N[C@@H](CC(C)C)CN2c2ccc(C)cc2)cc1,0,1,0 9,12 15,-922.545825,-1307.466211,-10.881960158261634,44.55901992086918,-55.44098007913082
68,1137,Oc1ccc2c(c1-c1c(O)ccc3ccccc13)CCCC2,CC(C)C[C@H]1CN(c2cccc(C(C)(C)C)c2)C(C2=N[C@@H](CC(C)C)CN2c2cccc(C(C)(C)C)c2)=N1,0,1,0 9,19 37,-922.545825,-1543.017894,-3.742787266663999,48.128606366668,-51.871393633332
68,1138,Oc1ccc2c(c1-c1c(O)ccc3ccccc13)CCCC2,CC[C@@H](C)[C@H]1CN(c2cccc(C(C)(C)C)c2)C(C2=N[C@@H]([C@H](C)CC)CN2c2cccc(C(C)(C)C)c2)=N1,0,0,0 9,19 37,-922.545825,-1543.021699,-14.831739579679628,42.58413021016018,-57.41586978983982
68,1139,Oc1ccc2c(c1-c1c(O)ccc3ccccc13)CCCC2,C1CCC([C@H]2COC(C3=N[C@@H](C4CCCCC4)CO3)=N2)CC1,0,0,0 9,9 19,-922.545825,-961.6661462,-17.505496729822582,41.24725163508871,-58.75274836491129
68,1140,Oc1ccc2c(c1-c1c(O)ccc3ccccc13)CCCC2,N[C@H]1c2ccccc2C[C@H]1[O-],0,0,0 9,0 10,-922.545825,-478.4750351,-3.546852437571935,48.226573781214036,-51.773426218785964
68,1141,Oc1ccc2c(c1-c1c(O)ccc3ccccc13)CCCC2,[O-]C(c1ccccc1)(c1ccccc1)[C@H]1CCCN1,0,4,0 9,0 18,-922.545825,-787.8268535,-1.5997765988711223,49.20011170056444,-50.79988829943556
68,1142,Oc1ccc2c(c1-c1c(O)ccc3ccccc13)CCCC2,N[C@@H](c1ccccc1)[C@H]([O-])c1ccccc1,0,1,0 9,0 9,-922.545825,-671.2387181,-1.0861212473899977,49.456939376305,-50.543060623695
68,1143,Oc1ccc2c(c1-c1c(O)ccc3ccccc13)CCCC2,N[C@@H]1CCCC[C@H]1[O-],0,0,0 9,0 7,-922.545825,-365.4171147,-5.981072713769288,47.00946364311535,-52.99053635688465
68,1144,Oc1ccc2c(c1-c1c(O)ccc3ccccc13)CCCC2,N[C@@H](C[O-])Cc1ccccc1,0,0,0 9,0 3,-922.545825,-479.6485701,-5.175182795388778,47.41240860230561,-52.58759139769439
68,1145,Oc1ccc2c(c1-c1c(O)ccc3ccccc13)CCCC2,[O-]C[C@@H]1CCCN1Cc1ccccc1,0,0,0 9,0 6,-922.545825,-596.2244044,3.999350447966057,51.999675223983026,-48.000324776016974
68,1146,Oc1ccc2c(c1-c1c(O)ccc3ccccc13)CCCC2,N[C@H](C[O-])Cc1ccccc1,0,1,0 9,0 3,-922.545825,-479.6493962,3.33793431922836,51.66896715961418,-48.33103284038582
68,1147,Oc1ccc2c(c1-c1c(O)ccc3ccccc13)CCCC2,[O-]C[C@@H]1CCCN1,0,0,0 9,0 6,-922.545825,-326.127563,-0.8256341809785139,49.587182909510744,-50.412817090489256
68,1148,Oc1ccc2c(c1-c1c(O)ccc3ccccc13)CCCC2,CC(C)(C)[C@@H](N)C[O-],0,0,0 9,5 7,-922.545825,-366.5936045,-5.280376484623382,47.359811757688306,-52.640188242311694
68,1149,Oc1ccc2c(c1-c1c(O)ccc3ccccc13)CCCC2,CC(C)[C@H](N)C[O-],0,0,0 9,4 6,-922.545825,-327.333821,-6.968936040319123,46.51553197984044,-53.48446802015956
68,1150,Oc1ccc2c(c1-c1c(O)ccc3ccccc13)CCCC2,N[C@@H](C[O-])c1ccccc1,0,1,0 9,0 3,-922.545825,-440.3907373,-4.441974106013979,47.779012946993014,-52.220987053006986
68,1151,Oc1ccc2c(c1-c1c(O)ccc3ccccc13)CCCC2,[O-]C(c1cc(C(F)(F)F)cc(C(F)(F)F)c1)(c1cc(C(F)(F)F)cc(C(F)(F)F)c1)[C@H]1CCCN1,0,0,0 9,0 34,-922.545825,-2135.060687,0.45082729909893615,50.225413649549466,-49.774586350450534
68,1152,Oc1ccc2c(c1-c1c(O)ccc3ccccc13)CCCC2,COc1nc2ccc(Br)cc2cc1[C@@H](c1ccccc1)[C@@]([O-])(CCN(C)C)c1ccc2ccccc2c1,0,0,0 9,24 21,-922.545825,-4069.87959,-1.2570667531061002,49.37146662344695,-50.62853337655305
68,1153,Oc1ccc2c(c1-c1c(O)ccc3ccccc13)CCCC2,CC(C)(C)c1cc(/C=N/[C@@H]2CCCC[C@H]2/N=C/c2cc(C(C)(C)C)cc(C(C)(C)C)c2[O-])c([O-])c(C(C)(C)C)c1,0,1,0 9,8 15,-922.545825,-1661.320129,-0.8469694543375592,49.57651527283122,-50.42348472716878
68,1154,Oc1ccc2c(c1-c1c(O)ccc3ccccc13)CCCC2,CN[C@@H]1CCCC[C@H]1NC,0,0,0 9,8 1,-922.545825,-424.657817,-6.8398711554701475,46.580064422264925,-53.419935577735075
68,1155,Oc1ccc2c(c1-c1c(O)ccc3ccccc13)CCCC2,CC(C)(C)[C@H]1CN2C[C@H](C(C)(C)C)[N-]C2=N1,0,0,0 9,13 6 15,-922.545825,-673.33055,-4.009340442093623,47.99532977895319,-52.00467022104681
68,1156,Oc1ccc2c(c1-c1c(O)ccc3ccccc13)CCCC2,CCN(CC)[C@@H]1CCCC[C@H]1NC(=S)Nc1cc(C(F)(F)F)cc(C(F)(F)F)c1,0,0,0 9,2 11,-922.545825,-1899.093947,0.9955677152310232,50.49778385761551,-49.50221614238449
68,1157,Oc1ccc2c(c1-c1c(O)ccc3ccccc13)CCCC2,O=C(N[C@H]1CCCC[C@@H]1NC(=O)c1ccccn1)c1ccccn1,0,0,0 9,9 2 17 23,-922.545825,-1066.431466,-5.434322817455448,47.282838591272274,-52.717161408727726
68,1158,Oc1ccc2c(c1-c1c(O)ccc3ccccc13)CCCC2,C=C[C@@H]1C[N@@]2CC[C@H]1C[C@@H]2[C@H](N)c1ccnc2ccc(OC)cc12,0,0,0 9,11 4,-922.545825,-1015.561433,-3.442639644779482,48.27868017761026,-51.72131982238974
68,1159,Oc1ccc2c(c1-c1c(O)ccc3ccccc13)CCCC2,C=C[C@@H]1C[N@@]2CC[C@H]1C[C@H]2[C@H](N)c1ccnc2ccc(OC)cc12,0,0,0 9,11 4,-922.545825,-1015.556456,-5.581294511279071,47.209352744360466,-52.790647255639534
68,1160,Oc1ccc2c(c1-c1c(O)ccc3ccccc13)CCCC2,[O-][C@@H]1CCCC[C@H]1[O-],0,0,0 9,0 7,-922.545825,-384.5074297,-4.9869534313924255,47.50652328430379,-52.49347671569621
68,1161,Oc1ccc2c(c1-c1c(O)ccc3ccccc13)CCCC2,CC1(C)[C@@H]2C[C@@H]([O-])[C@@](C)([O-])[C@H]1C2,0,0,0 9,6 9,-922.545825,-540.3370829,-4.633245459762884,47.683377270118555,-52.316622729881445
68,1162,Oc1ccc2c(c1-c1c(O)ccc3ccccc13)CCCC2,[O-]C[C@@H]1CCCC[C@H]1C[O-],0,0,0 9,0 9,-922.545825,-463.072022,0.3550341965271695,50.177517098263586,-49.822482901736414
68,1163,Oc1ccc2c(c1-c1c(O)ccc3ccccc13)CCCC2,[O-][C@@H](c1ccccc1)C([O-])(c1ccccc1)c1ccccc1,0,0,0 9,0 9,-922.545825,-921.2481744,-5.9195255377316105,47.04023723113419,-52.95976276886581
68,1164,Oc1ccc2c(c1-c1c(O)ccc3ccccc13)CCCC2,CC1(C)O[C@H](C([O-])(c2ccccc2)c2ccccc2)[C@@H](C([O-])(c2ccccc2)c2ccccc2)O1,0,3,0 9,6 21,-922.545825,-1497.557147,-6.3081240528404,46.8459379735798,-53.1540620264202
68,1165,Oc1ccc2c(c1-c1c(O)ccc3ccccc13)CCCC2,CC1(c2ccccc2)O[C@@H](C([O-])(c2ccccc2)c2ccccc2)[C@H](C([O-])(c2ccccc2)c2ccccc2)O1,0,5,0 9,11 26,-922.545825,-1689.135424,-4.626897564514822,47.68655121774259,-52.31344878225741
68,1166,Oc1ccc2c(c1-c1c(O)ccc3ccccc13)CCCC2,CC1(C)O[C@@H](C([O-])(c2cccc3ccccc23)c2cccc3ccccc23)[C@H](C([O-])(c2cccc3ccccc23)c2cccc3ccccc23)O1,0,0,0 9,6 29,-922.545825,-2111.547452,-3.234574247816713,48.382712876091645,-51.617287123908355
68,1167,Oc1ccc2c(c1-c1c(O)ccc3ccccc13)CCCC2,[O-]C(c1ccccc1)(c1ccccc1)[C@H]1OC2(CCCCC2)O[C@@H]1C([O-])(c1ccccc1)c1ccccc1,0,2,0 9,0 25,-922.545825,-1614.153477,-2.9214826597022903,48.539258670148854,-51.460741329851146
68,1168,Oc1ccc2c(c1-c1c(O)ccc3ccccc13)CCCC2,CC1(C)O[C@@H](C[O-])[C@H](C[O-])O1,0,0,0 9,6 9,-922.545825,-574.1407143,-6.912358981346926,46.54382050932654,-53.45617949067346
68,1169,Oc1ccc2c(c1-c1c(O)ccc3ccccc13)CCCC2,C1CCN2C[C@H]3C[C@H](CN4CCCC[C@@H]34)[C@H]2C1,0,0,0 9,9 3,-922.545825,-695.9272943,-4.553209374394672,47.723395312802666,-52.276604687197334
68,1170,Oc1ccc2c(c1-c1c(O)ccc3ccccc13)CCCC2,NC(=O)[C@@H]1CC(F)(F)CN1,0,0,0 9,0 9,-922.545825,-579.2434339,-12.087387110815802,43.9563064445921,-56.0436935554079
68,1171,Oc1ccc2c(c1-c1c(O)ccc3ccccc13)CCCC2,O=C(N[C@H]1CCCC[C@@H]1NC(=O)c1ccccn1)c1ccccn1,0,0,0 9,9 2 17 23,-922.545825,-1066.417296,-5.499641145343371,47.25017942732831,-52.74982057267169
68,1172,Oc1ccc2c(c1-c1c(O)ccc3ccccc13)CCCC2,c1ccc(CN[C@@H]2CCCC[C@H]2NCc2ccccc2)cc1,0,0,0 9,12 5,-922.545825,-886.3100667,4.11251393539305,52.05625696769653,-47.94374303230347
68,1173,Oc1ccc2c(c1-c1c(O)ccc3ccccc13)CCCC2,COc1ccc([C@H](N)[C@@H](N)c2ccc(OC)cc2)cc1,0,0,0 9,9 7,-922.545825,-880.7644659,-7.173433361717502,46.41328331914125,-53.58671668085875
68,1174,Oc1ccc2c(c1-c1c(O)ccc3ccccc13)CCCC2,CN[C@H](c1ccccc1)[C@H](NC)c1ccccc1,0,0,0 9,1 10,-922.545825,-730.4598814,-2.3004967813084134,48.849751609345795,-51.150248390654205
68,1175,Oc1ccc2c(c1-c1c(O)ccc3ccccc13)CCCC2,O=C(N[C@H]1CCCC[C@@H]1NC(=O)c1ccccc1P(c1ccccc1)c1ccccc1)c1ccccc1P(c1ccccc1)c1ccccc1,0,0,0 9,9 2,-922.545825,-2641.38663,-3.620014952243147,48.18999252387842,-51.81000747612158
68,1176,Oc1ccc2c(c1-c1c(O)ccc3ccccc13)CCCC2,O=C(N[C@@H](c1ccccc1)[C@@H](NC(=O)c1ccccc1P(c1ccccc1)c1ccccc1)c1ccccc1)c1ccccc1P(c1ccccc1)c1ccccc1,0,0,0 9,2 11,-922.545825,-2947.2013,1.0402631836406826,50.520131591820345,-49.479868408179655
68,1177,Oc1ccc2c(c1-c1c(O)ccc3ccccc13)CCCC2,O=S(=O)(N[C@@H](c1ccccc1)[C@@H](NS(=O)(=O)C(F)(F)F)c1ccccc1)C(F)(F)F,0,0,0 9,3 12,-922.545825,-2422.191334,-0.5596158886891489,49.720192055655424,-50.279807944344576
68,1178,Oc1ccc2c(c1-c1c(O)ccc3ccccc13)CCCC2,[O-]c1ccccc1/C=N/[C@@H](c1ccccc1)[C@@H](/N=C/c1ccccc1[O-])c1ccccc1,0,0,0 9,8 17,-922.545825,-1338.945921,-5.772237602887369,47.113881198556314,-52.886118801443686
69,1001,Cc1ccc(C)c(-c2c(O)ccc3ccccc23)c1O,CC(C)(C1=N[C@@H](C(C)(C)C)CO1)C1=N[C@@H](C(C)(C)C)CO1,0,3,9 19,4 13,-845.209314,-924.7872077,-58.20008004523185,20.899959977384075,-79.10004002261593
69,1002,Cc1ccc(C)c(-c2c(O)ccc3ccccc23)c1O,CC(C)(C)[C@@H]1COC(C2(C3=N[C@H](C(C)(C)C)CO3)CCCCC2)=N1,0,0,9 19,10 23,-845.209314,-1041.378417,34.22913179262865,67.11456589631433,-32.885434103685675
69,1003,Cc1ccc(C)c(-c2c(O)ccc3ccccc23)c1O,CC(C)(C)[C@H]1COC(C2(C3=N[C@@H](C(C)(C)C)CO3)CCCC2)=N1,0,2,9 19,10 22,-845.209314,-1002.119896,-54.52072036571933,22.739639817140336,-77.26036018285967
69,1004,Cc1ccc(C)c(-c2c(O)ccc3ccccc23)c1O,CC(C)(C)[C@H]1COC(C2(C3=N[C@@H](C(C)(C)C)CO3)CCC2)=N1,0,0,9 19,10 21,-845.209314,-962.8318746,-30.810695175546652,34.59465241222667,-65.40534758777332
69,1005,Cc1ccc(C)c(-c2c(O)ccc3ccccc23)c1O,CC(C)(C)[C@@H]1COC(C2(C3=N[C@H](C(C)(C)C)CO3)CC2)=N1,0,2,9 19,10 20,-845.209314,-923.5694488,57.799368833132455,78.89968441656623,-21.100315583433773
69,1006,Cc1ccc(C)c(-c2c(O)ccc3ccccc23)c1O,CC(C)(C)[C@@H]1COC(CC2=N[C@H](C(C)(C)C)CO2)=N1,0,1,9 19,10 18,-845.209314,-846.2631981,6.261345571241636,53.13067278562082,-46.86932721437918
69,1007,Cc1ccc(C)c(-c2c(O)ccc3ccccc23)c1O,CC(C)(C)[C@H]1COC(C(Cc2ccccc2)(Cc2ccccc2)C2=N[C@@H](C(C)(C)C)CO2)=N1,0,0,9 19,24 32,-845.209314,-1386.443314,-15.359517545061836,42.32024122746908,-57.67975877253092
69,1008,Cc1ccc(C)c(-c2c(O)ccc3ccccc23)c1O,CC(C)(C)[C@H]1COC(C2=N[C@@H](C(C)(C)C)CO2)=N1,0,1,9 19,9 17,-845.209314,-806.9917463,-13.120251263791843,43.43987436810408,-56.56012563189592
69,1009,Cc1ccc(C)c(-c2c(O)ccc3ccccc23)c1O,CC(C)(C)[C@H]1COC(c2ccccn2)=N1,0,0,9 19,13 14,-845.209314,-650.9603345,-22.962541660138456,38.51872916993077,-61.48127083006923
69,1010,Cc1ccc(C)c(-c2c(O)ccc3ccccc23)c1O,CC(C)(C)[C@H]1COC(c2ccc3ccccc3n2)=N1,0,0,9 19,17 18,-845.209314,-804.4663888,-19.241614930778706,40.379192534610645,-59.620807465389355
69,1011,Cc1ccc(C)c(-c2c(O)ccc3ccccc23)c1O,CC(C)(C)[C@H]1COC(c2cccc(C3=N[C@@H](C(C)(C)C)CO3)n2)=N1,0,0,9 19,23 14 22,-845.209314,-1053.868619,-10.714818085584483,44.64259095720776,-55.35740904279224
69,1012,Cc1ccc(C)c(-c2c(O)ccc3ccccc23)c1O,CC(C)(C)[C@@H]1COC(c2ccc(C(F)(F)F)cn2)=N1,0,0,9 19,17 18,-845.209314,-987.756862,11.870074616427651,55.93503730821382,-44.06496269178618
69,1013,Cc1ccc(C)c(-c2c(O)ccc3ccccc23)c1O,CC(C)(C1=N[C@@H](C(C)(C)C)CO1)c1ccccn1,0,0,9 19,17 4,-845.209314,-768.7447589,-13.422592570075762,43.28870371496212,-56.71129628503788
69,1014,Cc1ccc(C)c(-c2c(O)ccc3ccccc23)c1O,CC(C)(C)[C@@H]1COC(c2nccc3ccccc23)=N1,0,1,9 19,9 18,-845.209314,-804.4621747,29.570323236813728,64.78516161840686,-35.21483838159314
69,1015,Cc1ccc(C)c(-c2c(O)ccc3ccccc23)c1O,CC(C)(C)[C@H]1COC([C@@H]2CCCC[C@H]2C2=N[C@@H](C(C)(C)C)CO2)=N1,0,0,9 19,23 15,-845.209314,-1041.38254,-5.2228915188160405,47.38855424059198,-52.61144575940802
69,1016,Cc1ccc(C)c(-c2c(O)ccc3ccccc23)c1O,CC(C)(C)[C@@H]1COC(c2ccccc2Nc2ccccc2C2=N[C@H](C(C)(C)C)CO2)=N1,0,0,9 19,22 14 30,-845.209314,-1323.988245,-6.581423114261041,46.70928844286948,-53.29071155713052
69,1017,Cc1ccc(C)c(-c2c(O)ccc3ccccc23)c1O,CC(C)(C)[C@H]1COC(/C=c2\[n-]/c(=C\C3=N[C@@H](C(C)(C)C)CO3)c3ccccc23)=N1,0,0,9 19,10 28 14,-845.209314,-1246.074571,-3.638111408280101,48.18094429585995,-51.81905570414005
69,1018,Cc1ccc(C)c(-c2c(O)ccc3ccccc23)c1O,CC(C)(C)[C@H]1COC(c2cccc(-c3cccc(C4=N[C@@H](C(C)(C)C)CO4)n3)n2)=N1,0,0,9 19,27 19 28 29,-845.209314,-1300.750937,-5.043412601164413,47.47829369941779,-52.52170630058221
69,1019,Cc1ccc(C)c(-c2c(O)ccc3ccccc23)c1O,CC(C)(C)[C@@H]1COC(c2cccc(-c3ccccn3)n2)=N1,0,0,9 19,18 19 20,-845.209314,-897.839473,4.287541535330622,52.14377076766531,-47.85622923233469
69,1020,Cc1ccc(C)c(-c2c(O)ccc3ccccc23)c1O,CC(C)(C)[C@@H]1COC(c2cccc(-c3ccccn3)n2)=N1,0,0,9 19,18 19 20,-845.209314,-897.8395764,3.870698365521731,51.935349182760866,-48.064650817239134
69,1021,Cc1ccc(C)c(-c2c(O)ccc3ccccc23)c1O,Cc1ccc(N2C[C@H](C(C)(C)C)N=C2C2=N[C@@H](C(C)(C)C)CN2c2ccc(C)cc2)cc1,0,0,9 19,12 15,-845.209314,-1307.470214,-10.73982239808377,44.63008880095811,-55.36991119904189
69,1022,Cc1ccc(C)c(-c2c(O)ccc3ccccc23)c1O,CC(C)[C@@H]1COC(C(C)(C)C2=N[C@H](C(C)C)CO2)=N1,0,2,9 19,18 11,-845.209314,-846.264983,45.14467536532053,72.57233768266026,-27.427662317339735
69,1023,Cc1ccc(C)c(-c2c(O)ccc3ccccc23)c1O,CC(C)[C@H]1COC(C2(C3=N[C@@H](C(C)C)CO3)CCCCC2)=N1,0,2,9 19,9 21,-845.209314,-962.8650477,-20.329588284501902,39.835205857749045,-60.164794142250955
69,1024,Cc1ccc(C)c(-c2c(O)ccc3ccccc23)c1O,CC(C)[C@H]1COC(C2(C3=N[C@@H](C(C)C)CO3)CCCC2)=N1,0,0,9 19,9 20,-845.209314,-923.5979956,-21.664586222959677,39.16770688852016,-60.83229311147984
69,1025,Cc1ccc(C)c(-c2c(O)ccc3ccccc23)c1O,CC(C)[C@H]1COC(C2(C3=N[C@@H](C(C)C)CO3)CC2)=N1,0,0,9 19,9 18,-845.209314,-845.0470679,-50.63053777012727,24.684731114936366,-75.31526888506363
69,1026,Cc1ccc(C)c(-c2c(O)ccc3ccccc23)c1O,CC(C)[C@@H]1COC(CC2=N[C@H](C(C)C)CO2)=N1,0,3,9 19,16 9,-845.209314,-767.7407516,-6.134618082958122,46.932690958520936,-53.067309041479064
69,1027,Cc1ccc(C)c(-c2c(O)ccc3ccccc23)c1O,CC(C)[C@H]1COC(C(C)(Cc2ccccc2)C2=N[C@@H](C(C)C)CO2)=N1,0,0,9 19,24 17,-845.209314,-1077.094636,-41.42953755389568,29.28523122305216,-70.71476877694784
69,1028,Cc1ccc(C)c(-c2c(O)ccc3ccccc23)c1O,CC(C)[C@@H]1COC(C(Cc2ccccc2)(Cc2ccccc2)C2=N[C@H](C(C)C)CO2)=N1,0,1,9 19,30 23,-845.209314,-1307.925837,15.363272192774552,57.68163609638728,-42.31836390361272
69,1029,Cc1ccc(C)c(-c2c(O)ccc3ccccc23)c1O,CC(C)[C@H]1COC(C(Cc2ccc(C(C)(C)C)cc2)(Cc2ccc(C(C)(C)C)cc2)C2=N[C@@H](C(C)C)CO2)=N1,0,0,9 19,38 31,-845.209314,-1622.00837,-16.38851404378287,41.80574297810857,-58.19425702189143
69,1030,Cc1ccc(C)c(-c2c(O)ccc3ccccc23)c1O,CC(C)[C@@H]1COC(C2=N[C@H](C(C)C)CO2)=N1,0,0,9 19,8 15,-845.209314,-728.4699348,24.008563077216788,62.004281538608396,-37.995718461391604
69,1031,Cc1ccc(C)c(-c2c(O)ccc3ccccc23)c1O,CC(C)[C@H]1COC(c2ccccn2)=N1,0,0,9 19,12 13,-845.209314,-611.69952,-25.873374468238065,37.063312765880966,-62.936687234119034
69,1032,Cc1ccc(C)c(-c2c(O)ccc3ccccc23)c1O,CC(C)[C@@H]1COC(c2ccc3ccccc3n2)=N1,0,0,9 19,16 17,-845.209314,-765.2054016,20.039650540221565,60.019825270110786,-39.980174729889214
69,1033,Cc1ccc(C)c(-c2c(O)ccc3ccccc23)c1O,CC(C)[C@@H]1COC(c2cccc(C3=N[C@H](C(C)C)CO3)n2)=N1,0,0,9 19,21 20 13,-845.209314,-975.3489125,26.358895159383,63.1794475796915,-36.8205524203085
69,1034,Cc1ccc(C)c(-c2c(O)ccc3ccccc23)c1O,CC(C)[C@H]1COC(c2ccc(C(F)(F)F)cn2)=N1,0,0,9 19,16 17,-845.209314,-948.4960275,-17.435685110023037,41.282157444988485,-58.717842555011515
69,1035,Cc1ccc(C)c(-c2c(O)ccc3ccccc23)c1O,CC(C)[C@@H]1COC(Cc2ccccn2)=N1,0,0,9 19,13 14,-845.209314,-650.9622206,6.202936451032588,53.10146822551629,-46.89853177448371
69,1036,Cc1ccc(C)c(-c2c(O)ccc3ccccc23)c1O,CC(C)[C@@H]1COC(c2nccc3ccccc23)=N1,0,0,9 19,8 17,-845.209314,-765.2009547,22.403041062340925,61.20152053117046,-38.79847946882954
69,1037,Cc1ccc(C)c(-c2c(O)ccc3ccccc23)c1O,CC(C)[C@@H]1COC(c2ccc3cccnc3n2)=N1,0,0,9 19,16 17,-845.209314,-781.2378695,-0.5714909057764084,49.71425454711179,-50.28574545288821
69,1038,Cc1ccc(C)c(-c2c(O)ccc3ccccc23)c1O,CC(C)C[C@H]1COC(c2ccccc2P(c2ccccc2)c2ccccc2C2=N[C@@H](CC(C)C)CO2)=N1,0,0,9 19,28 14 36,-845.209314,-1841.351686,3.6254768189676874,51.81273840948384,-48.18726159051616
69,1039,Cc1ccc(C)c(-c2c(O)ccc3ccccc23)c1O,CC(C)[C@H]1COC(c2cccc3c2oc2c(C4=N[C@@H](C(C)C)CO4)cccc23)=N1,0,0,9 19,17 28 13,-845.209314,-1264.139226,-13.354317983445494,43.32284100827725,-56.67715899172275
69,1040,Cc1ccc(C)c(-c2c(O)ccc3ccccc23)c1O,CC(C)[C@H]1COC(c2cccc(C3=N[C@@H](C(C)C)CO3)c2)=N1,0,1,9 19,21 13,-845.209314,-959.3224258,-8.06221022614472,45.96889488692764,-54.03110511307236
69,1041,Cc1ccc(C)c(-c2c(O)ccc3ccccc23)c1O,CC(C)c1cccc(N2C[C@H](C(C)C)N=C2C2=N[C@@H](C(C)C)CN2c2cccc(C(C)C)c2)c1,0,0,9 19,14 17,-845.209314,-1385.989932,-14.829945459328234,42.585027270335885,-57.414972729664115
69,1042,Cc1ccc(C)c(-c2c(O)ccc3ccccc23)c1O,CC(C)[C@H]1CN(c2ccc(C(F)(F)F)cc2)C(C2=N[C@@H](C(C)C)CN2c2ccc(C(F)(F)F)cc2)=N1,0,0,9 19,18 35,-845.209314,-1824.017689,-9.13044973792101,45.434775131039494,-54.565224868960506
69,1043,Cc1ccc(C)c(-c2c(O)ccc3ccccc23)c1O,Cc1ccc(N2C[C@H](C(C)C)N=C2C2=N[C@@H](C(C)C)CN2c2ccc(C)cc2)cc1,0,0,9 19,11 14,-845.209314,-1228.948101,-3.9658644569668886,48.01706777151656,-51.98293222848344
69,1044,Cc1ccc(C)c(-c2c(O)ccc3ccccc23)c1O,CC(C)[C@H]1COC(/C(C#N)=C2\[N-][C@@H](C(C)C)CO2)=N1,0,6,9 19,11 18,-845.209314,-859.3852808,-6.521691315109122,46.73915434244544,-53.26084565755456
69,1045,Cc1ccc(C)c(-c2c(O)ccc3ccccc23)c1O,CC(C)[C@H]1N=C(c2cccc(C3=N[C@H](C(C)C)C(c4ccccc4)(c4ccccc4)O3)n2)OC1(c1ccccc1)c1ccccc1,0,0,9 19,4 12 31,-845.209314,-1898.675751,6.751196194907564,53.37559809745378,-46.62440190254622
69,1046,Cc1ccc(C)c(-c2c(O)ccc3ccccc23)c1O,CC(C)(C1=N[C@H](c2ccccc2)CO1)C1=N[C@H](c2ccccc2)CO1,0,4,9 19,4 15,-845.209314,-1072.360523,39.21595314198681,69.6079765709934,-30.392023429006596
69,1047,Cc1ccc(C)c(-c2c(O)ccc3ccccc23)c1O,c1ccc([C@@H]2COC(C3(C4=N[C@H](c5ccccc5)CO4)CCCCC3)=N2)cc1,0,1,9 19,25 10,-845.209314,-1188.961784,30.963013500912787,65.48150675045639,-34.51849324954361
69,1048,Cc1ccc(C)c(-c2c(O)ccc3ccccc23)c1O,c1ccc([C@H]2COC(C3(C4=N[C@@H](c5ccccc5)CO4)CCCC3)=N2)cc1,0,1,9 19,24 10,-845.209314,-1149.693678,-42.656443114811076,28.671778442594462,-71.32822155740554
69,1049,Cc1ccc(C)c(-c2c(O)ccc3ccccc23)c1O,c1ccc([C@@H]2COC(C3(C4=N[C@H](c5ccccc5)CO4)CCC3)=N2)cc1,0,0,9 19,10 23,-845.209314,-1110.405334,23.234957795022925,61.61747889751146,-38.38252110248854
69,1050,Cc1ccc(C)c(-c2c(O)ccc3ccccc23)c1O,c1ccc([C@@H]2COC(C3(C4=N[C@H](c5ccccc5)CO4)CC3)=N2)cc1,0,0,9 19,10 22,-845.209314,-1071.142417,34.95232827555134,67.47616413777567,-32.52383586222433
69,1051,Cc1ccc(C)c(-c2c(O)ccc3ccccc23)c1O,c1ccc(CC(Cc2ccccc2)(C2=N[C@@H](c3ccccc3)CO2)C2=N[C@@H](c3ccccc3)CO2)cc1,0,2,9 19,25 14,-845.209314,-1534.023098,-15.166601863383852,42.41669906830808,-57.58330093169192
69,1052,Cc1ccc(C)c(-c2c(O)ccc3ccccc23)c1O,CC(Cc1ccccc1)(C1=N[C@@H](c2ccccc2)CO1)C1=N[C@@H](c2ccccc2)CO1,0,0,9 19,10 21,-845.209314,-1303.193117,-16.59636732642405,41.70181633678797,-58.29818366321203
69,1053,Cc1ccc(C)c(-c2c(O)ccc3ccccc23)c1O,CC(C)(C)c1ccc(CC(Cc2ccc(C(C)(C)C)cc2)(C2=N[C@@H](c3ccccc3)CO2)C2=N[C@@H](c3ccccc3)CO2)cc1,0,0,9 19,33 22,-845.209314,-1848.107801,-12.55956664586958,43.72021667706521,-56.27978332293479
69,1054,Cc1ccc(C)c(-c2c(O)ccc3ccccc23)c1O,c1ccc([C@H]2COC(C3=N[C@@H](c4ccccc4)CO3)=N2)cc1,0,0,9 19,9 19,-845.209314,-954.5647571,-10.718447320901998,44.640776339549,-55.359223660451
69,1055,Cc1ccc(C)c(-c2c(O)ccc3ccccc23)c1O,c1ccc([C@@H]2COC(c3ccccn3)=N2)cc1,0,0,9 19,13 14,-845.209314,-724.746776,8.42723953667357,54.213619768336784,-45.786380231663216
69,1056,Cc1ccc(C)c(-c2c(O)ccc3ccccc23)c1O,c1ccc([C@H]2COC(c3ccc4ccccc4n3)=N2)cc1,0,0,9 19,17 18,-845.209314,-878.2528728,-18.101952113720344,40.94902394313983,-59.05097605686017
69,1057,Cc1ccc(C)c(-c2c(O)ccc3ccccc23)c1O,c1ccc([C@H]2COC(c3cccc(C4=N[C@@H](c5ccccc5)CO4)n3)=N2)cc1,0,0,9 19,24 25 14,-845.209314,-1201.443303,-13.799078825194721,43.10046058740264,-56.89953941259736
69,1058,Cc1ccc(C)c(-c2c(O)ccc3ccccc23)c1O,c1ccc([C@H]2COC(CC3=N[C@@H](c4ccccc4)CO3)=N2)cc1,0,0,9 19,10 20,-845.209314,-993.8362822,-12.275710618448201,43.8621446907759,-56.1378553092241
69,1059,Cc1ccc(C)c(-c2c(O)ccc3ccccc23)c1O,c1ccc([C@H]2COC(c3nccc4ccccc34)=N2)cc1,0,0,9 19,9 18,-845.209314,-878.2485743,-13.96608538623715,43.01695730688142,-56.98304269311858
69,1060,Cc1ccc(C)c(-c2c(O)ccc3ccccc23)c1O,CC(C)(C1=N[C@@H](c2ccccc2)C(c2ccccc2)(c2ccccc2)O1)C1=N[C@@H](c2ccccc2)C(c2ccccc2)(c2ccccc2)O1,0,1,9 19,27 4,-845.209314,-1995.694324,-23.554757930796413,38.222621034601794,-61.777378965398206
69,1061,Cc1ccc(C)c(-c2c(O)ccc3ccccc23)c1O,C(\C1=N[C@H](c2ccccc2)CO1)=c1\[n-]/c(=C\C2=N[C@H](c3ccccc3)CO2)c2ccccc12,0,0,9 19,17 2 13,-845.209314,-1393.650658,-1.3154344561698963,49.34228277191505,-50.65771722808495
69,1062,Cc1ccc(C)c(-c2c(O)ccc3ccccc23)c1O,c1ccc([C@H]2COC(c3ccccc3Nc3ccccc3C3=N[C@@H](c4ccccc4)CO3)=N2)cc1,0,0,9 19,32 14 22,-845.209314,-1471.560923,-7.204711308490337,46.397644345754834,-53.602355654245166
69,1063,Cc1ccc(C)c(-c2c(O)ccc3ccccc23)c1O,N#C/C(C1=N[C@@H](c2ccccc2)CO1)=C1/[N-][C@@H](c2ccccc2)CO1,0,2,9 19,4 15,-845.209314,-1085.486043,-9.483191559999113,45.25840422000044,-54.74159577999956
69,1064,Cc1ccc(C)c(-c2c(O)ccc3ccccc23)c1O,c1ccc([C@H]2COC(c3cccc(C4=N[C@@H](c5ccccc5)CO4)c3)=N2)cc1,0,2,9 19,25 14,-845.209314,-1185.417111,-16.884042416234813,41.55797879188259,-58.44202120811741
69,1065,Cc1ccc(C)c(-c2c(O)ccc3ccccc23)c1O,c1ccc([C@H]2COC(c3cccc4c3oc3c(C5=N[C@@H](c6ccccc6)CO5)cccc34)=N2)cc1,0,1,9 19,32 18 14,-845.209314,-1490.233608,-11.59860099168987,44.20069950415507,-55.79930049584493
69,1066,Cc1ccc(C)c(-c2c(O)ccc3ccccc23)c1O,C(\C1=N[C@H](c2ccccc2)CO1)=c1\o/c(=C\C2=N[C@H](c3ccccc3)CO2)c2ccccc12,0,0,9 19,17 2 13,-845.209314,-1414.040486,-0.16741718182886167,49.91629140908557,-50.08370859091443
69,1067,Cc1ccc(C)c(-c2c(O)ccc3ccccc23)c1O,CC(C)(C1=N[C@@H]2c3ccccc3C[C@@H]2O1)C1=N[C@@H]2c3ccccc3C[C@@H]2O1,0,0,9 19,16 4,-845.209314,-1148.533419,55.221921117278185,77.61096055863909,-22.389039441360907
69,1068,Cc1ccc(C)c(-c2c(O)ccc3ccccc23)c1O,c1ccc2c(c1)C[C@H]1OC(C3(C4=N[C@H]5c6ccccc6C[C@H]5O4)CCCCC3)=N[C@@H]21,0,0,9 19,12 28,-845.209314,-1265.120113,-55.71078278962165,22.144608605189173,-77.85539139481082
69,1069,Cc1ccc(C)c(-c2c(O)ccc3ccccc23)c1O,c1ccc2c(c1)C[C@@H]1OC(C3(C4=N[C@@H]5c6ccccc6C[C@@H]5O4)CCCC3)=N[C@H]21,0,0,9 19,27 12,-845.209314,-1225.865898,51.50291355911153,75.75145677955577,-24.248543220444233
69,1070,Cc1ccc(C)c(-c2c(O)ccc3ccccc23)c1O,c1ccc2c(c1)C[C@@H]1OC(C3(C4=N[C@@H]5c6ccccc6C[C@@H]5O4)CCC3)=N[C@H]21,0,3,9 19,26 12,-845.209314,-1186.577848,37.2125274581094,68.6062637290547,-31.3937362709453
69,1071,Cc1ccc(C)c(-c2c(O)ccc3ccccc23)c1O,c1ccc2c(c1)C[C@H]1OC(C3(C4=N[C@H]5c6ccccc6C[C@H]5O4)CC3)=N[C@@H]21,0,0,9 19,25 12,-845.209314,-1147.313977,-67.25068346192859,16.374658269035706,-83.6253417309643
69,1072,Cc1ccc(C)c(-c2c(O)ccc3ccccc23)c1O,CCC(CC)(C1=N[C@H]2c3ccccc3C[C@H]2O1)C1=N[C@H]2c3ccccc3C[C@H]2O1,0,0,9 19,18 6,-845.209314,-1227.050677,-70.08488366350991,14.957558168245043,-85.04244183175496
69,1073,Cc1ccc(C)c(-c2c(O)ccc3ccccc23)c1O,c1ccc(CC(Cc2ccccc2)(C2=N[C@@H]3c4ccccc4C[C@@H]3O2)C2=N[C@@H]3c4ccccc4C[C@@H]3O2)cc1,0,0,9 19,26 14,-845.209314,-1610.184387,0.3932762755952455,50.19663813779762,-49.80336186220238
69,1074,Cc1ccc(C)c(-c2c(O)ccc3ccccc23)c1O,CC(Cc1ccccc1)(C1=N[C@H]2c3ccccc3C[C@H]2O1)C1=N[C@H]2c3ccccc3C[C@H]2O1,0,0,9 19,10 22,-845.209314,-1379.360112,-3.691859688964396,48.1540701555178,-51.8459298444822
69,1075,Cc1ccc(C)c(-c2c(O)ccc3ccccc23)c1O,CC(C)(C)c1ccc(CC(Cc2ccc(C(C)(C)C)cc2)(C2=N[C@@H]3c4ccccc4C[C@@H]3O2)C2=N[C@@H]3c4ccccc4C[C@@H]3O2)cc1,0,0,9 19,34 22,-845.209314,-1924.267304,15.792631792298227,57.89631589614911,-42.10368410385089
69,1076,Cc1ccc(C)c(-c2c(O)ccc3ccccc23)c1O,CC(C)(C)c1cc(CC(Cc2cc(C(C)(C)C)cc(C(C)(C)C)c2)(C2=N[C@H]3c4ccccc4C[C@H]3O2)C2=N[C@H]3c4ccccc4C[C@H]3O2)cc(C(C)(C)C)c1,0,1,9 19,25 37,-845.209314,-2238.36189,-18.283677796388012,40.85816110180599,-59.14183889819401
69,1077,Cc1ccc(C)c(-c2c(O)ccc3ccccc23)c1O,c1ccc2c(c1)CC(C1=N[C@@H]3c4ccccc4C[C@@H]3O1)(C1=N[C@@H]3c4ccccc4C[C@@H]3O1)C2,0,0,9 19,9 21,-845.209314,-1378.182059,47.82873679940791,73.91436839970396,-26.085631600296043
69,1078,Cc1ccc(C)c(-c2c(O)ccc3ccccc23)c1O,c1ccc2c(c1)C[C@H]1OC(CC3=N[C@H]4c5ccccc5C[C@H]4O3)=N[C@@H]21,0,0,9 19,12 23,-845.209314,-1070.004928,-6.19340906962831,46.90329546518584,-53.09670453481416
69,1079,Cc1ccc(C)c(-c2c(O)ccc3ccccc23)c1O,c1ccc(C2=N[C@H]3c4ccccc4C[C@H]3O2)nc1,0,0,9 19,16 5,-845.209314,-762.8325198,-21.208543017733632,39.395728491133184,-60.604271508866816
69,1080,Cc1ccc(C)c(-c2c(O)ccc3ccccc23)c1O,c1ccc2c(c1)C[C@H]1OC(c3ccc4ccccc4n3)=N[C@@H]21,0,0,9 19,19 20,-845.209314,-916.3386498,-16.54062011789737,41.72968994105132,-58.27031005894868
69,1081,Cc1ccc(C)c(-c2c(O)ccc3ccccc23)c1O,c1ccc2c(c1)C[C@@H]1OC(c3nccc4ccccc34)=N[C@H]21,0,0,9 19,11 20,-845.209314,-916.3345383,19.92714151933493,59.96357075966746,-40.03642924033254
69,1082,Cc1ccc(C)c(-c2c(O)ccc3ccccc23)c1O,FC(F)(F)c1ccc(C2=N[C@@H]3c4ccccc4C[C@@H]3O2)nc1,0,0,9 19,9 20,-845.209314,-1099.626649,1.1913820074675963,50.5956910037338,-49.4043089962662
69,1083,Cc1ccc(C)c(-c2c(O)ccc3ccccc23)c1O,c1cc(C2=N[C@H]3c4ccccc4C[C@H]3O2)nc(C2=N[C@H]3c4ccccc4C[C@H]3O2)c1,0,0,9 19,18 4 15,-845.209314,-1277.615075,-11.244831325426713,44.37758433728664,-55.62241566271336
69,1084,Cc1ccc(C)c(-c2c(O)ccc3ccccc23)c1O,c1ccc2c(c1)C[C@H]1OC(C3=N[C@H]4c5ccccc5C[C@H]4O3)=N[C@@H]21,0,0,9 19,11 22,-845.209314,-1030.735569,-29.143757013455815,35.428121493272094,-64.57187850672791
69,1085,Cc1ccc(C)c(-c2c(O)ccc3ccccc23)c1O,c1ccc(-c2cccc(C3=N[C@H]4c5ccccc5C[C@H]4O3)n2)nc1,0,0,9 19,10 21 22,-845.209314,-1009.709879,-13.870095138060789,43.064952430969605,-56.935047569030395
69,1086,Cc1ccc(C)c(-c2c(O)ccc3ccccc23)c1O,c1ccc(-c2cccc(C3=N[C@@H]4c5ccccc5C[C@@H]4O3)n2)cc1,0,0,9 19,10 21,-845.209314,-993.6729656,-1.7890775546457247,49.105461222677135,-50.894538777322865
69,1087,Cc1ccc(C)c(-c2c(O)ccc3ccccc23)c1O,O=C(Nc1ccccc1C1=N[C@@H]2c3ccccc3C[C@@H]2O1)c1ccccc1P(c1ccccc1)c1ccccc1,0,0,9 19,2 10,-845.209314,-1949.73391,0.7090030733398978,50.35450153666995,-49.64549846333005
69,1088,Cc1ccc(C)c(-c2c(O)ccc3ccccc23)c1O,O=C(Nc1cccc(C(F)(F)F)c1C1=N[C@@H]2c3ccccc3C[C@@H]2O1)c1ccccc1P(c1ccccc1)c1ccccc1,0,1,9 19,2 14,-845.209314,-2286.515962,2.1686597869690676,51.08432989348454,-48.91567010651546
69,1089,Cc1ccc(C)c(-c2c(O)ccc3ccccc23)c1O,CC(CC1=N[C@H]2c3ccccc3C[C@@H]2O1)(C1=N[C@H]2c3ccccc3C[C@H]2O1)C1=N[C@H]2c3ccccc3C[C@H]2O1,0,0,9 19,16 28,-845.209314,-1663.278129,-8.283841659446367,45.85807917027682,-54.14192082972318
69,1090,Cc1ccc(C)c(-c2c(O)ccc3ccccc23)c1O,CC(C)(C1=N[C@H](Cc2ccccc2)CO1)C1=N[C@H](Cc2ccccc2)CO1,0,0,9 19,16 4,-845.209314,-1150.888196,37.053960966422366,68.52698048321119,-31.473019516788817
69,1091,Cc1ccc(C)c(-c2c(O)ccc3ccccc23)c1O,c1ccc(C[C@H]2COC(C3(C4=N[C@@H](Cc5ccccc5)CO4)CCCCC3)=N2)cc1,0,0,9 19,27 11,-845.209314,-1267.472166,-26.76934297807213,36.615328510963934,-63.384671489036066
69,1092,Cc1ccc(C)c(-c2c(O)ccc3ccccc23)c1O,c1ccc(C[C@H]2COC(C3(C4=N[C@@H](Cc5ccccc5)CO4)CCCC3)=N2)cc1,0,1,9 19,26 11,-845.209314,-1228.21857,-39.556449295258545,30.221775352370727,-69.77822464762927
69,1093,Cc1ccc(C)c(-c2c(O)ccc3ccccc23)c1O,c1ccc(C[C@H]2COC(C3(C4=N[C@@H](Cc5ccccc5)CO4)CCC3)=N2)cc1,0,0,9 19,25 11,-845.209314,-1188.932527,-16.343104128999716,41.828447935500144,-58.171552064499856
69,1094,Cc1ccc(C)c(-c2c(O)ccc3ccccc23)c1O,c1ccc(C[C@H]2COC(C3(C4=N[C@@H](Cc5ccccc5)CO4)CC3)=N2)cc1,0,0,9 19,24 11,-845.209314,-1149.663336,-29.693623571209947,35.15318821439503,-64.84681178560497
69,1095,Cc1ccc(C)c(-c2c(O)ccc3ccccc23)c1O,CC(Cc1ccccc1)(C1=N[C@H](Cc2ccccc2)CO1)C1=N[C@H](Cc2ccccc2)CO1,0,0,9 19,10 22,-845.209314,-1381.707279,12.276218825907627,56.13810941295381,-43.86189058704619
69,1096,Cc1ccc(C)c(-c2c(O)ccc3ccccc23)c1O,c1ccc(C[C@H]2COC(C(Cc3ccccc3)(Cc3ccccc3)C3=N[C@@H](Cc4ccccc4)CO3)=N2)cc1,0,0,9 19,25 36,-845.209314,-1612.547877,-9.772698158772002,45.113650920614,-54.886349079386
69,1097,Cc1ccc(C)c(-c2c(O)ccc3ccccc23)c1O,CC(C)(C)c1ccc(CC(Cc2ccc(C(C)(C)C)cc2)(C2=N[C@H](Cc3ccccc3)CO2)C2=N[C@H](Cc3ccccc3)CO2)cc1,0,0,9 19,34 22,-845.209314,-1926.618731,1.3954941827130316,50.69774709135652,-49.30225290864348
69,1098,Cc1ccc(C)c(-c2c(O)ccc3ccccc23)c1O,c1ccc(C[C@@H]2COC(CC3=N[C@H](Cc4ccccc4)CO3)=N2)cc1,0,0,9 19,11 22,-845.209314,-1072.356973,11.867804214085343,55.93390210704267,-44.06609789295733
69,1099,Cc1ccc(C)c(-c2c(O)ccc3ccccc23)c1O,c1ccc(C[C@H]2COC(c3ccccn3)=N2)cc1,0,0,9 19,14 15,-845.209314,-764.0089485,-20.40272911619725,39.798635441901375,-60.201364558098625
69,1100,Cc1ccc(C)c(-c2c(O)ccc3ccccc23)c1O,c1ccc(C[C@H]2COC(c3ccc4ccccc4n3)=N2)cc1,0,0,9 19,18 19,-845.209314,-917.5151879,-7.587923813516889,46.20603809324155,-53.79396190675845
69,1101,Cc1ccc(C)c(-c2c(O)ccc3ccccc23)c1O,FC(F)(F)c1ccc(C2=N[C@@H](Cc3ccccc3)CO2)nc1,0,0,9 19,9 20,-845.209314,-1100.805579,-22.957707597368113,38.52114620131594,-61.47885379868406
69,1102,Cc1ccc(C)c(-c2c(O)ccc3ccccc23)c1O,Fc1ccc(C2=N[C@@H](Cc3ccccc3)CO2)nc1,0,0,9 19,17 6,-845.209314,-863.1783062,-16.068369718915747,41.96581514054213,-58.03418485945787
69,1103,Cc1ccc(C)c(-c2c(O)ccc3ccccc23)c1O,CC(C)(C1=N[C@@H](Cc2ccccc2)CO1)c1ccccn1,0,0,9 19,4 20,-845.209314,-881.7938527,-14.986124431194028,42.506937784402986,-57.493062215597014
69,1104,Cc1ccc(C)c(-c2c(O)ccc3ccccc23)c1O,FC(F)(F)c1ccnc(C2=N[C@@H](Cc3ccccc3)CO2)c1,0,0,9 19,10 7,-845.209314,-1100.805638,-18.78271680099141,40.608641599504296,-59.391358400495704
69,1105,Cc1ccc(C)c(-c2c(O)ccc3ccccc23)c1O,c1ccc(C[C@@H]2COC(C3=N[C@H](Cc4ccccc4)CO3)=N2)cc1,0,0,9 19,10 21,-845.209314,-1033.091065,7.760754160217489,53.880377080108744,-46.119622919891256
69,1106,Cc1ccc(C)c(-c2c(O)ccc3ccccc23)c1O,c1ccc(C[C@@H]2COC(c3cccc(C4=N[C@H](Cc5ccccc5)CO4)n3)=N2)cc1,0,0,9 19,26 27 15,-845.209314,-1279.968702,7.3857493071428575,53.69287465357143,-46.30712534642857
69,1107,Cc1ccc(C)c(-c2c(O)ccc3ccccc23)c1O,c1ccc(C[C@@H]2COC(c3cccc(C4=N[C@H](Cc5ccccc5)CO4)c3)=N2)cc1,0,0,9 19,27 15,-845.209314,-1263.941857,6.118429272290111,53.05921463614506,-46.94078536385494
69,1108,Cc1ccc(C)c(-c2c(O)ccc3ccccc23)c1O,c1ccc(C[C@H]2COC(C(Cc3ccc4ccccc4n3)(Cc3ccc4ccccc4n3)C3=N[C@@H](Cc4ccccc4)CO3)=N2)cc1,0,0,9 19,33 44,-845.209314,-1951.637558,-10.11071158516452,44.94464420741774,-55.05535579258226
69,1109,Cc1ccc(C)c(-c2c(O)ccc3ccccc23)c1O,c1ccc(C[C@@H]2COC(c3cccc4c3oc3c(C5=N[C@H](Cc6ccccc6)CO5)cccc34)=N2)cc1,0,0,9 19,34 19 15,-845.209314,-1568.762289,6.049385126026456,53.024692563013225,-46.975307436986775
69,1110,Cc1ccc(C)c(-c2c(O)ccc3ccccc23)c1O,c1ccc(C[C@@H]2COC(c3cccc(-c4cccc(C5=N[C@H](Cc6ccccc6)CO5)n4)n3)=N2)cc1,0,0,9 19,32 33 20 31,-845.209314,-1526.847484,0.25156589026025955,50.125782945130126,-49.874217054869874
69,1111,Cc1ccc(C)c(-c2c(O)ccc3ccccc23)c1O,N#C/C(C1=N[C@@H](Cc2ccccc2)CO1)=C1/[N-][C@@H](Cc2ccccc2)CO1,0,0,9 19,4 16,-845.209314,-1164.01035,-12.59716441218109,43.70141779390946,-56.29858220609054
69,1112,Cc1ccc(C)c(-c2c(O)ccc3ccccc23)c1O,CC(C)(C1=N[C@H](c2ccccc2)[C@H](c2ccccc2)O1)C1=N[C@H](c2ccccc2)[C@H](c2ccccc2)O1,0,0,9 19,4 21,-845.209314,-1534.032214,28.334772819321117,64.16738640966057,-35.83261359033944
69,1113,Cc1ccc(C)c(-c2c(O)ccc3ccccc23)c1O,c1ccc([C@H]2OC(C3(C4=N[C@@H](c5ccccc5)[C@@H](c5ccccc5)O4)CCCCC3)=N[C@H]2c2ccccc2)cc1,0,3,9 19,9 30,-845.209314,-1650.634597,-16.88725200866967,41.55637399566517,-58.44362600433483
69,1114,Cc1ccc(C)c(-c2c(O)ccc3ccccc23)c1O,c1ccc([C@H]2OC(C3(C4=N[C@@H](c5ccccc5)[C@@H](c5ccccc5)O4)CCCC3)=N[C@H]2c2ccccc2)cc1,0,0,9 19,9 29,-845.209314,-1611.364108,-18.728219680423138,40.63589015978843,-59.36410984021157
69,1115,Cc1ccc(C)c(-c2c(O)ccc3ccccc23)c1O,c1ccc([C@H]2OC(C3(C4=N[C@@H](c5ccccc5)[C@@H](c5ccccc5)O4)CC3)=N[C@H]2c2ccccc2)cc1,0,0,9 19,9 27,-845.209314,-1532.815707,-21.470206955017822,39.264896522491085,-60.735103477508915
69,1116,Cc1ccc(C)c(-c2c(O)ccc3ccccc23)c1O,CC(Cc1ccccc1)(C1=N[C@H](c2ccccc2)[C@H](c2ccccc2)O1)C1=N[C@H](c2ccccc2)[C@H](c2ccccc2)O1,0,4,9 19,10 27,-845.209314,-1764.861718,23.119220958177173,61.55961047908859,-38.44038952091141
69,1117,Cc1ccc(C)c(-c2c(O)ccc3ccccc23)c1O,c1ccc(CC(Cc2ccccc2)(C2=N[C@@H](c3ccccc3)[C@@H](c3ccccc3)O2)C2=N[C@@H](c3ccccc3)[C@@H](c3ccccc3)O2)cc1,0,1,9 19,14 31,-845.209314,-1995.696517,-7.3497894551043235,46.325105272447836,-53.674894727552164
69,1118,Cc1ccc(C)c(-c2c(O)ccc3ccccc23)c1O,CC(C)(C)c1ccc(CC(Cc2ccc(C(C)(C)C)cc2)(C2=N[C@@H](c3ccccc3)[C@@H](c3ccccc3)O2)C2=N[C@@H](c3ccccc3)[C@@H](c3ccccc3)O2)cc1,0,0,9 19,22 39,-845.209314,-2309.776028,-11.298081672666253,44.35095916366687,-55.64904083633313
69,1119,Cc1ccc(C)c(-c2c(O)ccc3ccccc23)c1O,c1ccc([C@H]2N=C(CC3=N[C@H](c4ccccc4)[C@H](c4ccccc4)O3)O[C@H]2c2ccccc2)cc1,0,0,9 19,9 5,-845.209314,-1455.5077,13.446266907593799,56.7231334537969,-43.2768665462031
69,1120,Cc1ccc(C)c(-c2c(O)ccc3ccccc23)c1O,c1ccc([C@H]2OC(c3ccccn3)=N[C@H]2c2ccccc2)cc1,0,0,9 19,12 13,-845.209314,-955.5810827,-15.512023739237899,42.24398813038105,-57.75601186961895
69,1121,Cc1ccc(C)c(-c2c(O)ccc3ccccc23)c1O,c1ccc([C@H]2N=C(c3ccc4ccccc4n3)O[C@H]2c2ccccc2)cc1,0,0,9 19,16 5,-845.209314,-1109.087172,16.730472482266137,58.36523624113307,-41.63476375886693
69,1122,Cc1ccc(C)c(-c2c(O)ccc3ccccc23)c1O,FC(F)(F)c1ccc(C2=N[C@@H](c3ccccc3)[C@@H](c3ccccc3)O2)nc1,0,0,9 19,9 25,-845.209314,-1292.377378,-14.135006640713643,42.93249667964318,-57.06750332035682
69,1123,Cc1ccc(C)c(-c2c(O)ccc3ccccc23)c1O,c1ccc([C@H]2N=C(c3cccc(C4=N[C@H](c5ccccc5)[C@H](c5ccccc5)O4)n3)O[C@H]2c2ccccc2)cc1,0,1,9 19,29 13 5,-845.209314,-1663.108881,12.255589246759772,56.127794623379884,-43.872205376620116
69,1124,Cc1ccc(C)c(-c2c(O)ccc3ccccc23)c1O,N#C/C(C1=N[C@H](c2ccccc2)[C@H](c2ccccc2)O1)=C1/[N-][C@H](c2ccccc2)[C@H](c2ccccc2)O1,0,0,9 19,4 21,-845.209314,-1547.161777,11.039577700912922,55.519788850456465,-44.480211149543535
69,1125,Cc1ccc(C)c(-c2c(O)ccc3ccccc23)c1O,c1ccc([C@@H]2N=C(c3cccc4c3oc3c(C5=N[C@@H](c6ccccc6)[C@H](c6ccccc6)O5)cccc34)O[C@H]2c2ccccc2)cc1,0,0,9 19,17 13 5,-845.209314,-1951.910503,-9.363878713900855,45.31806064304957,-54.68193935695043
69,1126,Cc1ccc(C)c(-c2c(O)ccc3ccccc23)c1O,Cc1ccc(S(=O)(=O)N2C(c3cccc(C4=N[C@@H](c5ccccc5)[C@H](c5ccccc5)N4S(=O)(=O)c4ccc(C)cc4)c3)=N[C@@H](c3ccccc3)[C@@H]2c2ccccc2)cc1,0,0,9 19,16 43,-845.209314,-3244.251941,0.9484558769930453,50.474227938496526,-49.525772061503474
69,1127,Cc1ccc(C)c(-c2c(O)ccc3ccccc23)c1O,c1ccc([C@@H]2N=C(c3cccc(C4=N[C@@H](c5ccccc5)[C@H](c5ccccc5)N4)c3)N[C@H]2c2ccccc2)cc1,0,0,9 19,5 13,-845.209314,-1607.358369,-11.507279203352153,44.24636039832392,-55.75363960167608
69,1128,Cc1ccc(C)c(-c2c(O)ccc3ccccc23)c1O,C[C@H]1COC(C(C)(C)C2=N[C@@H](C)CO2)=N1,0,0,9 19,9 14,-845.209314,-689.222808,-11.101167413161846,44.44941629341908,-55.55058370658092
69,1129,Cc1ccc(C)c(-c2c(O)ccc3ccccc23)c1O,C[C@H]1COC(C(C)(Cc2ccccc2)C2=N[C@@H](C)CO2)=N1,0,0,9 19,20 15,-845.209314,-920.0497162,-18.33066278422396,40.83466860788802,-59.16533139211198
69,1130,Cc1ccc(C)c(-c2c(O)ccc3ccccc23)c1O,C[C@H]1COC(C(Cc2ccc(C(C)(C)C)cc2)(Cc2ccc(C(C)(C)C)cc2)C2=N[C@@H](C)CO2)=N1,0,0,9 19,34 29,-845.209314,-1464.962808,-9.471573799602226,45.26421310019889,-54.73578689980111
69,1131,Cc1ccc(C)c(-c2c(O)ccc3ccccc23)c1O,C[C@@H]1COC(C(Cc2ccccc2)(Cc2ccccc2)C2=N[C@H](C)CO2)=N1,0,4,9 19,26 21,-845.209314,-1150.883527,1.1047761123568733,50.55238805617844,-49.44761194382156
69,1132,Cc1ccc(C)c(-c2c(O)ccc3ccccc23)c1O,C[C@@H]1COC(CC2=N[C@H](C)CO2)=N1,0,0,9 19,12 7,-845.209314,-610.6988939,-0.6997323571029295,49.650133821448534,-50.349866178551466
69,1133,Cc1ccc(C)c(-c2c(O)ccc3ccccc23)c1O,C[C@H]1COC(c2ccc(C(F)(F)F)cn2)=N1,0,0,9 19,14 15,-845.209314,-869.9753069,-15.258109776344126,42.370945111827936,-57.629054888172064
69,1134,Cc1ccc(C)c(-c2c(O)ccc3ccccc23)c1O,C[C@H]1COC(C2=N[C@@H](C)CO2)=N1,0,0,9 19,11 6,-845.209314,-571.4282178,-1.94348536894572,49.02825731552714,-50.97174268447286
69,1135,Cc1ccc(C)c(-c2c(O)ccc3ccccc23)c1O,CC(C)C[C@@H]1COC(C2=N[C@H](CC(C)C)CO2)=N1,0,0,9 19,9 17,-845.209314,-806.9877797,16.318854782788577,58.15942739139429,-41.84057260860571
69,1136,Cc1ccc(C)c(-c2c(O)ccc3ccccc23)c1O,Cc1ccc(N2C[C@H](CC(C)C)N=C2C2=N[C@@H](CC(C)C)CN2c2ccc(C)cc2)cc1,0,1,9 19,12 15,-845.209314,-1307.466211,-11.25003502170503,44.374982489147484,-55.625017510852516
69,1137,Cc1ccc(C)c(-c2c(O)ccc3ccccc23)c1O,CC(C)C[C@H]1CN(c2cccc(C(C)(C)C)c2)C(C2=N[C@@H](CC(C)C)CN2c2cccc(C(C)(C)C)c2)=N1,0,1,9 19,19 37,-845.209314,-1543.017894,-1.4432563709975081,49.27837181450125,-50.72162818549875
69,1138,Cc1ccc(C)c(-c2c(O)ccc3ccccc23)c1O,CC[C@@H](C)[C@H]1CN(c2cccc(C(C)(C)C)c2)C(C2=N[C@@H]([C@H](C)CC)CN2c2cccc(C(C)(C)C)c2)=N1,0,0,9 19,19 37,-845.209314,-1543.021699,-14.313408559107868,42.843295720446065,-57.156704279553935
69,1139,Cc1ccc(C)c(-c2c(O)ccc3ccccc23)c1O,C1CCC([C@H]2COC(C3=N[C@@H](C4CCCCC4)CO3)=N2)CC1,0,0,9 19,9 19,-845.209314,-961.6661462,-13.094728741261857,43.45263562936907,-56.54736437063093
69,1140,Cc1ccc(C)c(-c2c(O)ccc3ccccc23)c1O,N[C@H]1c2ccccc2C[C@H]1[O-],0,0,9 19,0 10,-845.209314,-478.4750351,-0.3053055007047316,49.84734724964763,-50.15265275035237
69,1141,Cc1ccc(C)c(-c2c(O)ccc3ccccc23)c1O,[O-]C(c1ccccc1)(c1ccccc1)[C@H]1CCCN1,0,4,9 19,0 18,-845.209314,-787.8268535,1.2463943496499645,50.62319717482498,-49.37680282517502
69,1142,Cc1ccc(C)c(-c2c(O)ccc3ccccc23)c1O,N[C@@H](c1ccccc1)[C@H]([O-])c1ccccc1,0,1,9 19,0 9,-845.209314,-671.2387181,1.3317509223214712,50.66587546116074,-49.33412453883926
69,1143,Cc1ccc(C)c(-c2c(O)ccc3ccccc23)c1O,N[C@@H]1CCCC[C@H]1[O-],0,0,9 19,0 7,-845.209314,-365.4171147,-3.6665229752076614,48.16673851239617,-51.83326148760383
69,1144,Cc1ccc(C)c(-c2c(O)ccc3ccccc23)c1O,N[C@@H](C[O-])Cc1ccccc1,0,0,9 19,0 3,-845.209314,-479.6485701,-2.6619400626295904,48.6690299686852,-51.3309700313148
69,1145,Cc1ccc(C)c(-c2c(O)ccc3ccccc23)c1O,[O-]C[C@@H]1CCCN1Cc1ccccc1,0,0,9 19,0 6,-845.209314,-596.2244044,5.867455861741577,52.93372793087079,-47.06627206912921
69,1146,Cc1ccc(C)c(-c2c(O)ccc3ccccc23)c1O,N[C@H](C[O-])Cc1ccccc1,0,1,9 19,0 3,-845.209314,-479.6493962,5.604184907580656,52.80209245379033,-47.19790754620967
69,1147,Cc1ccc(C)c(-c2c(O)ccc3ccccc23)c1O,[O-]C[C@@H]1CCCN1,0,0,9 19,0 6,-845.209314,-326.127563,0.07728947612424975,50.038644738062125,-49.961355261937875
69,1148,Cc1ccc(C)c(-c2c(O)ccc3ccccc23)c1O,CC(C)(C)[C@@H](N)C[O-],0,0,9 19,5 7,-845.209314,-366.5936045,-5.114821555141599,47.4425892224292,-52.5574107775708
69,1149,Cc1ccc(C)c(-c2c(O)ccc3ccccc23)c1O,CC(C)[C@H](N)C[O-],0,0,9 19,4 6,-845.209314,-327.333821,-3.6020510935971206,48.19897445320144,-51.80102554679856
69,1150,Cc1ccc(C)c(-c2c(O)ccc3ccccc23)c1O,N[C@@H](C[O-])c1ccccc1,0,1,9 19,0 3,-845.209314,-440.3907373,-3.8111123063648584,48.09444384681757,-51.90555615318243
69,1151,Cc1ccc(C)c(-c2c(O)ccc3ccccc23)c1O,[O-]C(c1cc(C(F)(F)F)cc(C(F)(F)F)c1)(c1cc(C(F)(F)F)cc(C(F)(F)F)c1)[C@H]1CCCN1,0,0,9 19,0 34,-845.209314,-2135.060687,1.965334358182985,50.98266717909149,-49.01733282090851
69,1152,Cc1ccc(C)c(-c2c(O)ccc3ccccc23)c1O,COc1nc2ccc(Br)cc2cc1[C@@H](c1ccccc1)[C@@]([O-])(CCN(C)C)c1ccc2ccccc2c1,0,0,9 19,24 21,-845.209314,-4069.87959,2.0685107060758625,51.034255353037935,-48.965744646962065
69,1153,Cc1ccc(C)c(-c2c(O)ccc3ccccc23)c1O,CC(C)(C)c1cc(/C=N/[C@@H]2CCCC[C@H]2/N=C/c2cc(C(C)(C)C)cc(C(C)(C)C)c2[O-])c([O-])c(C(C)(C)C)c1,0,1,9 19,8 15,-845.209314,-1661.320129,1.1426561401109296,50.571328070055465,-49.428671929944535
69,1154,Cc1ccc(C)c(-c2c(O)ccc3ccccc23)c1O,CN[C@@H]1CCCC[C@H]1NC,0,0,9 19,8 1,-845.209314,-424.657817,-5.197951444785129,47.40102427760743,-52.59897572239257
69,1155,Cc1ccc(C)c(-c2c(O)ccc3ccccc23)c1O,CC(C)(C)[C@H]1CN2C[C@H](C(C)(C)C)[N-]C2=N1,0,0,9 19,13 6 15,-845.209314,-673.33055,-2.50390495604969,48.74804752197515,-51.25195247802485
69,1156,Cc1ccc(C)c(-c2c(O)ccc3ccccc23)c1O,CCN(CC)[C@@H]1CCCC[C@H]1NC(=S)Nc1cc(C(F)(F)F)cc(C(F)(F)F)c1,0,0,9 19,2 11,-845.209314,-1899.093947,1.2112281235952596,50.60561406179763,-49.39438593820237
69,1157,Cc1ccc(C)c(-c2c(O)ccc3ccccc23)c1O,O=C(N[C@H]1CCCC[C@@H]1NC(=O)c1ccccn1)c1ccccn1,0,0,9 19,9 2 17 23,-845.209314,-1066.431466,-3.0280487191266974,48.48597564043665,-51.51402435956335
69,1158,Cc1ccc(C)c(-c2c(O)ccc3ccccc23)c1O,C=C[C@@H]1C[N@@]2CC[C@H]1C[C@@H]2[C@H](N)c1ccnc2ccc(OC)cc12,0,0,9 19,11 4,-845.209314,-1015.561433,-2.4520876927068866,48.77395615364656,-51.22604384635344
69,1159,Cc1ccc(C)c(-c2c(O)ccc3ccccc23)c1O,C=C[C@@H]1C[N@@]2CC[C@H]1C[C@H]2[C@H](N)c1ccnc2ccc(OC)cc12,0,0,9 19,11 4,-845.209314,-1015.556456,-3.060459514251991,48.469770242874006,-51.530229757125994
69,1160,Cc1ccc(C)c(-c2c(O)ccc3ccccc23)c1O,[O-][C@@H]1CCCC[C@H]1[O-],0,0,9 19,0 7,-845.209314,-384.5074297,-3.131223894464316,48.434388052767844,-51.565611947232156
69,1161,Cc1ccc(C)c(-c2c(O)ccc3ccccc23)c1O,CC1(C)[C@@H]2C[C@@H]([O-])[C@@](C)([O-])[C@H]1C2,0,0,9 19,6 9,-845.209314,-540.3370829,-2.9404122532705763,48.52979387336471,-51.47020612663529
69,1162,Cc1ccc(C)c(-c2c(O)ccc3ccccc23)c1O,[O-]C[C@@H]1CCCC[C@H]1C[O-],0,0,9 19,0 9,-845.209314,-463.072022,2.1352164315105657,51.067608215755286,-48.932391784244714
69,1163,Cc1ccc(C)c(-c2c(O)ccc3ccccc23)c1O,[O-][C@@H](c1ccccc1)C([O-])(c1ccccc1)c1ccccc1,0,0,9 19,0 9,-845.209314,-921.2481744,-2.7691833636625125,48.61540831816875,-51.38459168183125
69,1164,Cc1ccc(C)c(-c2c(O)ccc3ccccc23)c1O,CC1(C)O[C@H](C([O-])(c2ccccc2)c2ccccc2)[C@@H](C([O-])(c2ccccc2)c2ccccc2)O1,0,3,9 19,6 21,-845.209314,-1497.557147,-2.411906132424991,48.794046933787506,-51.205953066212494
69,1165,Cc1ccc(C)c(-c2c(O)ccc3ccccc23)c1O,CC1(c2ccccc2)O[C@@H](C([O-])(c2ccccc2)c2ccccc2)[C@H](C([O-])(c2ccccc2)c2ccccc2)O1,0,5,9 19,11 26,-845.209314,-1689.135424,-1.715111466434608,49.1424442667827,-50.8575557332173
69,1166,Cc1ccc(C)c(-c2c(O)ccc3ccccc23)c1O,CC1(C)O[C@@H](C([O-])(c2cccc3ccccc23)c2cccc3ccccc23)[C@H](C([O-])(c2cccc3ccccc23)c2cccc3ccccc23)O1,0,0,9 19,6 29,-845.209314,-2111.547452,-3.213218518525074,48.393390740737466,-51.606609259262534
69,1167,Cc1ccc(C)c(-c2c(O)ccc3ccccc23)c1O,[O-]C(c1ccccc1)(c1ccccc1)[C@H]1OC2(CCCCC2)O[C@@H]1C([O-])(c1ccccc1)c1ccccc1,0,2,9 19,0 25,-845.209314,-1614.153477,-0.3646214381983368,49.81768928090083,-50.18231071909917
69,1168,Cc1ccc(C)c(-c2c(O)ccc3ccccc23)c1O,CC1(C)O[C@@H](C[O-])[C@H](C[O-])O1,0,0,9 19,6 9,-845.209314,-574.1407143,-5.634339216247345,47.18283039187633,-52.81716960812367
69,1169,Cc1ccc(C)c(-c2c(O)ccc3ccccc23)c1O,C1CCN2C[C@H]3C[C@H](CN4CCCC[C@@H]34)[C@H]2C1,0,0,9 19,9 3,-845.209314,-695.9272943,-3.3926907646079276,48.30365461769603,-51.69634538230397
69,1170,Cc1ccc(C)c(-c2c(O)ccc3ccccc23)c1O,NC(=O)[C@@H]1CC(F)(F)CN1,0,0,9 19,0 9,-845.209314,-579.2434339,-10.305599756067554,44.847200121966225,-55.152799878033775
69,1171,Cc1ccc(C)c(-c2c(O)ccc3ccccc23)c1O,O=C(N[C@H]1CCCC[C@@H]1NC(=O)c1ccccn1)c1ccccn1,0,0,9 19,9 2 17 23,-845.209314,-1066.417296,-2.644025728084712,48.67798713595764,-51.32201286404236
69,1172,Cc1ccc(C)c(-c2c(O)ccc3ccccc23)c1O,c1ccc(CN[C@@H]2CCCC[C@H]2NCc2ccccc2)cc1,0,0,9 19,12 5,-845.209314,-886.3100667,8.303786659791564,54.151893329895785,-45.848106670104215
69,1173,Cc1ccc(C)c(-c2c(O)ccc3ccccc23)c1O,COc1ccc([C@H](N)[C@@H](N)c2ccc(OC)cc2)cc1,0,0,9 19,9 7,-845.209314,-880.7644659,-3.956580796124123,48.021709601937935,-51.978290398062065
69,1174,Cc1ccc(C)c(-c2c(O)ccc3ccccc23)c1O,CN[C@H](c1ccccc1)[C@H](NC)c1ccccc1,0,0,9 19,1 10,-845.209314,-730.4598814,1.4022314354266383,50.70111571771332,-49.29888428228668
69,1175,Cc1ccc(C)c(-c2c(O)ccc3ccccc23)c1O,O=C(N[C@H]1CCCC[C@@H]1NC(=O)c1ccccc1P(c1ccccc1)c1ccccc1)c1ccccc1P(c1ccccc1)c1ccccc1,0,0,9 19,9 2,-845.209314,-2641.38663,-3.3570652059240267,48.321467397037985,-51.678532602962015
69,1176,Cc1ccc(C)c(-c2c(O)ccc3ccccc23)c1O,O=C(N[C@@H](c1ccccc1)[C@@H](NC(=O)c1ccccc1P(c1ccccc1)c1ccccc1)c1ccccc1)c1ccccc1P(c1ccccc1)c1ccccc1,0,0,9 19,2 11,-845.209314,-2947.2013,2.4818246372137978,51.2409123186069,-48.7590876813931
69,1177,Cc1ccc(C)c(-c2c(O)ccc3ccccc23)c1O,O=S(=O)(N[C@@H](c1ccccc1)[C@@H](NS(=O)(=O)C(F)(F)F)c1ccccc1)C(F)(F)F,0,0,9 19,3 12,-845.209314,-2422.191334,-1.6909413234996657,49.154529338250164,-50.845470661749836
69,1178,Cc1ccc(C)c(-c2c(O)ccc3ccccc23)c1O,[O-]c1ccccc1/C=N/[C@@H](c1ccccc1)[C@@H](/N=C/c1ccccc1[O-])c1ccccc1,0,0,9 19,8 17,-845.209314,-1338.945921,-4.346442084773835,47.82677895761308,-52.17322104238692
70,1001,COCc1cc2ccccc2c(-c2c(O)c(COC)cc3ccccc23)c1O,CC(C)(C1=N[C@@H](C(C)(C)C)CO1)C1=N[C@@H](C(C)(C)C)CO1,0,3,14 27,4 13,-1227.517657,-924.7872077,-41.975926594370165,29.012036702814918,-70.98796329718508
70,1002,COCc1cc2ccccc2c(-c2c(O)c(COC)cc3ccccc23)c1O,CC(C)(C)[C@@H]1COC(C2(C3=N[C@H](C(C)(C)C)CO3)CCCCC2)=N1,0,0,14 27,10 23,-1227.517657,-1041.378417,33.677456442263505,66.83872822113176,-33.16127177886825
70,1003,COCc1cc2ccccc2c(-c2c(O)c(COC)cc3ccccc23)c1O,CC(C)(C)[C@H]1COC(C2(C3=N[C@@H](C(C)(C)C)CO3)CCCC2)=N1,0,2,14 27,10 22,-1227.517657,-1002.119896,-36.608462543501325,31.695768728249337,-68.30423127175067
70,1004,COCc1cc2ccccc2c(-c2c(O)c(COC)cc3ccccc23)c1O,CC(C)(C)[C@H]1COC(C2(C3=N[C@@H](C(C)(C)C)CO3)CCC2)=N1,0,0,14 27,10 21,-1227.517657,-962.8318746,-21.32562280001604,39.33718859999198,-60.66281140000802
70,1005,COCc1cc2ccccc2c(-c2c(O)c(COC)cc3ccccc23)c1O,CC(C)(C)[C@@H]1COC(C2(C3=N[C@H](C(C)(C)C)CO3)CC2)=N1,0,2,14 27,10 20,-1227.517657,-923.5694488,50.25664825975647,75.12832412987824,-24.871675870121766
70,1006,COCc1cc2ccccc2c(-c2c(O)c(COC)cc3ccccc23)c1O,CC(C)(C)[C@@H]1COC(CC2=N[C@H](C(C)(C)C)CO2)=N1,0,1,14 27,10 18,-1227.517657,-846.2631981,7.784555668445858,53.89227783422293,-46.10772216577707
70,1007,COCc1cc2ccccc2c(-c2c(O)c(COC)cc3ccccc23)c1O,CC(C)(C)[C@H]1COC(C(Cc2ccccc2)(Cc2ccccc2)C2=N[C@@H](C(C)(C)C)CO2)=N1,0,0,14 27,24 32,-1227.517657,-1386.443314,-10.835501256168161,44.58224937191592,-55.41775062808408
70,1008,COCc1cc2ccccc2c(-c2c(O)c(COC)cc3ccccc23)c1O,CC(C)(C)[C@H]1COC(C2=N[C@@H](C(C)(C)C)CO2)=N1,0,1,14 27,9 17,-1227.517657,-806.9917463,-8.052407791633744,45.97379610418313,-54.02620389581687
70,1009,COCc1cc2ccccc2c(-c2c(O)c(COC)cc3ccccc23)c1O,CC(C)(C)[C@H]1COC(c2ccccn2)=N1,0,0,14 27,13 14,-1227.517657,-650.9603345,-20.169219060174825,39.91539046991259,-60.08460953008741
70,1010,COCc1cc2ccccc2c(-c2c(O)c(COC)cc3ccccc23)c1O,CC(C)(C)[C@H]1COC(c2ccc3ccccc3n2)=N1,0,0,14 27,17 18,-1227.517657,-804.4663888,-16.658609987652085,41.67069500617396,-58.32930499382604
70,1011,COCc1cc2ccccc2c(-c2c(O)c(COC)cc3ccccc23)c1O,CC(C)(C)[C@H]1COC(c2cccc(C3=N[C@@H](C(C)(C)C)CO3)n2)=N1,0,0,14 27,23 14 22,-1227.517657,-1053.868619,-4.348295307372981,47.82585234631351,-52.17414765368649
70,1012,COCc1cc2ccccc2c(-c2c(O)c(COC)cc3ccccc23)c1O,CC(C)(C)[C@@H]1COC(c2ccc(C(F)(F)F)cn2)=N1,0,0,14 27,17 18,-1227.517657,-987.756862,12.527518993886858,56.26375949694343,-43.73624050305657
70,1013,COCc1cc2ccccc2c(-c2c(O)c(COC)cc3ccccc23)c1O,CC(C)(C1=N[C@@H](C(C)(C)C)CO1)c1ccccn1,0,0,14 27,17 4,-1227.517657,-768.7447589,-10.018309779742188,44.99084511012891,-55.00915488987109
70,1014,COCc1cc2ccccc2c(-c2c(O)c(COC)cc3ccccc23)c1O,CC(C)(C)[C@@H]1COC(c2nccc3ccccc23)=N1,0,1,14 27,9 18,-1227.517657,-804.4621747,18.955214354486856,59.47760717724343,-40.52239282275657
70,1015,COCc1cc2ccccc2c(-c2c(O)c(COC)cc3ccccc23)c1O,CC(C)(C)[C@H]1COC([C@@H]2CCCC[C@H]2C2=N[C@@H](C(C)(C)C)CO2)=N1,0,0,14 27,23 15,-1227.517657,-1041.38254,1.932828456218603,50.9664142281093,-49.0335857718907
70,1016,COCc1cc2ccccc2c(-c2c(O)c(COC)cc3ccccc23)c1O,CC(C)(C)[C@@H]1COC(c2ccccc2Nc2ccccc2C2=N[C@H](C(C)(C)C)CO2)=N1,0,0,14 27,22 14 30,-1227.517657,-1323.988245,-4.300685648533047,47.849657175733476,-52.150342824266524
70,1017,COCc1cc2ccccc2c(-c2c(O)c(COC)cc3ccccc23)c1O,CC(C)(C)[C@H]1COC(/C=c2\[n-]/c(=C\C3=N[C@@H](C(C)(C)C)CO3)c3ccccc23)=N1,0,0,14 27,10 28 14,-1227.517657,-1246.074571,-1.4744094676713697,49.26279526616432,-50.73720473383568
70,1018,COCc1cc2ccccc2c(-c2c(O)c(COC)cc3ccccc23)c1O,CC(C)(C)[C@H]1COC(c2cccc(-c3cccc(C4=N[C@@H](C(C)(C)C)CO4)n3)n2)=N1,0,0,14 27,27 19 28 29,-1227.517657,-1300.750937,-3.725623797990017,48.137188101004995,-51.862811898995005
70,1019,COCc1cc2ccccc2c(-c2c(O)c(COC)cc3ccccc23)c1O,CC(C)(C)[C@@H]1COC(c2cccc(-c3ccccn3)n2)=N1,0,0,14 27,18 19 20,-1227.517657,-897.839473,8.124787364250906,54.06239368212545,-45.93760631787455
70,1020,COCc1cc2ccccc2c(-c2c(O)c(COC)cc3ccccc23)c1O,CC(C)(C)[C@@H]1COC(c2cccc(-c3ccccn3)n2)=N1,0,0,14 27,18 19 20,-1227.517657,-897.8395764,7.535617527564831,53.76780876378241,-46.23219123621759
70,1021,COCc1cc2ccccc2c(-c2c(O)c(COC)cc3ccccc23)c1O,Cc1ccc(N2C[C@H](C(C)(C)C)N=C2C2=N[C@@H](C(C)(C)C)CN2c2ccc(C)cc2)cc1,0,0,14 27,12 15,-1227.517657,-1307.470214,-7.1736509696007165,46.41317451519964,-53.58682548480036
70,1022,COCc1cc2ccccc2c(-c2c(O)c(COC)cc3ccccc23)c1O,CC(C)[C@@H]1COC(C(C)(C)C2=N[C@H](C(C)C)CO2)=N1,0,2,14 27,18 11,-1227.517657,-846.264983,43.5680999557603,71.78404997788016,-28.21595002211985
70,1023,COCc1cc2ccccc2c(-c2c(O)c(COC)cc3ccccc23)c1O,CC(C)[C@H]1COC(C2(C3=N[C@@H](C(C)C)CO3)CCCCC2)=N1,0,2,14 27,9 21,-1227.517657,-962.8650477,-11.265197504671422,44.36740124766429,-55.63259875233571
70,1024,COCc1cc2ccccc2c(-c2c(O)c(COC)cc3ccccc23)c1O,CC(C)[C@H]1COC(C2(C3=N[C@@H](C(C)C)CO3)CCCC2)=N1,0,0,14 27,9 20,-1227.517657,-923.5979956,-17.088385731196347,41.45580713440182,-58.54419286559818
70,1025,COCc1cc2ccccc2c(-c2c(O)c(COC)cc3ccccc23)c1O,CC(C)[C@H]1COC(C2(C3=N[C@@H](C(C)C)CO3)CC2)=N1,0,0,14 27,9 18,-1227.517657,-845.0470679,-40.13561380688891,29.932193096555544,-70.06780690344445
70,1026,COCc1cc2ccccc2c(-c2c(O)c(COC)cc3ccccc23)c1O,CC(C)[C@@H]1COC(CC2=N[C@H](C(C)C)CO2)=N1,0,3,14 27,16 9,-1227.517657,-767.7407516,0.1965812446637516,50.098290622331874,-49.901709377668126
70,1027,COCc1cc2ccccc2c(-c2c(O)c(COC)cc3ccccc23)c1O,CC(C)[C@H]1COC(C(C)(Cc2ccccc2)C2=N[C@@H](C(C)C)CO2)=N1,0,0,14 27,24 17,-1227.517657,-1077.094636,-32.10457267721941,33.947713661390296,-66.0522863386097
70,1028,COCc1cc2ccccc2c(-c2c(O)c(COC)cc3ccccc23)c1O,CC(C)[C@@H]1COC(C(Cc2ccccc2)(Cc2ccccc2)C2=N[C@H](C(C)C)CO2)=N1,0,1,14 27,30 23,-1227.517657,-1307.925837,15.347072678669019,57.67353633933451,-42.32646366066549
70,1029,COCc1cc2ccccc2c(-c2c(O)c(COC)cc3ccccc23)c1O,CC(C)[C@H]1COC(C(Cc2ccc(C(C)(C)C)cc2)(Cc2ccc(C(C)(C)C)cc2)C2=N[C@@H](C(C)C)CO2)=N1,0,0,14 27,38 31,-1227.517657,-1622.00837,-9.887872913067513,45.056063543466244,-54.943936456533756
70,1030,COCc1cc2ccccc2c(-c2c(O)c(COC)cc3ccccc23)c1O,CC(C)[C@@H]1COC(C2=N[C@H](C(C)C)CO2)=N1,0,0,14 27,8 15,-1227.517657,-728.4699348,22.950160831417147,61.475080415708575,-38.524919584291425
70,1031,COCc1cc2ccccc2c(-c2c(O)c(COC)cc3ccccc23)c1O,CC(C)[C@H]1COC(c2ccccn2)=N1,0,0,14 27,12 13,-1227.517657,-611.69952,-25.002967884238068,37.49851605788096,-62.50148394211904
70,1032,COCc1cc2ccccc2c(-c2c(O)c(COC)cc3ccccc23)c1O,CC(C)[C@@H]1COC(c2ccc3ccccc3n2)=N1,0,0,14 27,16 17,-1227.517657,-765.2054016,18.9096011767001,59.454800588350054,-40.545199411649946
70,1033,COCc1cc2ccccc2c(-c2c(O)c(COC)cc3ccccc23)c1O,CC(C)[C@@H]1COC(c2cccc(C3=N[C@H](C(C)C)CO3)n2)=N1,0,0,14 27,21 20 13,-1227.517657,-975.3489125,12.380704744657542,56.190352372328775,-43.809647627671225
70,1034,COCc1cc2ccccc2c(-c2c(O)c(COC)cc3ccccc23)c1O,CC(C)[C@H]1COC(c2ccc(C(F)(F)F)cn2)=N1,0,0,14 27,16 17,-1227.517657,-948.4960275,-13.010812929583738,43.49459353520813,-56.50540646479187
70,1035,COCc1cc2ccccc2c(-c2c(O)c(COC)cc3ccccc23)c1O,CC(C)[C@@H]1COC(Cc2ccccn2)=N1,0,0,14 27,13 14,-1227.517657,-650.9622206,10.51570115761522,55.25785057880761,-44.74214942119239
70,1036,COCc1cc2ccccc2c(-c2c(O)c(COC)cc3ccccc23)c1O,CC(C)[C@@H]1COC(c2nccc3ccccc23)=N1,0,0,14 27,8 17,-1227.517657,-765.2009547,20.49393665203703,60.24696832601852,-39.75303167398148
70,1037,COCc1cc2ccccc2c(-c2c(O)c(COC)cc3ccccc23)c1O,CC(C)[C@@H]1COC(c2ccc3cccnc3n2)=N1,0,0,14 27,16 17,-1227.517657,-781.2378695,5.5315592034404055,52.765779601720205,-47.234220398279795
70,1038,COCc1cc2ccccc2c(-c2c(O)c(COC)cc3ccccc23)c1O,CC(C)C[C@H]1COC(c2ccccc2P(c2ccccc2)c2ccccc2C2=N[C@@H](CC(C)C)CO2)=N1,0,0,14 27,28 14 36,-1227.517657,-1841.351686,1.7618511738235574,50.88092558691178,-49.11907441308822
70,1039,COCc1cc2ccccc2c(-c2c(O)c(COC)cc3ccccc23)c1O,CC(C)[C@H]1COC(c2cccc3c2oc2c(C4=N[C@@H](C(C)C)CO4)cccc23)=N1,0,0,14 27,17 28 13,-1227.517657,-1264.139226,-4.7063284661248925,47.646835766937556,-52.353164233062444
70,1040,COCc1cc2ccccc2c(-c2c(O)c(COC)cc3ccccc23)c1O,CC(C)[C@H]1COC(c2cccc(C3=N[C@@H](C(C)C)CO3)c2)=N1,0,1,14 27,21 13,-1227.517657,-959.3224258,-6.022297918453606,46.9888510407732,-53.0111489592268
70,1041,COCc1cc2ccccc2c(-c2c(O)c(COC)cc3ccccc23)c1O,CC(C)c1cccc(N2C[C@H](C(C)C)N=C2C2=N[C@@H](C(C)C)CN2c2cccc(C(C)C)c2)c1,0,0,14 27,14 17,-1227.517657,-1385.989932,-4.249658325378576,47.87517083731071,-52.12482916268929
70,1042,COCc1cc2ccccc2c(-c2c(O)c(COC)cc3ccccc23)c1O,CC(C)[C@H]1CN(c2ccc(C(F)(F)F)cc2)C(C2=N[C@@H](C(C)C)CN2c2ccc(C(F)(F)F)cc2)=N1,0,0,14 27,18 35,-1227.517657,-1824.017689,-6.242085331263696,46.87895733436815,-53.12104266563185
70,1043,COCc1cc2ccccc2c(-c2c(O)c(COC)cc3ccccc23)c1O,Cc1ccc(N2C[C@H](C(C)C)N=C2C2=N[C@@H](C(C)C)CN2c2ccc(C)cc2)cc1,0,0,14 27,11 14,-1227.517657,-1228.948101,-3.83125581707485,48.084372091462576,-51.915627908537424
70,1044,COCc1cc2ccccc2c(-c2c(O)c(COC)cc3ccccc23)c1O,CC(C)[C@H]1COC(/C(C#N)=C2\[N-][C@@H](C(C)C)CO2)=N1,0,6,14 27,11 18,-1227.517657,-859.3852808,-0.18631728546464021,49.90684135726768,-50.09315864273232
70,1045,COCc1cc2ccccc2c(-c2c(O)c(COC)cc3ccccc23)c1O,CC(C)[C@H]1N=C(c2cccc(C3=N[C@H](C(C)C)C(c4ccccc4)(c4ccccc4)O3)n2)OC1(c1ccccc1)c1ccccc1,0,0,14 27,4 12 31,-1227.517657,-1898.675751,0.8309958232676014,50.4154979116338,-49.5845020883662
70,1046,COCc1cc2ccccc2c(-c2c(O)c(COC)cc3ccccc23)c1O,CC(C)(C1=N[C@H](c2ccccc2)CO1)C1=N[C@H](c2ccccc2)CO1,0,4,14 27,4 15,-1227.517657,-1072.360523,42.1168164159754,71.0584082079877,-28.9415917920123
70,1047,COCc1cc2ccccc2c(-c2c(O)c(COC)cc3ccccc23)c1O,c1ccc([C@@H]2COC(C3(C4=N[C@H](c5ccccc5)CO4)CCCCC3)=N2)cc1,0,1,14 27,25 10,-1227.517657,-1188.961784,29.232195443054017,64.61609772152701,-35.38390227847299
70,1048,COCc1cc2ccccc2c(-c2c(O)c(COC)cc3ccccc23)c1O,c1ccc([C@H]2COC(C3(C4=N[C@@H](c5ccccc5)CO4)CCCC3)=N2)cc1,0,1,14 27,24 10,-1227.517657,-1149.693678,-32.14358464784251,33.92820767607874,-66.07179232392126
70,1049,COCc1cc2ccccc2c(-c2c(O)c(COC)cc3ccccc23)c1O,c1ccc([C@@H]2COC(C3(C4=N[C@H](c5ccccc5)CO4)CCC3)=N2)cc1,0,0,14 27,10 23,-1227.517657,-1110.405334,16.050671115615238,58.02533555780762,-41.97466444219238
70,1050,COCc1cc2ccccc2c(-c2c(O)c(COC)cc3ccccc23)c1O,c1ccc([C@@H]2COC(C3(C4=N[C@H](c5ccccc5)CO4)CC3)=N2)cc1,0,0,14 27,10 22,-1227.517657,-1071.142417,29.401382211489462,64.70069110574474,-35.29930889425527
70,1051,COCc1cc2ccccc2c(-c2c(O)c(COC)cc3ccccc23)c1O,c1ccc(CC(Cc2ccccc2)(C2=N[C@@H](c3ccccc3)CO2)C2=N[C@@H](c3ccccc3)CO2)cc1,0,2,14 27,25 14,-1227.517657,-1534.023098,-15.023300125041741,42.48834993747913,-57.51165006252087
70,1052,COCc1cc2ccccc2c(-c2c(O)c(COC)cc3ccccc23)c1O,CC(Cc1ccccc1)(C1=N[C@@H](c2ccccc2)CO1)C1=N[C@@H](c2ccccc2)CO1,0,0,14 27,10 21,-1227.517657,-1303.193117,-10.329210495256032,44.83539475237198,-55.16460524762802
70,1053,COCc1cc2ccccc2c(-c2c(O)c(COC)cc3ccccc23)c1O,CC(C)(C)c1ccc(CC(Cc2ccc(C(C)(C)C)cc2)(C2=N[C@@H](c3ccccc3)CO2)C2=N[C@@H](c3ccccc3)CO2)cc1,0,0,14 27,33 22,-1227.517657,-1848.107801,-9.957985614597396,45.021007192701305,-54.978992807298695
70,1054,COCc1cc2ccccc2c(-c2c(O)c(COC)cc3ccccc23)c1O,c1ccc([C@H]2COC(C3=N[C@@H](c4ccccc4)CO3)=N2)cc1,0,0,14 27,9 19,-1227.517657,-954.5647571,-12.199888653102239,43.90005567344888,-56.09994432655112
70,1055,COCc1cc2ccccc2c(-c2c(O)c(COC)cc3ccccc23)c1O,c1ccc([C@@H]2COC(c3ccccn3)=N2)cc1,0,0,14 27,13 14,-1227.517657,-724.746776,8.752011574358082,54.37600578717904,-45.62399421282096
70,1056,COCc1cc2ccccc2c(-c2c(O)c(COC)cc3ccccc23)c1O,c1ccc([C@H]2COC(c3ccc4ccccc4n3)=N2)cc1,0,0,14 27,17 18,-1227.517657,-878.2528728,-13.553305645413262,43.22334717729337,-56.77665282270663
70,1057,COCc1cc2ccccc2c(-c2c(O)c(COC)cc3ccccc23)c1O,c1ccc([C@H]2COC(c3cccc(C4=N[C@@H](c5ccccc5)CO4)n3)=N2)cc1,0,0,14 27,24 25 14,-1227.517657,-1201.443303,-10.063409955330114,44.96829502233494,-55.03170497766506
70,1058,COCc1cc2ccccc2c(-c2c(O)c(COC)cc3ccccc23)c1O,c1ccc([C@H]2COC(CC3=N[C@@H](c4ccccc4)CO3)=N2)cc1,0,0,14 27,10 20,-1227.517657,-993.8362822,-7.07094974720649,46.46452512639676,-53.53547487360324
70,1059,COCc1cc2ccccc2c(-c2c(O)c(COC)cc3ccccc23)c1O,c1ccc([C@H]2COC(c3nccc4ccccc34)=N2)cc1,0,0,14 27,9 18,-1227.517657,-878.2485743,-19.738741475478264,40.13062926226087,-59.86937073773913
70,1060,COCc1cc2ccccc2c(-c2c(O)c(COC)cc3ccccc23)c1O,CC(C)(C1=N[C@@H](c2ccccc2)C(c2ccccc2)(c2ccccc2)O1)C1=N[C@@H](c2ccccc2)C(c2ccccc2)(c2ccccc2)O1,0,1,14 27,27 4,-1227.517657,-1995.694324,-24.43853023386753,37.78073488306623,-62.21926511693377
70,1061,COCc1cc2ccccc2c(-c2c(O)c(COC)cc3ccccc23)c1O,C(\C1=N[C@H](c2ccccc2)CO1)=c1\[n-]/c(=C\C2=N[C@H](c3ccccc3)CO2)c2ccccc12,0,0,14 27,17 2 13,-1227.517657,-1393.650658,-0.15063574716699346,49.924682126416506,-50.075317873583494
70,1062,COCc1cc2ccccc2c(-c2c(O)c(COC)cc3ccccc23)c1O,c1ccc([C@H]2COC(c3ccccc3Nc3ccccc3C3=N[C@@H](c4ccccc4)CO3)=N2)cc1,0,0,14 27,32 14 22,-1227.517657,-1471.560923,-4.900895222313179,47.54955238884341,-52.45044761115659
70,1063,COCc1cc2ccccc2c(-c2c(O)c(COC)cc3ccccc23)c1O,N#C/C(C1=N[C@@H](c2ccccc2)CO1)=C1/[N-][C@@H](c2ccccc2)CO1,0,2,14 27,4 15,-1227.517657,-1085.486043,-4.509927345118353,47.74503632744082,-52.25496367255918
70,1064,COCc1cc2ccccc2c(-c2c(O)c(COC)cc3ccccc23)c1O,c1ccc([C@H]2COC(c3cccc(C4=N[C@@H](c5ccccc5)CO4)c3)=N2)cc1,0,2,14 27,25 14,-1227.517657,-1185.417111,-11.492753819305666,44.25362309034717,-55.74637690965283
70,1065,COCc1cc2ccccc2c(-c2c(O)c(COC)cc3ccccc23)c1O,c1ccc([C@H]2COC(c3cccc4c3oc3c(C5=N[C@@H](c6ccccc6)CO5)cccc34)=N2)cc1,0,1,14 27,32 18 14,-1227.517657,-1490.233608,-6.53727935739952,46.731360321300244,-53.268639678699756
70,1066,COCc1cc2ccccc2c(-c2c(O)c(COC)cc3ccccc23)c1O,C(\C1=N[C@H](c2ccccc2)CO1)=c1\o/c(=C\C2=N[C@H](c3ccccc3)CO2)c2ccccc12,0,0,14 27,17 2 13,-1227.517657,-1414.040486,-0.3905840953267763,49.804707952336614,-50.195292047663386
70,1067,COCc1cc2ccccc2c(-c2c(O)c(COC)cc3ccccc23)c1O,CC(C)(C1=N[C@@H]2c3ccccc3C[C@@H]2O1)C1=N[C@@H]2c3ccccc3C[C@@H]2O1,0,0,14 27,16 4,-1227.517657,-1148.533419,27.35133747367692,63.67566873683846,-36.32433126316154
70,1068,COCc1cc2ccccc2c(-c2c(O)c(COC)cc3ccccc23)c1O,c1ccc2c(c1)C[C@H]1OC(C3(C4=N[C@H]5c6ccccc6C[C@H]5O4)CCCCC3)=N[C@@H]21,0,0,14 27,12 28,-1227.517657,-1265.120113,-51.04866062247143,24.475669688764285,-75.52433031123572
70,1069,COCc1cc2ccccc2c(-c2c(O)c(COC)cc3ccccc23)c1O,c1ccc2c(c1)C[C@@H]1OC(C3(C4=N[C@@H]5c6ccccc6C[C@@H]5O4)CCCC3)=N[C@H]21,0,0,14 27,27 12,-1227.517657,-1225.865898,29.62761648602409,64.81380824301205,-35.18619175698795
70,1070,COCc1cc2ccccc2c(-c2c(O)c(COC)cc3ccccc23)c1O,c1ccc2c(c1)C[C@@H]1OC(C3(C4=N[C@@H]5c6ccccc6C[C@@H]5O4)CCC3)=N[C@H]21,0,3,14 27,26 12,-1227.517657,-1186.577848,11.658788205361489,55.829394102680745,-44.170605897319255
70,1071,COCc1cc2ccccc2c(-c2c(O)c(COC)cc3ccccc23)c1O,c1ccc2c(c1)C[C@H]1OC(C3(C4=N[C@H]5c6ccccc6C[C@H]5O4)CC3)=N[C@@H]21,0,0,14 27,25 12,-1227.517657,-1147.313977,-55.27092235537645,22.364538822311776,-77.63546117768823
70,1072,COCc1cc2ccccc2c(-c2c(O)c(COC)cc3ccccc23)c1O,CCC(CC)(C1=N[C@H]2c3ccccc3C[C@H]2O1)C1=N[C@H]2c3ccccc3C[C@H]2O1,0,0,14 27,18 6,-1227.517657,-1227.050677,-50.45923316093932,24.77038341953034,-75.22961658046967
70,1073,COCc1cc2ccccc2c(-c2c(O)c(COC)cc3ccccc23)c1O,c1ccc(CC(Cc2ccccc2)(C2=N[C@@H]3c4ccccc4C[C@@H]3O2)C2=N[C@@H]3c4ccccc4C[C@@H]3O2)cc1,0,0,14 27,26 14,-1227.517657,-1610.184387,-1.3983644649282274,49.30081776753589,-50.69918223246411
70,1074,COCc1cc2ccccc2c(-c2c(O)c(COC)cc3ccccc23)c1O,CC(Cc1ccccc1)(C1=N[C@H]2c3ccccc3C[C@H]2O1)C1=N[C@H]2c3ccccc3C[C@H]2O1,0,0,14 27,10 22,-1227.517657,-1379.360112,-0.005380717442227123,49.99730964127889,-50.00269035872111
70,1075,COCc1cc2ccccc2c(-c2c(O)c(COC)cc3ccccc23)c1O,CC(C)(C)c1ccc(CC(Cc2ccc(C(C)(C)C)cc2)(C2=N[C@@H]3c4ccccc4C[C@@H]3O2)C2=N[C@@H]3c4ccccc4C[C@@H]3O2)cc1,0,0,14 27,34 22,-1227.517657,-1924.267304,12.256035624189469,56.12801781209473,-43.87198218790527
70,1076,COCc1cc2ccccc2c(-c2c(O)c(COC)cc3ccccc23)c1O,CC(C)(C)c1cc(CC(Cc2cc(C(C)(C)C)cc(C(C)(C)C)c2)(C2=N[C@H]3c4ccccc4C[C@H]3O2)C2=N[C@H]3c4ccccc4C[C@H]3O2)cc(C(C)(C)C)c1,0,1,14 27,25 37,-1227.517657,-2238.36189,-15.050404492012976,42.47479775399351,-57.52520224600649
70,1077,COCc1cc2ccccc2c(-c2c(O)c(COC)cc3ccccc23)c1O,c1ccc2c(c1)CC(C1=N[C@@H]3c4ccccc4C[C@@H]3O1)(C1=N[C@@H]3c4ccccc4C[C@@H]3O1)C2,0,0,14 27,9 21,-1227.517657,-1378.182059,19.630811543329017,59.81540577166451,-40.18459422833549
70,1078,COCc1cc2ccccc2c(-c2c(O)c(COC)cc3ccccc23)c1O,c1ccc2c(c1)C[C@H]1OC(CC3=N[C@H]4c5ccccc5C[C@H]4O3)=N[C@@H]21,0,0,14 27,12 23,-1227.517657,-1070.004928,-5.330754802954262,47.33462259852287,-52.66537740147713
70,1079,COCc1cc2ccccc2c(-c2c(O)c(COC)cc3ccccc23)c1O,c1ccc(C2=N[C@H]3c4ccccc4C[C@H]3O2)nc1,0,0,14 27,16 5,-1227.517657,-762.8325198,-18.378957930776682,40.81052103461166,-59.18947896538834
70,1080,COCc1cc2ccccc2c(-c2c(O)c(COC)cc3ccccc23)c1O,c1ccc2c(c1)C[C@H]1OC(c3ccc4ccccc4n3)=N[C@@H]21,0,0,14 27,19 20,-1227.517657,-916.3386498,-12.718683199517677,43.640658400241165,-56.359341599758835
70,1081,COCc1cc2ccccc2c(-c2c(O)c(COC)cc3ccccc23)c1O,c1ccc2c(c1)C[C@@H]1OC(c3nccc4ccccc34)=N[C@H]21,0,0,14 27,11 20,-1227.517657,-916.3345383,13.492202734868819,56.746101367434406,-43.253898632565594
70,1082,COCc1cc2ccccc2c(-c2c(O)c(COC)cc3ccccc23)c1O,FC(F)(F)c1ccc(C2=N[C@@H]3c4ccccc4C[C@@H]3O2)nc1,0,0,14 27,9 20,-1227.517657,-1099.626649,2.900964096948748,51.45048204847437,-48.54951795152563
70,1083,COCc1cc2ccccc2c(-c2c(O)c(COC)cc3ccccc23)c1O,c1cc(C2=N[C@H]3c4ccccc4C[C@H]3O2)nc(C2=N[C@H]3c4ccccc4C[C@H]3O2)c1,0,0,14 27,18 4 15,-1227.517657,-1277.615075,-8.090722540800922,45.95463872959954,-54.04536127040046
70,1084,COCc1cc2ccccc2c(-c2c(O)c(COC)cc3ccccc23)c1O,c1ccc2c(c1)C[C@H]1OC(C3=N[C@H]4c5ccccc5C[C@H]4O3)=N[C@@H]21,0,0,14 27,11 22,-1227.517657,-1030.735569,-28.2505866502021,35.87470667489895,-64.12529332510105
70,1085,COCc1cc2ccccc2c(-c2c(O)c(COC)cc3ccccc23)c1O,c1ccc(-c2cccc(C3=N[C@H]4c5ccccc5C[C@H]4O3)n2)nc1,0,0,14 27,10 21 22,-1227.517657,-1009.709879,-10.818194554869656,44.590902722565176,-55.409097277434824
70,1086,COCc1cc2ccccc2c(-c2c(O)c(COC)cc3ccccc23)c1O,c1ccc(-c2cccc(C3=N[C@@H]4c5ccccc5C[C@@H]4O3)n2)cc1,0,0,14 27,10 21,-1227.517657,-993.6729656,0.4228089096182108,50.211404454809106,-49.788595545190894
70,1087,COCc1cc2ccccc2c(-c2c(O)c(COC)cc3ccccc23)c1O,O=C(Nc1ccccc1C1=N[C@@H]2c3ccccc3C[C@@H]2O1)c1ccccc1P(c1ccccc1)c1ccccc1,0,0,14 27,2 10,-1227.517657,-1949.73391,-1.2149386555379973,49.392530672231004,-50.607469327768996
70,1088,COCc1cc2ccccc2c(-c2c(O)c(COC)cc3ccccc23)c1O,O=C(Nc1cccc(C(F)(F)F)c1C1=N[C@@H]2c3ccccc3C[C@@H]2O1)c1ccccc1P(c1ccccc1)c1ccccc1,0,1,14 27,2 14,-1227.517657,-2286.515962,3.1829317741603003,51.59146588708015,-48.40853411291985
70,1089,COCc1cc2ccccc2c(-c2c(O)c(COC)cc3ccccc23)c1O,CC(CC1=N[C@H]2c3ccccc3C[C@@H]2O1)(C1=N[C@H]2c3ccccc3C[C@H]2O1)C1=N[C@H]2c3ccccc3C[C@H]2O1,0,0,14 27,16 28,-1227.517657,-1663.278129,-7.747970254016824,46.12601487299159,-53.87398512700841
70,1090,COCc1cc2ccccc2c(-c2c(O)c(COC)cc3ccccc23)c1O,CC(C)(C1=N[C@H](Cc2ccccc2)CO1)C1=N[C@H](Cc2ccccc2)CO1,0,0,14 27,16 4,-1227.517657,-1150.888196,34.56340432484382,67.28170216242191,-32.71829783757809
70,1091,COCc1cc2ccccc2c(-c2c(O)c(COC)cc3ccccc23)c1O,c1ccc(C[C@H]2COC(C3(C4=N[C@@H](Cc5ccccc5)CO4)CCCCC3)=N2)cc1,0,0,14 27,27 11,-1227.517657,-1267.472166,-17.797700084700544,41.101149957649724,-58.898850042350276
70,1092,COCc1cc2ccccc2c(-c2c(O)c(COC)cc3ccccc23)c1O,c1ccc(C[C@H]2COC(C3(C4=N[C@@H](Cc5ccccc5)CO4)CCCC3)=N2)cc1,0,1,14 27,26 11,-1227.517657,-1228.21857,-26.535749389429533,36.73212530528524,-63.26787469471476
70,1093,COCc1cc2ccccc2c(-c2c(O)c(COC)cc3ccccc23)c1O,c1ccc(C[C@H]2COC(C3(C4=N[C@@H](Cc5ccccc5)CO4)CCC3)=N2)cc1,0,0,14 27,25 11,-1227.517657,-1188.932527,-10.720962139050624,44.639518930474686,-55.360481069525314
70,1094,COCc1cc2ccccc2c(-c2c(O)c(COC)cc3ccccc23)c1O,c1ccc(C[C@H]2COC(C3(C4=N[C@@H](Cc5ccccc5)CO4)CC3)=N2)cc1,0,0,14 27,24 11,-1227.517657,-1149.663336,-25.36100362669491,37.319498186652545,-62.680501813347455
70,1095,COCc1cc2ccccc2c(-c2c(O)c(COC)cc3ccccc23)c1O,CC(Cc1ccccc1)(C1=N[C@H](Cc2ccccc2)CO1)C1=N[C@H](Cc2ccccc2)CO1,0,0,14 27,10 22,-1227.517657,-1381.707279,14.098801530721644,57.04940076536082,-42.95059923463918
70,1096,COCc1cc2ccccc2c(-c2c(O)c(COC)cc3ccccc23)c1O,c1ccc(C[C@H]2COC(C(Cc3ccccc3)(Cc3ccccc3)C3=N[C@@H](Cc4ccccc4)CO3)=N2)cc1,0,0,14 27,25 36,-1227.517657,-1612.547877,-4.7723794377198985,47.61381028114005,-52.38618971885995
70,1097,COCc1cc2ccccc2c(-c2c(O)c(COC)cc3ccccc23)c1O,CC(C)(C)c1ccc(CC(Cc2ccc(C(C)(C)C)cc2)(C2=N[C@H](Cc3ccccc3)CO2)C2=N[C@H](Cc3ccccc3)CO2)cc1,0,0,14 27,34 22,-1227.517657,-1926.618731,9.735210176385738,54.86760508819287,-45.13239491180713
70,1098,COCc1cc2ccccc2c(-c2c(O)c(COC)cc3ccccc23)c1O,c1ccc(C[C@@H]2COC(CC3=N[C@H](Cc4ccccc4)CO3)=N2)cc1,0,0,14 27,11 22,-1227.517657,-1072.356973,10.138616512569163,55.06930825628458,-44.93069174371542
70,1099,COCc1cc2ccccc2c(-c2c(O)c(COC)cc3ccccc23)c1O,c1ccc(C[C@H]2COC(c3ccccn3)=N2)cc1,0,0,14 27,14 15,-1227.517657,-764.0089485,-14.727628614233698,42.63618569288315,-57.36381430711685
70,1100,COCc1cc2ccccc2c(-c2c(O)c(COC)cc3ccccc23)c1O,c1ccc(C[C@H]2COC(c3ccc4ccccc4n3)=N2)cc1,0,0,14 27,18 19,-1227.517657,-917.5151879,-6.527649691169462,46.73617515441527,-53.26382484558473
70,1101,COCc1cc2ccccc2c(-c2c(O)c(COC)cc3ccccc23)c1O,FC(F)(F)c1ccc(C2=N[C@@H](Cc3ccccc3)CO2)nc1,0,0,14 27,9 20,-1227.517657,-1100.805579,-13.246192103853916,43.37690394807304,-56.62309605192696
70,1102,COCc1cc2ccccc2c(-c2c(O)c(COC)cc3ccccc23)c1O,Fc1ccc(C2=N[C@@H](Cc3ccccc3)CO2)nc1,0,0,14 27,17 6,-1227.517657,-863.1783062,-11.634971724218452,44.18251413789078,-55.81748586210922
70,1103,COCc1cc2ccccc2c(-c2c(O)c(COC)cc3ccccc23)c1O,CC(C)(C1=N[C@@H](Cc2ccccc2)CO1)c1ccccn1,0,0,14 27,4 20,-1227.517657,-881.7938527,-8.50529332898612,45.74735333550694,-54.25264666449306
70,1104,COCc1cc2ccccc2c(-c2c(O)c(COC)cc3ccccc23)c1O,FC(F)(F)c1ccnc(C2=N[C@@H](Cc3ccccc3)CO2)c1,0,0,14 27,10 7,-1227.517657,-1100.805638,-12.65226234910251,43.67386882544874,-56.32613117455126
70,1105,COCc1cc2ccccc2c(-c2c(O)c(COC)cc3ccccc23)c1O,c1ccc(C[C@@H]2COC(C3=N[C@H](Cc4ccccc4)CO3)=N2)cc1,0,0,14 27,10 21,-1227.517657,-1033.091065,3.493289150738379,51.74664457536919,-48.25335542463081
70,1106,COCc1cc2ccccc2c(-c2c(O)c(COC)cc3ccccc23)c1O,c1ccc(C[C@@H]2COC(c3cccc(C4=N[C@H](Cc5ccccc5)CO4)n3)=N2)cc1,0,0,14 27,26 27 15,-1227.517657,-1279.968702,8.167119544032177,54.08355977201609,-45.91644022798391
70,1107,COCc1cc2ccccc2c(-c2c(O)c(COC)cc3ccccc23)c1O,c1ccc(C[C@@H]2COC(c3cccc(C4=N[C@H](Cc5ccccc5)CO4)c3)=N2)cc1,0,0,14 27,27 15,-1227.517657,-1263.941857,5.828538539611804,52.9142692698059,-47.0857307301941
70,1108,COCc1cc2ccccc2c(-c2c(O)c(COC)cc3ccccc23)c1O,c1ccc(C[C@H]2COC(C(Cc3ccc4ccccc4n3)(Cc3ccc4ccccc4n3)C3=N[C@@H](Cc4ccccc4)CO3)=N2)cc1,0,0,14 27,33 44,-1227.517657,-1951.637558,-8.614182629661707,45.692908685169144,-54.307091314830856
70,1109,COCc1cc2ccccc2c(-c2c(O)c(COC)cc3ccccc23)c1O,c1ccc(C[C@@H]2COC(c3cccc4c3oc3c(C5=N[C@H](Cc6ccccc6)CO5)cccc34)=N2)cc1,0,0,14 27,34 19 15,-1227.517657,-1568.762289,2.447538325673385,51.22376916283669,-48.77623083716331
70,1110,COCc1cc2ccccc2c(-c2c(O)c(COC)cc3ccccc23)c1O,c1ccc(C[C@@H]2COC(c3cccc(-c4cccc(C5=N[C@H](Cc6ccccc6)CO5)n4)n3)=N2)cc1,0,0,14 27,32 33 20 31,-1227.517657,-1526.847484,1.3242127815786615,50.66210639078933,-49.33789360921067
70,1111,COCc1cc2ccccc2c(-c2c(O)c(COC)cc3ccccc23)c1O,N#C/C(C1=N[C@@H](Cc2ccccc2)CO1)=C1/[N-][C@@H](Cc2ccccc2)CO1,0,0,14 27,4 16,-1227.517657,-1164.01035,-7.650993457797246,46.17450327110138,-53.82549672889862
70,1112,COCc1cc2ccccc2c(-c2c(O)c(COC)cc3ccccc23)c1O,CC(C)(C1=N[C@H](c2ccccc2)[C@H](c2ccccc2)O1)C1=N[C@H](c2ccccc2)[C@H](c2ccccc2)O1,0,0,14 27,4 21,-1227.517657,-1534.032214,30.35846411079897,65.17923205539948,-34.82076794460052
70,1113,COCc1cc2ccccc2c(-c2c(O)c(COC)cc3ccccc23)c1O,c1ccc([C@H]2OC(C3(C4=N[C@@H](c5ccccc5)[C@@H](c5ccccc5)O4)CCCCC3)=N[C@H]2c2ccccc2)cc1,0,3,14 27,9 30,-1227.517657,-1650.634597,-13.670346584586598,43.1648267077067,-56.8351732922933
70,1114,COCc1cc2ccccc2c(-c2c(O)c(COC)cc3ccccc23)c1O,c1ccc([C@H]2OC(C3(C4=N[C@@H](c5ccccc5)[C@@H](c5ccccc5)O4)CCCC3)=N[C@H]2c2ccccc2)cc1,0,0,14 27,9 29,-1227.517657,-1611.364108,-29.873255311119426,35.06337234444029,-64.93662765555972
70,1115,COCc1cc2ccccc2c(-c2c(O)c(COC)cc3ccccc23)c1O,c1ccc([C@H]2OC(C3(C4=N[C@@H](c5ccccc5)[C@@H](c5ccccc5)O4)CC3)=N[C@H]2c2ccccc2)cc1,0,0,14 27,9 27,-1227.517657,-1532.815707,-35.210027550475886,32.39498622476206,-67.60501377523795
70,1116,COCc1cc2ccccc2c(-c2c(O)c(COC)cc3ccccc23)c1O,CC(Cc1ccccc1)(C1=N[C@H](c2ccccc2)[C@H](c2ccccc2)O1)C1=N[C@H](c2ccccc2)[C@H](c2ccccc2)O1,0,4,14 27,10 27,-1227.517657,-1764.861718,24.549852552914807,62.27492627645741,-37.72507372354259
70,1117,COCc1cc2ccccc2c(-c2c(O)c(COC)cc3ccccc23)c1O,c1ccc(CC(Cc2ccccc2)(C2=N[C@@H](c3ccccc3)[C@@H](c3ccccc3)O2)C2=N[C@@H](c3ccccc3)[C@@H](c3ccccc3)O2)cc1,0,1,14 27,14 31,-1227.517657,-1995.696517,-5.099429776845785,47.45028511157711,-52.54971488842289
70,1118,COCc1cc2ccccc2c(-c2c(O)c(COC)cc3ccccc23)c1O,CC(C)(C)c1ccc(CC(Cc2ccc(C(C)(C)C)cc2)(C2=N[C@@H](c3ccccc3)[C@@H](c3ccccc3)O2)C2=N[C@@H](c3ccccc3)[C@@H](c3ccccc3)O2)cc1,0,0,14 27,22 39,-1227.517657,-2309.776028,-6.014881597205262,46.99255920139737,-53.00744079860263
70,1119,COCc1cc2ccccc2c(-c2c(O)c(COC)cc3ccccc23)c1O,c1ccc([C@H]2N=C(CC3=N[C@H](c4ccccc4)[C@H](c4ccccc4)O3)O[C@H]2c2ccccc2)cc1,0,0,14 27,9 5,-1227.517657,-1455.5077,12.81101627172513,56.40550813586256,-43.59449186413744
70,1120,COCc1cc2ccccc2c(-c2c(O)c(COC)cc3ccccc23)c1O,c1ccc([C@H]2OC(c3ccccn3)=N[C@H]2c2ccccc2)cc1,0,0,14 27,12 13,-1227.517657,-955.5810827,-11.76703739128622,44.11648130435689,-55.88351869564311
70,1121,COCc1cc2ccccc2c(-c2c(O)c(COC)cc3ccccc23)c1O,c1ccc([C@H]2N=C(c3ccc4ccccc4n3)O[C@H]2c2ccccc2)cc1,0,0,14 27,16 5,-1227.517657,-1109.087172,7.891763644069361,53.94588182203468,-46.05411817796532
70,1122,COCc1cc2ccccc2c(-c2c(O)c(COC)cc3ccccc23)c1O,FC(F)(F)c1ccc(C2=N[C@@H](c3ccccc3)[C@@H](c3ccccc3)O2)nc1,0,0,14 27,9 25,-1227.517657,-1292.377378,-9.537759408883296,45.231120295558355,-54.768879704441645
70,1123,COCc1cc2ccccc2c(-c2c(O)c(COC)cc3ccccc23)c1O,c1ccc([C@H]2N=C(c3cccc(C4=N[C@H](c5ccccc5)[C@H](c5ccccc5)O4)n3)O[C@H]2c2ccccc2)cc1,0,1,14 27,29 13 5,-1227.517657,-1663.108881,9.383579963153498,54.69178998157675,-45.30821001842325
70,1124,COCc1cc2ccccc2c(-c2c(O)c(COC)cc3ccccc23)c1O,N#C/C(C1=N[C@H](c2ccccc2)[C@H](c2ccccc2)O1)=C1/[N-][C@H](c2ccccc2)[C@H](c2ccccc2)O1,0,0,14 27,4 21,-1227.517657,-1547.161777,8.882712105783312,54.441356052891656,-45.558643947108344
70,1125,COCc1cc2ccccc2c(-c2c(O)c(COC)cc3ccccc23)c1O,c1ccc([C@@H]2N=C(c3cccc4c3oc3c(C5=N[C@@H](c6ccccc6)[C@H](c6ccccc6)O5)cccc34)O[C@H]2c2ccccc2)cc1,0,0,14 27,17 13 5,-1227.517657,-1951.910503,-5.715315155471959,47.14234242226402,-52.85765757773598
70,1126,COCc1cc2ccccc2c(-c2c(O)c(COC)cc3ccccc23)c1O,Cc1ccc(S(=O)(=O)N2C(c3cccc(C4=N[C@@H](c5ccccc5)[C@H](c5ccccc5)N4S(=O)(=O)c4ccc(C)cc4)c3)=N[C@@H](c3ccccc3)[C@@H]2c2ccccc2)cc1,0,0,14 27,16 43,-1227.517657,-3244.251941,1.5307548449471193,50.76537742247356,-49.23462257752644
70,1127,COCc1cc2ccccc2c(-c2c(O)c(COC)cc3ccccc23)c1O,c1ccc([C@@H]2N=C(c3cccc(C4=N[C@@H](c5ccccc5)[C@H](c5ccccc5)N4)c3)N[C@H]2c2ccccc2)cc1,0,0,14 27,5 13,-1227.517657,-1607.358369,-4.565897030161388,47.71705148491931,-52.28294851508069
70,1128,COCc1cc2ccccc2c(-c2c(O)c(COC)cc3ccccc23)c1O,C[C@H]1COC(C(C)(C)C2=N[C@@H](C)CO2)=N1,0,0,14 27,9 14,-1227.517657,-689.222808,-2.7460367981771854,48.62698160091141,-51.37301839908859
70,1129,COCc1cc2ccccc2c(-c2c(O)c(COC)cc3ccccc23)c1O,C[C@H]1COC(C(C)(Cc2ccccc2)C2=N[C@@H](C)CO2)=N1,0,0,14 27,20 15,-1227.517657,-920.0497162,-12.54736667850969,43.726316660745155,-56.273683339254845
70,1130,COCc1cc2ccccc2c(-c2c(O)c(COC)cc3ccccc23)c1O,C[C@H]1COC(C(Cc2ccc(C(C)(C)C)cc2)(Cc2ccc(C(C)(C)C)cc2)C2=N[C@@H](C)CO2)=N1,0,0,14 27,34 29,-1227.517657,-1464.962808,-1.3036203251996081,49.3481898374002,-50.6518101625998
70,1131,COCc1cc2ccccc2c(-c2c(O)c(COC)cc3ccccc23)c1O,C[C@@H]1COC(C(Cc2ccccc2)(Cc2ccccc2)C2=N[C@H](C)CO2)=N1,0,4,14 27,26 21,-1227.517657,-1150.883527,5.144871358718188,52.572435679359096,-47.427564320640904
70,1132,COCc1cc2ccccc2c(-c2c(O)c(COC)cc3ccccc23)c1O,C[C@@H]1COC(CC2=N[C@H](C)CO2)=N1,0,0,14 27,12 7,-1227.517657,-610.6988939,0.8310281305896332,50.415514065294815,-49.584485934705185
70,1133,COCc1cc2ccccc2c(-c2c(O)c(COC)cc3ccccc23)c1O,C[C@H]1COC(c2ccc(C(F)(F)F)cn2)=N1,0,0,14 27,14 15,-1227.517657,-869.9753069,-6.807644352157656,46.596177823921174,-53.403822176078826
70,1134,COCc1cc2ccccc2c(-c2c(O)c(COC)cc3ccccc23)c1O,C[C@H]1COC(C2=N[C@@H](C)CO2)=N1,0,0,14 27,11 6,-1227.517657,-571.4282178,-0.06474748072451408,49.96762625963774,-50.03237374036226
70,1135,COCc1cc2ccccc2c(-c2c(O)c(COC)cc3ccccc23)c1O,CC(C)C[C@@H]1COC(C2=N[C@H](CC(C)C)CO2)=N1,0,0,14 27,9 17,-1227.517657,-806.9877797,14.231618372850217,57.11580918642511,-42.88419081357489
70,1136,COCc1cc2ccccc2c(-c2c(O)c(COC)cc3ccccc23)c1O,Cc1ccc(N2C[C@H](CC(C)C)N=C2C2=N[C@@H](CC(C)C)CN2c2ccc(C)cc2)cc1,0,1,14 27,12 15,-1227.517657,-1307.466211,-2.865158573597134,48.567420713201436,-51.432579286798564
70,1137,COCc1cc2ccccc2c(-c2c(O)c(COC)cc3ccccc23)c1O,CC(C)C[C@H]1CN(c2cccc(C(C)(C)C)c2)C(C2=N[C@@H](CC(C)C)CN2c2cccc(C(C)(C)C)c2)=N1,0,1,14 27,19 37,-1227.517657,-1543.017894,-1.2477726544611931,49.37611367276941,-50.62388632723059
70,1138,COCc1cc2ccccc2c(-c2c(O)c(COC)cc3ccccc23)c1O,CC[C@@H](C)[C@H]1CN(c2cccc(C(C)(C)C)c2)C(C2=N[C@@H]([C@H](C)CC)CN2c2cccc(C(C)(C)C)c2)=N1,0,0,14 27,19 37,-1227.517657,-1543.021699,-6.495984834039252,46.752007582980376,-53.247992417019624
70,1139,COCc1cc2ccccc2c(-c2c(O)c(COC)cc3ccccc23)c1O,C1CCC([C@H]2COC(C3=N[C@@H](C4CCCCC4)CO3)=N2)CC1,0,0,14 27,9 19,-1227.517657,-961.6661462,-7.083270535364912,46.45836473231754,-53.54163526768246
70,1140,COCc1cc2ccccc2c(-c2c(O)c(COC)cc3ccccc23)c1O,N[C@H]1c2ccccc2C[C@H]1[O-],0,0,14 27,0 10,-1227.517657,-478.4750351,-0.8442523494691763,49.577873825265414,-50.422126174734586
70,1141,COCc1cc2ccccc2c(-c2c(O)c(COC)cc3ccccc23)c1O,[O-]C(c1ccccc1)(c1ccccc1)[C@H]1CCCN1,0,4,14 27,0 18,-1227.517657,-787.8268535,0.17318464401686384,50.08659232200843,-49.91340767799157
70,1142,COCc1cc2ccccc2c(-c2c(O)c(COC)cc3ccccc23)c1O,N[C@@H](c1ccccc1)[C@H]([O-])c1ccccc1,0,1,14 27,0 9,-1227.517657,-671.2387181,1.476679158284206,50.73833957914211,-49.26166042085789
70,1143,COCc1cc2ccccc2c(-c2c(O)c(COC)cc3ccccc23)c1O,N[C@@H]1CCCC[C@H]1[O-],0,0,14 27,0 7,-1227.517657,-365.4171147,-0.7769593912780017,49.611520304361,-50.388479695639
70,1144,COCc1cc2ccccc2c(-c2c(O)c(COC)cc3ccccc23)c1O,N[C@@H](C[O-])Cc1ccccc1,0,0,14 27,0 3,-1227.517657,-479.6485701,-0.9101619357245552,49.54491903213772,-50.45508096786228
70,1145,COCc1cc2ccccc2c(-c2c(O)c(COC)cc3ccccc23)c1O,[O-]C[C@@H]1CCCN1Cc1ccccc1,0,0,14 27,0 6,-1227.517657,-596.2244044,3.0411438094172887,51.520571904708646,-48.479428095291354
70,1146,COCc1cc2ccccc2c(-c2c(O)c(COC)cc3ccccc23)c1O,N[C@H](C[O-])Cc1ccccc1,0,1,14 27,0 3,-1227.517657,-479.6493962,2.817658351219647,51.408829175609824,-48.591170824390176
70,1147,COCc1cc2ccccc2c(-c2c(O)c(COC)cc3ccccc23)c1O,[O-]C[C@@H]1CCCN1,0,0,14 27,0 6,-1227.517657,-326.127563,-0.05827067569587818,49.97086466215206,-50.02913533784794
70,1148,COCc1cc2ccccc2c(-c2c(O)c(COC)cc3ccccc23)c1O,CC(C)(C)[C@@H](N)C[O-],0,0,14 27,5 7,-1227.517657,-366.5936045,-2.7025824390397806,48.648708780480106,-51.351291219519894
70,1149,COCc1cc2ccccc2c(-c2c(O)c(COC)cc3ccccc23)c1O,CC(C)[C@H](N)C[O-],0,0,14 27,4 6,-1227.517657,-327.333821,-2.016971150175998,48.991514424912,-51.008485575088
70,1150,COCc1cc2ccccc2c(-c2c(O)c(COC)cc3ccccc23)c1O,N[C@@H](C[O-])c1ccccc1,0,1,14 27,0 3,-1227.517657,-440.3907373,-3.362662815087058,48.31866859245647,-51.68133140754353
70,1151,COCc1cc2ccccc2c(-c2c(O)c(COC)cc3ccccc23)c1O,[O-]C(c1cc(C(F)(F)F)cc(C(F)(F)F)c1)(c1cc(C(F)(F)F)cc(C(F)(F)F)c1)[C@H]1CCCN1,0,0,14 27,0 34,-1227.517657,-2135.060687,-0.9805024275227199,49.50974878623864,-50.49025121376136
70,1152,COCc1cc2ccccc2c(-c2c(O)c(COC)cc3ccccc23)c1O,COc1nc2ccc(Br)cc2cc1[C@@H](c1ccccc1)[C@@]([O-])(CCN(C)C)c1ccc2ccccc2c1,0,0,14 27,24 21,-1227.517657,-4069.87959,0.9601228568632436,50.480061428431625,-49.519938571568375
70,1153,COCc1cc2ccccc2c(-c2c(O)c(COC)cc3ccccc23)c1O,CC(C)(C)c1cc(/C=N/[C@@H]2CCCC[C@H]2/N=C/c2cc(C(C)(C)C)cc(C(C)(C)C)c2[O-])c([O-])c(C(C)(C)C)c1,0,1,14 27,8 15,-1227.517657,-1661.320129,-0.6845612079986614,49.65771939600067,-50.34228060399933
70,1154,COCc1cc2ccccc2c(-c2c(O)c(COC)cc3ccccc23)c1O,CN[C@@H]1CCCC[C@H]1NC,0,0,14 27,8 1,-1227.517657,-424.657817,1.9758667503676337,50.987933375183815,-49.012066624816185
70,1155,COCc1cc2ccccc2c(-c2c(O)c(COC)cc3ccccc23)c1O,CC(C)(C)[C@H]1CN2C[C@H](C(C)(C)C)[N-]C2=N1,0,0,14 27,13 6 15,-1227.517657,-673.33055,-0.8085695351222792,49.59571523243886,-50.40428476756114
70,1156,COCc1cc2ccccc2c(-c2c(O)c(COC)cc3ccccc23)c1O,CCN(CC)[C@@H]1CCCC[C@H]1NC(=S)Nc1cc(C(F)(F)F)cc(C(F)(F)F)c1,0,0,14 27,2 11,-1227.517657,-1899.093947,4.215652204947817,52.10782610247391,-47.89217389752609
70,1157,COCc1cc2ccccc2c(-c2c(O)c(COC)cc3ccccc23)c1O,O=C(N[C@H]1CCCC[C@@H]1NC(=O)c1ccccn1)c1ccccn1,0,0,14 27,9 2 17 23,-1227.517657,-1066.431466,-2.0885942139297082,48.955702893035145,-51.044297106964855
70,1158,COCc1cc2ccccc2c(-c2c(O)c(COC)cc3ccccc23)c1O,C=C[C@@H]1C[N@@]2CC[C@H]1C[C@@H]2[C@H](N)c1ccnc2ccc(OC)cc12,0,0,14 27,11 4,-1227.517657,-1015.561433,-0.2234997339905016,49.888250133004746,-50.111749866995254
70,1159,COCc1cc2ccccc2c(-c2c(O)c(COC)cc3ccccc23)c1O,C=C[C@@H]1C[N@@]2CC[C@H]1C[C@H]2[C@H](N)c1ccnc2ccc(OC)cc12,0,0,14 27,11 4,-1227.517657,-1015.556456,-0.8316147327535619,49.58419263362322,-50.41580736637678
70,1160,COCc1cc2ccccc2c(-c2c(O)c(COC)cc3ccccc23)c1O,[O-][C@@H]1CCCC[C@H]1[O-],0,0,14 27,0 7,-1227.517657,-384.5074297,-1.1341938634516433,49.43290306827418,-50.56709693172582
70,1161,COCc1cc2ccccc2c(-c2c(O)c(COC)cc3ccccc23)c1O,CC1(C)[C@@H]2C[C@@H]([O-])[C@@](C)([O-])[C@H]1C2,0,0,14 27,6 9,-1227.517657,-540.3370829,-2.2970127028143206,48.85149364859284,-51.14850635140716
70,1162,COCc1cc2ccccc2c(-c2c(O)c(COC)cc3ccccc23)c1O,[O-]C[C@@H]1CCCC[C@H]1C[O-],0,0,14 27,0 9,-1227.517657,-463.072022,0.9412289437339174,50.47061447186696,-49.52938552813304
70,1163,COCc1cc2ccccc2c(-c2c(O)c(COC)cc3ccccc23)c1O,[O-][C@@H](c1ccccc1)C([O-])(c1ccccc1)c1ccccc1,0,0,14 27,0 9,-1227.517657,-921.2481744,-2.4782954574423823,48.76085227127881,-51.23914772872119
70,1164,COCc1cc2ccccc2c(-c2c(O)c(COC)cc3ccccc23)c1O,CC1(C)O[C@H](C([O-])(c2ccccc2)c2ccccc2)[C@@H](C([O-])(c2ccccc2)c2ccccc2)O1,0,3,14 27,6 21,-1227.517657,-1497.557147,-4.300907894535304,47.84954605273235,-52.15045394726765
70,1165,COCc1cc2ccccc2c(-c2c(O)c(COC)cc3ccccc23)c1O,CC1(c2ccccc2)O[C@@H](C([O-])(c2ccccc2)c2ccccc2)[C@H](C([O-])(c2ccccc2)c2ccccc2)O1,0,5,14 27,11 26,-1227.517657,-1689.135424,-3.502396707847045,48.24880164607648,-51.75119835392352
70,1166,COCc1cc2ccccc2c(-c2c(O)c(COC)cc3ccccc23)c1O,CC1(C)O[C@@H](C([O-])(c2cccc3ccccc23)c2cccc3ccccc23)[C@H](C([O-])(c2cccc3ccccc23)c2cccc3ccccc23)O1,0,0,14 27,6 29,-1227.517657,-2111.547452,-0.8751777549347626,49.562411122532616,-50.437588877467384
70,1167,COCc1cc2ccccc2c(-c2c(O)c(COC)cc3ccccc23)c1O,[O-]C(c1ccccc1)(c1ccccc1)[C@H]1OC2(CCCCC2)O[C@@H]1C([O-])(c1ccccc1)c1ccccc1,0,2,14 27,0 25,-1227.517657,-1614.153477,-0.4383898817228369,49.78080505913858,-50.21919494086142
70,1168,COCc1cc2ccccc2c(-c2c(O)c(COC)cc3ccccc23)c1O,CC1(C)O[C@@H](C[O-])[C@H](C[O-])O1,0,0,14 27,6 9,-1227.517657,-574.1407143,-5.258260322729467,47.370869838635265,-52.629130161364735
70,1169,COCc1cc2ccccc2c(-c2c(O)c(COC)cc3ccccc23)c1O,C1CCN2C[C@H]3C[C@H](CN4CCCC[C@@H]34)[C@H]2C1,0,0,14 27,9 3,-1227.517657,-695.9272943,0.2664040654687687,50.13320203273438,-49.86679796726562
70,1170,COCc1cc2ccccc2c(-c2c(O)c(COC)cc3ccccc23)c1O,NC(=O)[C@@H]1CC(F)(F)CN1,0,0,14 27,0 9,-1227.517657,-579.2434339,-6.491949113399474,46.754025443300264,-53.245974556699736
70,1171,COCc1cc2ccccc2c(-c2c(O)c(COC)cc3ccccc23)c1O,O=C(N[C@H]1CCCC[C@@H]1NC(=O)c1ccccn1)c1ccccn1,0,0,14 27,9 2 17 23,-1227.517657,-1066.417296,-1.658720216382335,49.17063989180883,-50.82936010819117
70,1172,COCc1cc2ccccc2c(-c2c(O)c(COC)cc3ccccc23)c1O,c1ccc(CN[C@@H]2CCCC[C@H]2NCc2ccccc2)cc1,0,0,14 27,12 5,-1227.517657,-886.3100667,6.86499097173421,53.43249548586711,-46.56750451413289
70,1173,COCc1cc2ccccc2c(-c2c(O)c(COC)cc3ccccc23)c1O,COc1ccc([C@H](N)[C@@H](N)c2ccc(OC)cc2)cc1,0,0,14 27,9 7,-1227.517657,-880.7644659,-1.688942207371511,49.155528896314244,-50.844471103685756
70,1174,COCc1cc2ccccc2c(-c2c(O)c(COC)cc3ccccc23)c1O,CN[C@H](c1ccccc1)[C@H](NC)c1ccccc1,0,0,14 27,1 10,-1227.517657,-730.4598814,2.054332917253217,51.02716645862661,-48.97283354137339
70,1175,COCc1cc2ccccc2c(-c2c(O)c(COC)cc3ccccc23)c1O,O=C(N[C@H]1CCCC[C@@H]1NC(=O)c1ccccc1P(c1ccccc1)c1ccccc1)c1ccccc1P(c1ccccc1)c1ccccc1,0,0,14 27,9 2,-1227.517657,-2641.38663,-1.7225779778169623,49.138711011091516,-50.861288988908484
70,1176,COCc1cc2ccccc2c(-c2c(O)c(COC)cc3ccccc23)c1O,O=C(N[C@@H](c1ccccc1)[C@@H](NC(=O)c1ccccc1P(c1ccccc1)c1ccccc1)c1ccccc1)c1ccccc1P(c1ccccc1)c1ccccc1,0,0,14 27,2 11,-1227.517657,-2947.2013,1.4743442230160833,50.737172111508045,-49.262827888491955
70,1177,COCc1cc2ccccc2c(-c2c(O)c(COC)cc3ccccc23)c1O,O=S(=O)(N[C@@H](c1ccccc1)[C@@H](NS(=O)(=O)C(F)(F)F)c1ccccc1)C(F)(F)F,0,0,14 27,3 12,-1227.517657,-2422.191334,2.0796088802615573,51.03980444013078,-48.96019555986922
70,1178,COCc1cc2ccccc2c(-c2c(O)c(COC)cc3ccccc23)c1O,[O-]c1ccccc1/C=N/[C@@H](c1ccccc1)[C@@H](/N=C/c1ccccc1[O-])c1ccccc1,0,0,14 27,8 17,-1227.517657,-1338.945921,-2.15901714346561,48.9204914282672,-51.0795085717328
71,1001,COc1ccc(-c2ccc3c(-c4c(O)ccc5cc(-c6ccccc6)ccc45)c(O)ccc3c2)cc1,CC(C)(C1=N[C@@H](C(C)(C)C)CO1)C1=N[C@@H](C(C)(C)C)CO1,0,3,13 29,4 13,-1496.266233,-924.7872077,-54.503525789308455,22.748237105345773,-77.25176289465423
71,1002,COc1ccc(-c2ccc3c(-c4c(O)ccc5cc(-c6ccccc6)ccc45)c(O)ccc3c2)cc1,CC(C)(C)[C@@H]1COC(C2(C3=N[C@H](C(C)(C)C)CO3)CCCCC2)=N1,0,0,13 29,10 23,-1496.266233,-1041.378417,43.88280503697751,71.94140251848876,-28.058597481511246
71,1003,COc1ccc(-c2ccc3c(-c4c(O)ccc5cc(-c6ccccc6)ccc45)c(O)ccc3c2)cc1,CC(C)(C)[C@H]1COC(C2(C3=N[C@@H](C(C)(C)C)CO3)CCCC2)=N1,0,2,13 29,10 22,-1496.266233,-1002.119896,-48.90690496758543,25.546547516207283,-74.45345248379272
71,1004,COc1ccc(-c2ccc3c(-c4c(O)ccc5cc(-c6ccccc6)ccc45)c(O)ccc3c2)cc1,CC(C)(C)[C@H]1COC(C2(C3=N[C@@H](C(C)(C)C)CO3)CCC2)=N1,0,0,13 29,10 21,-1496.266233,-962.8318746,-34.23998960412616,32.880005197936924,-67.11999480206308
71,1005,COc1ccc(-c2ccc3c(-c4c(O)ccc5cc(-c6ccccc6)ccc45)c(O)ccc3c2)cc1,CC(C)(C)[C@@H]1COC(C2(C3=N[C@H](C(C)(C)C)CO3)CC2)=N1,0,2,13 29,10 20,-1496.266233,-923.5694488,65.97522880863856,82.98761440431929,-17.01238559568072
71,1006,COc1ccc(-c2ccc3c(-c4c(O)ccc5cc(-c6ccccc6)ccc45)c(O)ccc3c2)cc1,CC(C)(C)[C@@H]1COC(CC2=N[C@H](C(C)(C)C)CO2)=N1,0,1,13 29,10 18,-1496.266233,-846.2631981,13.76113095747592,56.880565478737964,-43.119434521262036
71,1007,COc1ccc(-c2ccc3c(-c4c(O)ccc5cc(-c6ccccc6)ccc45)c(O)ccc3c2)cc1,CC(C)(C)[C@H]1COC(C(Cc2ccccc2)(Cc2ccccc2)C2=N[C@@H](C(C)(C)C)CO2)=N1,0,0,13 29,24 32,-1496.266233,-1386.443314,-11.46658528382023,44.26670735808989,-55.73329264191011
71,1008,COc1ccc(-c2ccc3c(-c4c(O)ccc5cc(-c6ccccc6)ccc45)c(O)ccc3c2)cc1,CC(C)(C)[C@H]1COC(C2=N[C@@H](C(C)(C)C)CO2)=N1,0,1,13 29,9 17,-1496.266233,-806.9917463,-7.474775982236984,46.262612008881504,-53.737387991118496
71,1009,COc1ccc(-c2ccc3c(-c4c(O)ccc5cc(-c6ccccc6)ccc45)c(O)ccc3c2)cc1,CC(C)(C)[C@H]1COC(c2ccccn2)=N1,0,0,13 29,13 14,-1496.266233,-650.9603345,-12.055787495133732,43.972106252433136,-56.027893747566864
71,1010,COc1ccc(-c2ccc3c(-c4c(O)ccc5cc(-c6ccccc6)ccc45)c(O)ccc3c2)cc1,CC(C)(C)[C@H]1COC(c2ccc3ccccc3n2)=N1,0,0,13 29,17 18,-1496.266233,-804.4663888,-7.440450723949729,46.27977463802514,-53.72022536197486
71,1011,COc1ccc(-c2ccc3c(-c4c(O)ccc5cc(-c6ccccc6)ccc45)c(O)ccc3c2)cc1,CC(C)(C)[C@H]1COC(c2cccc(C3=N[C@@H](C(C)(C)C)CO3)n2)=N1,0,0,13 29,23 14 22,-1496.266233,-1053.868619,-8.64829167363158,45.67585416318421,-54.32414583681579
71,1012,COc1ccc(-c2ccc3c(-c4c(O)ccc5cc(-c6ccccc6)ccc45)c(O)ccc3c2)cc1,CC(C)(C)[C@@H]1COC(c2ccc(C(F)(F)F)cn2)=N1,0,0,13 29,17 18,-1496.266233,-987.756862,13.781405995179679,56.89070299758984,-43.10929700241016
71,1013,COc1ccc(-c2ccc3c(-c4c(O)ccc5cc(-c6ccccc6)ccc45)c(O)ccc3c2)cc1,CC(C)(C1=N[C@@H](C(C)(C)C)CO1)c1ccccn1,0,0,13 29,17 4,-1496.266233,-768.7447589,-5.466293873997666,47.266853063001165,-52.733146936998835
71,1014,COc1ccc(-c2ccc3c(-c4c(O)ccc5cc(-c6ccccc6)ccc45)c(O)ccc3c2)cc1,CC(C)(C)[C@@H]1COC(c2nccc3ccccc23)=N1,0,1,13 29,9 18,-1496.266233,-804.4621747,26.51677418031996,63.25838709015998,-36.74161290984002
71,1015,COc1ccc(-c2ccc3c(-c4c(O)ccc5cc(-c6ccccc6)ccc45)c(O)ccc3c2)cc1,CC(C)(C)[C@H]1COC([C@@H]2CCCC[C@H]2C2=N[C@@H](C(C)(C)C)CO2)=N1,0,0,13 29,23 15,-1496.266233,-1041.38254,-2.160809930868347,48.91959503456582,-51.08040496543418
71,1016,COc1ccc(-c2ccc3c(-c4c(O)ccc5cc(-c6ccccc6)ccc45)c(O)ccc3c2)cc1,CC(C)(C)[C@@H]1COC(c2ccccc2Nc2ccccc2C2=N[C@H](C(C)(C)C)CO2)=N1,0,0,13 29,22 14 30,-1496.266233,-1323.988245,-3.4208479114504673,48.28957604427477,-51.71042395572523
71,1017,COc1ccc(-c2ccc3c(-c4c(O)ccc5cc(-c6ccccc6)ccc45)c(O)ccc3c2)cc1,CC(C)(C)[C@H]1COC(/C=c2\[n-]/c(=C\C3=N[C@@H](C(C)(C)C)CO3)c3ccccc23)=N1,0,0,13 29,10 28 14,-1496.266233,-1246.074571,0.6926430301476154,50.34632151507381,-49.65367848492619
71,1018,COc1ccc(-c2ccc3c(-c4c(O)ccc5cc(-c6ccccc6)ccc45)c(O)ccc3c2)cc1,CC(C)(C)[C@H]1COC(c2cccc(-c3cccc(C4=N[C@@H](C(C)(C)C)CO4)n3)n2)=N1,0,0,13 29,27 19 28 29,-1496.266233,-1300.750937,-1.745065832020742,49.12746708398963,-50.87253291601037
71,1019,COc1ccc(-c2ccc3c(-c4c(O)ccc5cc(-c6ccccc6)ccc45)c(O)ccc3c2)cc1,CC(C)(C)[C@@H]1COC(c2cccc(-c3ccccn3)n2)=N1,0,0,13 29,18 19 20,-1496.266233,-897.839473,7.3884559696891134,53.69422798484456,-46.30577201515544
71,1020,COc1ccc(-c2ccc3c(-c4c(O)ccc5cc(-c6ccccc6)ccc45)c(O)ccc3c2)cc1,CC(C)(C)[C@@H]1COC(c2cccc(-c3ccccn3)n2)=N1,0,0,13 29,18 19 20,-1496.266233,-897.8395764,6.3856893526790355,53.19284467633952,-46.80715532366048
71,1021,COc1ccc(-c2ccc3c(-c4c(O)ccc5cc(-c6ccccc6)ccc45)c(O)ccc3c2)cc1,Cc1ccc(N2C[C@H](C(C)(C)C)N=C2C2=N[C@@H](C(C)(C)C)CN2c2ccc(C)cc2)cc1,0,0,13 29,12 15,-1496.266233,-1307.470214,-6.917186512819208,46.54140674359039,-53.45859325640961
71,1022,COc1ccc(-c2ccc3c(-c4c(O)ccc5cc(-c6ccccc6)ccc45)c(O)ccc3c2)cc1,CC(C)[C@@H]1COC(C(C)(C)C2=N[C@H](C(C)C)CO2)=N1,0,2,13 29,18 11,-1496.266233,-846.264983,53.90804227099513,76.95402113549757,-23.045978864502434
71,1023,COc1ccc(-c2ccc3c(-c4c(O)ccc5cc(-c6ccccc6)ccc45)c(O)ccc3c2)cc1,CC(C)[C@H]1COC(C2(C3=N[C@@H](C(C)C)CO3)CCCCC2)=N1,0,2,13 29,9 21,-1496.266233,-962.8650477,-11.852919955354956,44.07354002232252,-55.92645997767748
71,1024,COc1ccc(-c2ccc3c(-c4c(O)ccc5cc(-c6ccccc6)ccc45)c(O)ccc3c2)cc1,CC(C)[C@H]1COC(C2(C3=N[C@@H](C(C)C)CO3)CCCC2)=N1,0,0,13 29,9 20,-1496.266233,-923.5979956,-17.473211109687767,41.263394445156116,-58.736605554843884
71,1025,COc1ccc(-c2ccc3c(-c4c(O)ccc5cc(-c6ccccc6)ccc45)c(O)ccc3c2)cc1,CC(C)[C@H]1COC(C2(C3=N[C@@H](C(C)C)CO3)CC2)=N1,0,0,13 29,9 18,-1496.266233,-845.0470679,-44.4317991015164,27.7841004492418,-72.2158995507582
71,1026,COc1ccc(-c2ccc3c(-c4c(O)ccc5cc(-c6ccccc6)ccc45)c(O)ccc3c2)cc1,CC(C)[C@@H]1COC(CC2=N[C@H](C(C)C)CO2)=N1,0,3,13 29,16 9,-1496.266233,-767.7407516,1.5089616115417712,50.75448080577088,-49.24551919422912
71,1027,COc1ccc(-c2ccc3c(-c4c(O)ccc5cc(-c6ccccc6)ccc45)c(O)ccc3c2)cc1,CC(C)[C@H]1COC(C(C)(Cc2ccccc2)C2=N[C@@H](C(C)C)CO2)=N1,0,0,13 29,24 17,-1496.266233,-1077.094636,-37.6706677094562,31.1646661452719,-68.8353338547281
71,1028,COc1ccc(-c2ccc3c(-c4c(O)ccc5cc(-c6ccccc6)ccc45)c(O)ccc3c2)cc1,CC(C)[C@@H]1COC(C(Cc2ccccc2)(Cc2ccccc2)C2=N[C@H](C(C)C)CO2)=N1,0,1,13 29,30 23,-1496.266233,-1307.925837,15.577352838163826,57.78867641908191,-42.21132358091809
71,1029,COc1ccc(-c2ccc3c(-c4c(O)ccc5cc(-c6ccccc6)ccc45)c(O)ccc3c2)cc1,CC(C)[C@H]1COC(C(Cc2ccc(C(C)(C)C)cc2)(Cc2ccc(C(C)(C)C)cc2)C2=N[C@@H](C(C)C)CO2)=N1,0,0,13 29,38 31,-1496.266233,-1622.00837,-13.130310858862664,43.43484457056867,-56.56515542943133
71,1030,COc1ccc(-c2ccc3c(-c4c(O)ccc5cc(-c6ccccc6)ccc45)c(O)ccc3c2)cc1,CC(C)[C@@H]1COC(C2=N[C@H](C(C)C)CO2)=N1,0,0,13 29,8 15,-1496.266233,-728.4699348,30.54952859884343,65.27476429942172,-34.72523570057828
71,1031,COc1ccc(-c2ccc3c(-c4c(O)ccc5cc(-c6ccccc6)ccc45)c(O)ccc3c2)cc1,CC(C)[C@H]1COC(c2ccccn2)=N1,0,0,13 29,12 13,-1496.266233,-611.69952,-13.468580970725247,43.26570951463738,-56.73429048536262
71,1032,COc1ccc(-c2ccc3c(-c4c(O)ccc5cc(-c6ccccc6)ccc45)c(O)ccc3c2)cc1,CC(C)[C@@H]1COC(c2ccc3ccccc3n2)=N1,0,0,13 29,16 17,-1496.266233,-765.2054016,18.677750676694195,59.338875338347094,-40.661124661652906
71,1033,COc1ccc(-c2ccc3c(-c4c(O)ccc5cc(-c6ccccc6)ccc45)c(O)ccc3c2)cc1,CC(C)[C@@H]1COC(c2cccc(C3=N[C@H](C(C)C)CO3)n2)=N1,0,0,13 29,21 20 13,-1496.266233,-975.3489125,25.628774774112568,62.814387387056286,-37.185612612943714
71,1034,COc1ccc(-c2ccc3c(-c4c(O)ccc5cc(-c6ccccc6)ccc45)c(O)ccc3c2)cc1,CC(C)[C@H]1COC(c2ccc(C(F)(F)F)cn2)=N1,0,0,13 29,16 17,-1496.266233,-948.4960275,-8.330115874124548,45.83494206293773,-54.16505793706227
71,1035,COc1ccc(-c2ccc3c(-c4c(O)ccc5cc(-c6ccccc6)ccc45)c(O)ccc3c2)cc1,CC(C)[C@@H]1COC(Cc2ccccn2)=N1,0,0,13 29,13 14,-1496.266233,-650.9622206,11.687948597461453,55.84397429873073,-44.15602570126927
71,1036,COc1ccc(-c2ccc3c(-c4c(O)ccc5cc(-c6ccccc6)ccc45)c(O)ccc3c2)cc1,CC(C)[C@@H]1COC(c2nccc3ccccc23)=N1,0,0,13 29,8 17,-1496.266233,-765.2009547,24.122045611822504,62.06102280591125,-37.93897719408875
71,1037,COc1ccc(-c2ccc3c(-c4c(O)ccc5cc(-c6ccccc6)ccc45)c(O)ccc3c2)cc1,CC(C)[C@@H]1COC(c2ccc3cccnc3n2)=N1,0,0,13 29,16 17,-1496.266233,-781.2378695,6.323934757310003,53.161967378655,-46.838032621345
71,1038,COc1ccc(-c2ccc3c(-c4c(O)ccc5cc(-c6ccccc6)ccc45)c(O)ccc3c2)cc1,CC(C)C[C@H]1COC(c2ccccc2P(c2ccccc2)c2ccccc2C2=N[C@@H](CC(C)C)CO2)=N1,0,0,13 29,28 14 36,-1496.266233,-1841.351686,1.689306223806419,50.84465311190321,-49.15534688809679
71,1039,COc1ccc(-c2ccc3c(-c4c(O)ccc5cc(-c6ccccc6)ccc45)c(O)ccc3c2)cc1,CC(C)[C@H]1COC(c2cccc3c2oc2c(C4=N[C@@H](C(C)C)CO4)cccc23)=N1,0,0,13 29,17 28 13,-1496.266233,-1264.139226,-8.464701638313226,45.767649180843385,-54.232350819156615
71,1040,COc1ccc(-c2ccc3c(-c4c(O)ccc5cc(-c6ccccc6)ccc45)c(O)ccc3c2)cc1,CC(C)[C@H]1COC(c2cccc(C3=N[C@@H](C(C)C)CO3)c2)=N1,0,1,13 29,21 13,-1496.266233,-959.3224258,-5.949518930103712,47.025240534948146,-52.974759465051854
71,1041,COc1ccc(-c2ccc3c(-c4c(O)ccc5cc(-c6ccccc6)ccc45)c(O)ccc3c2)cc1,CC(C)c1cccc(N2C[C@H](C(C)C)N=C2C2=N[C@@H](C(C)C)CN2c2cccc(C(C)C)c2)c1,0,0,13 29,14 17,-1496.266233,-1385.989932,-7.509278326989416,46.24536083650529,-53.75463916349471
71,1042,COc1ccc(-c2ccc3c(-c4c(O)ccc5cc(-c6ccccc6)ccc45)c(O)ccc3c2)cc1,CC(C)[C@H]1CN(c2ccc(C(F)(F)F)cc2)C(C2=N[C@@H](C(C)C)CN2c2ccc(C(F)(F)F)cc2)=N1,0,0,13 29,18 35,-1496.266233,-1824.017689,-0.4392164509053593,49.78039177454732,-50.21960822545268
71,1043,COc1ccc(-c2ccc3c(-c4c(O)ccc5cc(-c6ccccc6)ccc45)c(O)ccc3c2)cc1,Cc1ccc(N2C[C@H](C(C)C)N=C2C2=N[C@@H](C(C)C)CN2c2ccc(C)cc2)cc1,0,0,13 29,11 14,-1496.266233,-1228.948101,1.2680937244694963,50.63404686223475,-49.36595313776525
71,1044,COc1ccc(-c2ccc3c(-c4c(O)ccc5cc(-c6ccccc6)ccc45)c(O)ccc3c2)cc1,CC(C)[C@H]1COC(/C(C#N)=C2\[N-][C@@H](C(C)C)CO2)=N1,0,6,13 29,11 18,-1496.266233,-859.3852808,-5.377368232735296,47.31131588363235,-52.68868411636765
71,1045,COc1ccc(-c2ccc3c(-c4c(O)ccc5cc(-c6ccccc6)ccc45)c(O)ccc3c2)cc1,CC(C)[C@H]1N=C(c2cccc(C3=N[C@H](C(C)C)C(c4ccccc4)(c4ccccc4)O3)n2)OC1(c1ccccc1)c1ccccc1,0,0,13 29,4 12 31,-1496.266233,-1898.675751,7.825665238243609,53.9128326191218,-46.0871673808782
71,1046,COc1ccc(-c2ccc3c(-c4c(O)ccc5cc(-c6ccccc6)ccc45)c(O)ccc3c2)cc1,CC(C)(C1=N[C@H](c2ccccc2)CO1)C1=N[C@H](c2ccccc2)CO1,0,4,13 29,4 15,-1496.266233,-1072.360523,38.201587407480496,69.10079370374025,-30.899206296259752
71,1047,COc1ccc(-c2ccc3c(-c4c(O)ccc5cc(-c6ccccc6)ccc45)c(O)ccc3c2)cc1,c1ccc([C@@H]2COC(C3(C4=N[C@H](c5ccccc5)CO4)CCCCC3)=N2)cc1,0,1,13 29,25 10,-1496.266233,-1188.961784,33.325352391196255,66.66267619559812,-33.337323804401876
71,1048,COc1ccc(-c2ccc3c(-c4c(O)ccc5cc(-c6ccccc6)ccc45)c(O)ccc3c2)cc1,c1ccc([C@H]2COC(C3(C4=N[C@@H](c5ccccc5)CO4)CCCC3)=N2)cc1,0,1,13 29,24 10,-1496.266233,-1149.693678,-32.133756154287845,33.933121922856074,-66.06687807714393
71,1049,COc1ccc(-c2ccc3c(-c4c(O)ccc5cc(-c6ccccc6)ccc45)c(O)ccc3c2)cc1,c1ccc([C@@H]2COC(C3(C4=N[C@H](c5ccccc5)CO4)CCC3)=N2)cc1,0,0,13 29,10 23,-1496.266233,-1110.405334,28.395872963738725,64.19793648186936,-35.80206351813064
71,1050,COc1ccc(-c2ccc3c(-c4c(O)ccc5cc(-c6ccccc6)ccc45)c(O)ccc3c2)cc1,c1ccc([C@@H]2COC(C3(C4=N[C@H](c5ccccc5)CO4)CC3)=N2)cc1,0,0,13 29,10 22,-1496.266233,-1071.142417,36.043785507415215,68.0218927537076,-31.978107246292392
71,1051,COc1ccc(-c2ccc3c(-c4c(O)ccc5cc(-c6ccccc6)ccc45)c(O)ccc3c2)cc1,c1ccc(CC(Cc2ccccc2)(C2=N[C@@H](c3ccccc3)CO2)C2=N[C@@H](c3ccccc3)CO2)cc1,0,2,13 29,25 14,-1496.266233,-1534.023098,-11.319054380031531,44.340472809984234,-55.659527190015766
71,1052,COc1ccc(-c2ccc3c(-c4c(O)ccc5cc(-c6ccccc6)ccc45)c(O)ccc3c2)cc1,CC(Cc1ccccc1)(C1=N[C@@H](c2ccccc2)CO1)C1=N[C@@H](c2ccccc2)CO1,0,0,13 29,10 21,-1496.266233,-1303.193117,-19.19245561423427,40.40377219288287,-59.59622780711713
71,1053,COc1ccc(-c2ccc3c(-c4c(O)ccc5cc(-c6ccccc6)ccc45)c(O)ccc3c2)cc1,CC(C)(C)c1ccc(CC(Cc2ccc(C(C)(C)C)cc2)(C2=N[C@@H](c3ccccc3)CO2)C2=N[C@@H](c3ccccc3)CO2)cc1,0,0,13 29,33 22,-1496.266233,-1848.107801,-9.991905949348226,45.00404702532589,-54.99595297467411
71,1054,COc1ccc(-c2ccc3c(-c4c(O)ccc5cc(-c6ccccc6)ccc45)c(O)ccc3c2)cc1,c1ccc([C@H]2COC(C3=N[C@@H](c4ccccc4)CO3)=N2)cc1,0,0,13 29,9 19,-1496.266233,-954.5647571,-5.10388947530489,47.44805526234755,-52.55194473765245
71,1055,COc1ccc(-c2ccc3c(-c4c(O)ccc5cc(-c6ccccc6)ccc45)c(O)ccc3c2)cc1,c1ccc([C@@H]2COC(c3ccccn3)=N2)cc1,0,0,13 29,13 14,-1496.266233,-724.746776,9.950976818396313,54.97548840919816,-45.02451159080184
71,1056,COc1ccc(-c2ccc3c(-c4c(O)ccc5cc(-c6ccccc6)ccc45)c(O)ccc3c2)cc1,c1ccc([C@H]2COC(c3ccc4ccccc4n3)=N2)cc1,0,0,13 29,17 18,-1496.266233,-878.2528728,-9.661671415309666,45.169164292345165,-54.830835707654835
71,1057,COc1ccc(-c2ccc3c(-c4c(O)ccc5cc(-c6ccccc6)ccc45)c(O)ccc3c2)cc1,c1ccc([C@H]2COC(c3cccc(C4=N[C@@H](c5ccccc5)CO4)n3)=N2)cc1,0,0,13 29,24 25 14,-1496.266233,-1201.443303,-8.70596905748783,45.64701547125608,-54.35298452874392
71,1058,COc1ccc(-c2ccc3c(-c4c(O)ccc5cc(-c6ccccc6)ccc45)c(O)ccc3c2)cc1,c1ccc([C@H]2COC(CC3=N[C@@H](c4ccccc4)CO3)=N2)cc1,0,0,13 29,10 20,-1496.266233,-993.8362822,-7.6513892685138085,46.174305365743095,-53.825694634256905
71,1059,COc1ccc(-c2ccc3c(-c4c(O)ccc5cc(-c6ccccc6)ccc45)c(O)ccc3c2)cc1,c1ccc([C@H]2COC(c3nccc4ccccc34)=N2)cc1,0,0,13 29,9 18,-1496.266233,-878.2485743,-9.85000334233634,45.07499832883183,-54.92500167116817
71,1060,COc1ccc(-c2ccc3c(-c4c(O)ccc5cc(-c6ccccc6)ccc45)c(O)ccc3c2)cc1,CC(C)(C1=N[C@@H](c2ccccc2)C(c2ccccc2)(c2ccccc2)O1)C1=N[C@@H](c2ccccc2)C(c2ccccc2)(c2ccccc2)O1,0,1,13 29,27 4,-1496.266233,-1995.694324,-23.4326638269604,38.283668086519796,-61.716331913480204
71,1061,COc1ccc(-c2ccc3c(-c4c(O)ccc5cc(-c6ccccc6)ccc45)c(O)ccc3c2)cc1,C(\C1=N[C@H](c2ccccc2)CO1)=c1\[n-]/c(=C\C2=N[C@H](c3ccccc3)CO2)c2ccccc12,0,0,13 29,17 2 13,-1496.266233,-1393.650658,-0.5334010168339542,49.733299491583026,-50.266700508416974
71,1062,COc1ccc(-c2ccc3c(-c4c(O)ccc5cc(-c6ccccc6)ccc45)c(O)ccc3c2)cc1,c1ccc([C@H]2COC(c3ccccc3Nc3ccccc3C3=N[C@@H](c4ccccc4)CO3)=N2)cc1,0,0,13 29,32 14 22,-1496.266233,-1471.560923,-10.375152316561968,44.81242384171902,-55.18757615828098
71,1063,COc1ccc(-c2ccc3c(-c4c(O)ccc5cc(-c6ccccc6)ccc45)c(O)ccc3c2)cc1,N#C/C(C1=N[C@@H](c2ccccc2)CO1)=C1/[N-][C@@H](c2ccccc2)CO1,0,2,13 29,4 15,-1496.266233,-1085.486043,-7.0179327423717695,46.491033628814115,-53.508966371185885
71,1064,COc1ccc(-c2ccc3c(-c4c(O)ccc5cc(-c6ccccc6)ccc45)c(O)ccc3c2)cc1,c1ccc([C@H]2COC(c3cccc(C4=N[C@@H](c5ccccc5)CO4)c3)=N2)cc1,0,2,13 29,25 14,-1496.266233,-1185.417111,-12.357115423448652,43.821442288275676,-56.178557711724324
71,1065,COc1ccc(-c2ccc3c(-c4c(O)ccc5cc(-c6ccccc6)ccc45)c(O)ccc3c2)cc1,c1ccc([C@H]2COC(c3cccc4c3oc3c(C5=N[C@@H](c6ccccc6)CO5)cccc34)=N2)cc1,0,1,13 29,32 18 14,-1496.266233,-1490.233608,-7.1199722916107175,46.44001385419464,-53.55998614580536
71,1066,COc1ccc(-c2ccc3c(-c4c(O)ccc5cc(-c6ccccc6)ccc45)c(O)ccc3c2)cc1,C(\C1=N[C@H](c2ccccc2)CO1)=c1\o/c(=C\C2=N[C@H](c3ccccc3)CO2)c2ccccc12,0,0,13 29,17 2 13,-1496.266233,-1414.040486,-0.030282239740945016,49.98485888012953,-50.01514111987047
71,1067,COc1ccc(-c2ccc3c(-c4c(O)ccc5cc(-c6ccccc6)ccc45)c(O)ccc3c2)cc1,CC(C)(C1=N[C@@H]2c3ccccc3C[C@@H]2O1)C1=N[C@@H]2c3ccccc3C[C@@H]2O1,0,0,13 29,16 4,-1496.266233,-1148.533419,59.48708102085648,79.74354051042823,-20.25645948957176
71,1068,COc1ccc(-c2ccc3c(-c4c(O)ccc5cc(-c6ccccc6)ccc45)c(O)ccc3c2)cc1,c1ccc2c(c1)C[C@H]1OC(C3(C4=N[C@H]5c6ccccc6C[C@H]5O4)CCCCC3)=N[C@@H]21,0,0,13 29,12 28,-1496.266233,-1265.120113,-64.89641248925538,17.55179375537231,-82.4482062446277
71,1069,COc1ccc(-c2ccc3c(-c4c(O)ccc5cc(-c6ccccc6)ccc45)c(O)ccc3c2)cc1,c1ccc2c(c1)C[C@@H]1OC(C3(C4=N[C@@H]5c6ccccc6C[C@@H]5O4)CCCC3)=N[C@H]21,0,0,13 29,27 12,-1496.266233,-1225.865898,54.94924066121626,77.47462033060813,-22.52537966939187
71,1070,COc1ccc(-c2ccc3c(-c4c(O)ccc5cc(-c6ccccc6)ccc45)c(O)ccc3c2)cc1,c1ccc2c(c1)C[C@@H]1OC(C3(C4=N[C@@H]5c6ccccc6C[C@@H]5O4)CCC3)=N[C@H]21,0,3,13 29,26 12,-1496.266233,-1186.577848,44.112919338464735,72.05645966923237,-27.943540330767632
71,1071,COc1ccc(-c2ccc3c(-c4c(O)ccc5cc(-c6ccccc6)ccc45)c(O)ccc3c2)cc1,c1ccc2c(c1)C[C@H]1OC(C3(C4=N[C@H]5c6ccccc6C[C@H]5O4)CC3)=N[C@@H]21,0,0,13 29,25 12,-1496.266233,-1147.313977,-67.13691839745113,16.431540801274437,-83.56845919872556
71,1072,COc1ccc(-c2ccc3c(-c4c(O)ccc5cc(-c6ccccc6)ccc45)c(O)ccc3c2)cc1,CCC(CC)(C1=N[C@H]2c3ccccc3C[C@H]2O1)C1=N[C@H]2c3ccccc3C[C@H]2O1,0,0,13 29,18 6,-1496.266233,-1227.050677,-72.99480034464806,13.502599827675972,-86.49740017232403
71,1073,COc1ccc(-c2ccc3c(-c4c(O)ccc5cc(-c6ccccc6)ccc45)c(O)ccc3c2)cc1,c1ccc(CC(Cc2ccccc2)(C2=N[C@@H]3c4ccccc4C[C@@H]3O2)C2=N[C@@H]3c4ccccc4C[C@@H]3O2)cc1,0,0,13 29,26 14,-1496.266233,-1610.184387,5.158509448476288,52.57925472423814,-47.42074527576186
71,1074,COc1ccc(-c2ccc3c(-c4c(O)ccc5cc(-c6ccccc6)ccc45)c(O)ccc3c2)cc1,CC(Cc1ccccc1)(C1=N[C@H]2c3ccccc3C[C@H]2O1)C1=N[C@H]2c3ccccc3C[C@H]2O1,0,0,13 29,10 22,-1496.266233,-1379.360112,-3.4791262560279623,48.260436871986016,-51.739563128013984
71,1075,COc1ccc(-c2ccc3c(-c4c(O)ccc5cc(-c6ccccc6)ccc45)c(O)ccc3c2)cc1,CC(C)(C)c1ccc(CC(Cc2ccc(C(C)(C)C)cc2)(C2=N[C@@H]3c4ccccc4C[C@@H]3O2)C2=N[C@@H]3c4ccccc4C[C@@H]3O2)cc1,0,0,13 29,34 22,-1496.266233,-1924.267304,30.229134056001982,65.11456702800099,-34.88543297199901
71,1076,COc1ccc(-c2ccc3c(-c4c(O)ccc5cc(-c6ccccc6)ccc45)c(O)ccc3c2)cc1,CC(C)(C)c1cc(CC(Cc2cc(C(C)(C)C)cc(C(C)(C)C)c2)(C2=N[C@H]3c4ccccc4C[C@H]3O2)C2=N[C@H]3c4ccccc4C[C@H]3O2)cc(C(C)(C)C)c1,0,1,13 29,25 37,-1496.266233,-2238.36189,-18.211143837142803,40.8944280814286,-59.1055719185714
71,1077,COc1ccc(-c2ccc3c(-c4c(O)ccc5cc(-c6ccccc6)ccc45)c(O)ccc3c2)cc1,c1ccc2c(c1)CC(C1=N[C@@H]3c4ccccc4C[C@@H]3O1)(C1=N[C@@H]3c4ccccc4C[C@@H]3O1)C2,0,0,13 29,9 21,-1496.266233,-1378.182059,50.486562419503066,75.24328120975153,-24.756718790248467
71,1078,COc1ccc(-c2ccc3c(-c4c(O)ccc5cc(-c6ccccc6)ccc45)c(O)ccc3c2)cc1,c1ccc2c(c1)C[C@H]1OC(CC3=N[C@H]4c5ccccc5C[C@H]4O3)=N[C@@H]21,0,0,13 29,12 23,-1496.266233,-1070.004928,-4.503805903202446,47.748097048398776,-52.251902951601224
71,1079,COc1ccc(-c2ccc3c(-c4c(O)ccc5cc(-c6ccccc6)ccc45)c(O)ccc3c2)cc1,c1ccc(C2=N[C@H]3c4ccccc4C[C@H]3O2)nc1,0,0,13 29,16 5,-1496.266233,-762.8325198,-10.775427795454359,44.61228610227282,-55.38771389772718
71,1080,COc1ccc(-c2ccc3c(-c4c(O)ccc5cc(-c6ccccc6)ccc45)c(O)ccc3c2)cc1,c1ccc2c(c1)C[C@H]1OC(c3ccc4ccccc4n3)=N[C@@H]21,0,0,13 29,19 20,-1496.266233,-916.3386498,-6.372284707120363,46.81385764643982,-53.18614235356018
71,1081,COc1ccc(-c2ccc3c(-c4c(O)ccc5cc(-c6ccccc6)ccc45)c(O)ccc3c2)cc1,c1ccc2c(c1)C[C@@H]1OC(c3nccc4ccccc34)=N[C@H]21,0,0,13 29,11 20,-1496.266233,-916.3345383,16.94363392730199,58.471816963650994,-41.528183036349006
71,1082,COc1ccc(-c2ccc3c(-c4c(O)ccc5cc(-c6ccccc6)ccc45)c(O)ccc3c2)cc1,FC(F)(F)c1ccc(C2=N[C@@H]3c4ccccc4C[C@@H]3O2)nc1,0,0,13 29,9 20,-1496.266233,-1099.626649,6.990022061363451,53.495011030681724,-46.504988969318276
71,1083,COc1ccc(-c2ccc3c(-c4c(O)ccc5cc(-c6ccccc6)ccc45)c(O)ccc3c2)cc1,c1cc(C2=N[C@H]3c4ccccc4C[C@H]3O2)nc(C2=N[C@H]3c4ccccc4C[C@H]3O2)c1,0,0,13 29,18 4 15,-1496.266233,-1277.615075,-10.342077399444342,44.828961300277825,-55.171038699722175
71,1084,COc1ccc(-c2ccc3c(-c4c(O)ccc5cc(-c6ccccc6)ccc45)c(O)ccc3c2)cc1,c1ccc2c(c1)C[C@H]1OC(C3=N[C@H]4c5ccccc5C[C@H]4O3)=N[C@@H]21,0,0,13 29,11 22,-1496.266233,-1030.735569,-24.76351996451833,37.61824001774083,-62.38175998225917
71,1085,COc1ccc(-c2ccc3c(-c4c(O)ccc5cc(-c6ccccc6)ccc45)c(O)ccc3c2)cc1,c1ccc(-c2cccc(C3=N[C@H]4c5ccccc5C[C@H]4O3)n2)nc1,0,0,13 29,10 21 22,-1496.266233,-1009.709879,-9.837440654122062,45.08127967293897,-54.91872032706103
71,1086,COc1ccc(-c2ccc3c(-c4c(O)ccc5cc(-c6ccccc6)ccc45)c(O)ccc3c2)cc1,c1ccc(-c2cccc(C3=N[C@@H]4c5ccccc5C[C@@H]4O3)n2)cc1,0,0,13 29,10 21,-1496.266233,-993.6729656,0.12080700732620908,50.0604035036631,-49.9395964963369
71,1087,COc1ccc(-c2ccc3c(-c4c(O)ccc5cc(-c6ccccc6)ccc45)c(O)ccc3c2)cc1,O=C(Nc1ccccc1C1=N[C@@H]2c3ccccc3C[C@@H]2O1)c1ccccc1P(c1ccccc1)c1ccccc1,0,0,13 29,2 10,-1496.266233,-1949.73391,-4.304386557923814,47.84780672103809,-52.15219327896191
71,1088,COc1ccc(-c2ccc3c(-c4c(O)ccc5cc(-c6ccccc6)ccc45)c(O)ccc3c2)cc1,O=C(Nc1cccc(C(F)(F)F)c1C1=N[C@@H]2c3ccccc3C[C@@H]2O1)c1ccccc1P(c1ccccc1)c1ccccc1,0,1,13 29,2 14,-1496.266233,-2286.515962,3.2904941226719533,51.64524706133598,-48.35475293866402
71,1089,COc1ccc(-c2ccc3c(-c4c(O)ccc5cc(-c6ccccc6)ccc45)c(O)ccc3c2)cc1,CC(CC1=N[C@H]2c3ccccc3C[C@@H]2O1)(C1=N[C@H]2c3ccccc3C[C@H]2O1)C1=N[C@H]2c3ccccc3C[C@H]2O1,0,0,13 29,16 28,-1496.266233,-1663.278129,-3.067405991802315,48.46629700409884,-51.53370299590116
71,1090,COc1ccc(-c2ccc3c(-c4c(O)ccc5cc(-c6ccccc6)ccc45)c(O)ccc3c2)cc1,CC(C)(C1=N[C@H](Cc2ccccc2)CO1)C1=N[C@H](Cc2ccccc2)CO1,0,0,13 29,16 4,-1496.266233,-1150.888196,29.862678507301382,64.93133925365069,-35.06866074634931
71,1091,COc1ccc(-c2ccc3c(-c4c(O)ccc5cc(-c6ccccc6)ccc45)c(O)ccc3c2)cc1,c1ccc(C[C@H]2COC(C3(C4=N[C@@H](Cc5ccccc5)CO4)CCCCC3)=N2)cc1,0,0,13 29,27 11,-1496.266233,-1267.472166,-19.902229724439643,40.048885137780175,-59.951114862219825
71,1092,COc1ccc(-c2ccc3c(-c4c(O)ccc5cc(-c6ccccc6)ccc45)c(O)ccc3c2)cc1,c1ccc(C[C@H]2COC(C3(C4=N[C@@H](Cc5ccccc5)CO4)CCCC3)=N2)cc1,0,1,13 29,26 11,-1496.266233,-1228.21857,-30.808487420299517,34.59575628985024,-65.40424371014976
71,1093,COc1ccc(-c2ccc3c(-c4c(O)ccc5cc(-c6ccccc6)ccc45)c(O)ccc3c2)cc1,c1ccc(C[C@H]2COC(C3(C4=N[C@@H](Cc5ccccc5)CO4)CCC3)=N2)cc1,0,0,13 29,25 11,-1496.266233,-1188.932527,-11.785450235337054,44.107274882331474,-55.892725117668526
71,1094,COc1ccc(-c2ccc3c(-c4c(O)ccc5cc(-c6ccccc6)ccc45)c(O)ccc3c2)cc1,c1ccc(C[C@H]2COC(C3(C4=N[C@@H](Cc5ccccc5)CO4)CC3)=N2)cc1,0,0,13 29,24 11,-1496.266233,-1149.663336,-24.91525243807696,37.54237378096152,-62.45762621903848
71,1095,COc1ccc(-c2ccc3c(-c4c(O)ccc5cc(-c6ccccc6)ccc45)c(O)ccc3c2)cc1,CC(Cc1ccccc1)(C1=N[C@H](Cc2ccccc2)CO1)C1=N[C@H](Cc2ccccc2)CO1,0,0,13 29,10 22,-1496.266233,-1381.707279,17.961694222772955,58.98084711138648,-41.01915288861352
71,1096,COc1ccc(-c2ccc3c(-c4c(O)ccc5cc(-c6ccccc6)ccc45)c(O)ccc3c2)cc1,c1ccc(C[C@H]2COC(C(Cc3ccccc3)(Cc3ccccc3)C3=N[C@@H](Cc4ccccc4)CO3)=N2)cc1,0,0,13 29,25 36,-1496.266233,-1612.547877,-5.324305862415814,47.337847068792094,-52.662152931207906
71,1097,COc1ccc(-c2ccc3c(-c4c(O)ccc5cc(-c6ccccc6)ccc45)c(O)ccc3c2)cc1,CC(C)(C)c1ccc(CC(Cc2ccc(C(C)(C)C)cc2)(C2=N[C@H](Cc3ccccc3)CO2)C2=N[C@H](Cc3ccccc3)CO2)cc1,0,0,13 29,34 22,-1496.266233,-1926.618731,10.794072971782636,55.39703648589132,-44.60296351410868
71,1098,COc1ccc(-c2ccc3c(-c4c(O)ccc5cc(-c6ccccc6)ccc45)c(O)ccc3c2)cc1,c1ccc(C[C@@H]2COC(CC3=N[C@H](Cc4ccccc4)CO3)=N2)cc1,0,0,13 29,11 22,-1496.266233,-1072.356973,14.901972997788587,57.450986498894295,-42.549013501105705
71,1099,COc1ccc(-c2ccc3c(-c4c(O)ccc5cc(-c6ccccc6)ccc45)c(O)ccc3c2)cc1,c1ccc(C[C@H]2COC(c3ccccn3)=N2)cc1,0,0,13 29,14 15,-1496.266233,-764.0089485,-9.924943548607544,45.03752822569623,-54.96247177430377
71,1100,COc1ccc(-c2ccc3c(-c4c(O)ccc5cc(-c6ccccc6)ccc45)c(O)ccc3c2)cc1,c1ccc(C[C@H]2COC(c3ccc4ccccc4n3)=N2)cc1,0,0,13 29,18 19,-1496.266233,-917.5151879,-3.5860165300814413,48.20699173495928,-51.79300826504072
71,1101,COc1ccc(-c2ccc3c(-c4c(O)ccc5cc(-c6ccccc6)ccc45)c(O)ccc3c2)cc1,FC(F)(F)c1ccc(C2=N[C@@H](Cc3ccccc3)CO2)nc1,0,0,13 29,9 20,-1496.266233,-1100.805579,-18.6606520360267,40.66967398198665,-59.33032601801335
71,1102,COc1ccc(-c2ccc3c(-c4c(O)ccc5cc(-c6ccccc6)ccc45)c(O)ccc3c2)cc1,Fc1ccc(C2=N[C@@H](Cc3ccccc3)CO2)nc1,0,0,13 29,17 6,-1496.266233,-863.1783062,-9.058774653210097,45.47061267339495,-54.52938732660505
71,1103,COc1ccc(-c2ccc3c(-c4c(O)ccc5cc(-c6ccccc6)ccc45)c(O)ccc3c2)cc1,CC(C)(C1=N[C@@H](Cc2ccccc2)CO1)c1ccccn1,0,0,13 29,4 20,-1496.266233,-881.7938527,-9.295391801825296,45.35230409908735,-54.64769590091265
71,1104,COc1ccc(-c2ccc3c(-c4c(O)ccc5cc(-c6ccccc6)ccc45)c(O)ccc3c2)cc1,FC(F)(F)c1ccnc(C2=N[C@@H](Cc3ccccc3)CO2)c1,0,0,13 29,10 7,-1496.266233,-1100.805638,-12.741647064322333,43.62917646783883,-56.37082353216117
71,1105,COc1ccc(-c2ccc3c(-c4c(O)ccc5cc(-c6ccccc6)ccc45)c(O)ccc3c2)cc1,c1ccc(C[C@@H]2COC(C3=N[C@H](Cc4ccccc4)CO3)=N2)cc1,0,0,13 29,10 21,-1496.266233,-1033.091065,10.968040286505516,55.484020143252756,-44.515979856747244
71,1106,COc1ccc(-c2ccc3c(-c4c(O)ccc5cc(-c6ccccc6)ccc45)c(O)ccc3c2)cc1,c1ccc(C[C@@H]2COC(c3cccc(C4=N[C@H](Cc5ccccc5)CO4)n3)=N2)cc1,0,0,13 29,26 27 15,-1496.266233,-1279.968702,9.459792938981609,54.729896469490804,-45.270103530509196
71,1107,COc1ccc(-c2ccc3c(-c4c(O)ccc5cc(-c6ccccc6)ccc45)c(O)ccc3c2)cc1,c1ccc(C[C@@H]2COC(c3cccc(C4=N[C@H](Cc5ccccc5)CO4)c3)=N2)cc1,0,0,13 29,27 15,-1496.266233,-1263.941857,4.4715944982219895,52.235797249110995,-47.764202750889005
71,1108,COc1ccc(-c2ccc3c(-c4c(O)ccc5cc(-c6ccccc6)ccc45)c(O)ccc3c2)cc1,c1ccc(C[C@H]2COC(C(Cc3ccc4ccccc4n3)(Cc3ccc4ccccc4n3)C3=N[C@@H](Cc4ccccc4)CO3)=N2)cc1,0,0,13 29,33 44,-1496.266233,-1951.637558,-6.801481943278386,46.599259028360805,-53.400740971639195
71,1109,COc1ccc(-c2ccc3c(-c4c(O)ccc5cc(-c6ccccc6)ccc45)c(O)ccc3c2)cc1,c1ccc(C[C@@H]2COC(c3cccc4c3oc3c(C5=N[C@H](Cc6ccccc6)CO5)cccc34)=N2)cc1,0,0,13 29,34 19 15,-1496.266233,-1568.762289,6.63878718332356,53.31939359166178,-46.68060640833822
71,1110,COc1ccc(-c2ccc3c(-c4c(O)ccc5cc(-c6ccccc6)ccc45)c(O)ccc3c2)cc1,c1ccc(C[C@@H]2COC(c3cccc(-c4cccc(C5=N[C@H](Cc6ccccc6)CO5)n4)n3)=N2)cc1,0,0,13 29,32 33 20 31,-1496.266233,-1526.847484,2.3743732714328027,51.1871866357164,-48.8128133642836
71,1111,COc1ccc(-c2ccc3c(-c4c(O)ccc5cc(-c6ccccc6)ccc45)c(O)ccc3c2)cc1,N#C/C(C1=N[C@@H](Cc2ccccc2)CO1)=C1/[N-][C@@H](Cc2ccccc2)CO1,0,0,13 29,4 16,-1496.266233,-1164.01035,-9.470651011179628,45.26467449441019,-54.73532550558981
71,1112,COc1ccc(-c2ccc3c(-c4c(O)ccc5cc(-c6ccccc6)ccc45)c(O)ccc3c2)cc1,CC(C)(C1=N[C@H](c2ccccc2)[C@H](c2ccccc2)O1)C1=N[C@H](c2ccccc2)[C@H](c2ccccc2)O1,0,0,13 29,4 21,-1496.266233,-1534.032214,19.454341850703585,59.72717092535179,-40.27282907464821
71,1113,COc1ccc(-c2ccc3c(-c4c(O)ccc5cc(-c6ccccc6)ccc45)c(O)ccc3c2)cc1,c1ccc([C@H]2OC(C3(C4=N[C@@H](c5ccccc5)[C@@H](c5ccccc5)O4)CCCCC3)=N[C@H]2c2ccccc2)cc1,0,3,13 29,9 30,-1496.266233,-1650.634597,-9.789727285217037,45.10513635739148,-54.89486364260852
71,1114,COc1ccc(-c2ccc3c(-c4c(O)ccc5cc(-c6ccccc6)ccc45)c(O)ccc3c2)cc1,c1ccc([C@H]2OC(C3(C4=N[C@@H](c5ccccc5)[C@@H](c5ccccc5)O4)CCCC3)=N[C@H]2c2ccccc2)cc1,0,0,13 29,9 29,-1496.266233,-1611.364108,-12.004521056504494,43.99773947174775,-56.00226052825225
71,1115,COc1ccc(-c2ccc3c(-c4c(O)ccc5cc(-c6ccccc6)ccc45)c(O)ccc3c2)cc1,c1ccc([C@H]2OC(C3(C4=N[C@@H](c5ccccc5)[C@@H](c5ccccc5)O4)CC3)=N[C@H]2c2ccccc2)cc1,0,0,13 29,9 27,-1496.266233,-1532.815707,-14.348825176065684,42.825587411967156,-57.174412588032844
71,1116,COc1ccc(-c2ccc3c(-c4c(O)ccc5cc(-c6ccccc6)ccc45)c(O)ccc3c2)cc1,CC(Cc1ccccc1)(C1=N[C@H](c2ccccc2)[C@H](c2ccccc2)O1)C1=N[C@H](c2ccccc2)[C@H](c2ccccc2)O1,0,4,13 29,10 27,-1496.266233,-1764.861718,17.02373978994888,58.51186989497444,-41.48813010502556
71,1117,COc1ccc(-c2ccc3c(-c4c(O)ccc5cc(-c6ccccc6)ccc45)c(O)ccc3c2)cc1,c1ccc(CC(Cc2ccccc2)(C2=N[C@@H](c3ccccc3)[C@@H](c3ccccc3)O2)C2=N[C@@H](c3ccccc3)[C@@H](c3ccccc3)O2)cc1,0,1,13 29,14 31,-1496.266233,-1995.696517,-5.097438237615587,47.451280881192204,-52.548719118807796
71,1118,COc1ccc(-c2ccc3c(-c4c(O)ccc5cc(-c6ccccc6)ccc45)c(O)ccc3c2)cc1,CC(C)(C)c1ccc(CC(Cc2ccc(C(C)(C)C)cc2)(C2=N[C@@H](c3ccccc3)[C@@H](c3ccccc3)O2)C2=N[C@@H](c3ccccc3)[C@@H](c3ccccc3)O2)cc1,0,0,13 29,22 39,-1496.266233,-2309.776028,-4.745568110881698,47.627215944559154,-52.372784055440846
71,1119,COc1ccc(-c2ccc3c(-c4c(O)ccc5cc(-c6ccccc6)ccc45)c(O)ccc3c2)cc1,c1ccc([C@H]2N=C(CC3=N[C@H](c4ccccc4)[C@H](c4ccccc4)O3)O[C@H]2c2ccccc2)cc1,0,0,13 29,9 5,-1496.266233,-1455.5077,9.69190096681741,54.84595048340871,-45.15404951659129
71,1120,COc1ccc(-c2ccc3c(-c4c(O)ccc5cc(-c6ccccc6)ccc45)c(O)ccc3c2)cc1,c1ccc([C@H]2OC(c3ccccn3)=N[C@H]2c2ccccc2)cc1,0,0,13 29,12 13,-1496.266233,-955.5810827,-7.510283901831675,46.244858049084165,-53.755141950915835
71,1121,COc1ccc(-c2ccc3c(-c4c(O)ccc5cc(-c6ccccc6)ccc45)c(O)ccc3c2)cc1,c1ccc([C@H]2N=C(c3ccc4ccccc4n3)O[C@H]2c2ccccc2)cc1,0,0,13 29,16 5,-1496.266233,-1109.087172,16.162769939630497,58.08138496981525,-41.91861503018475
71,1122,COc1ccc(-c2ccc3c(-c4c(O)ccc5cc(-c6ccccc6)ccc45)c(O)ccc3c2)cc1,FC(F)(F)c1ccc(C2=N[C@@H](c3ccccc3)[C@@H](c3ccccc3)O2)nc1,0,0,13 29,9 25,-1496.266233,-1292.377378,-8.137372962749659,45.931313518625174,-54.068686481374826
71,1123,COc1ccc(-c2ccc3c(-c4c(O)ccc5cc(-c6ccccc6)ccc45)c(O)ccc3c2)cc1,c1ccc([C@H]2N=C(c3cccc(C4=N[C@H](c5ccccc5)[C@H](c5ccccc5)O4)n3)O[C@H]2c2ccccc2)cc1,0,1,13 29,29 13 5,-1496.266233,-1663.108881,10.019012602661713,55.00950630133086,-44.99049369866914
71,1124,COc1ccc(-c2ccc3c(-c4c(O)ccc5cc(-c6ccccc6)ccc45)c(O)ccc3c2)cc1,N#C/C(C1=N[C@H](c2ccccc2)[C@H](c2ccccc2)O1)=C1/[N-][C@H](c2ccccc2)[C@H](c2ccccc2)O1,0,0,13 29,4 21,-1496.266233,-1547.161777,6.851294159352582,53.42564707967629,-46.57435292032371
71,1125,COc1ccc(-c2ccc3c(-c4c(O)ccc5cc(-c6ccccc6)ccc45)c(O)ccc3c2)cc1,c1ccc([C@@H]2N=C(c3cccc4c3oc3c(C5=N[C@@H](c6ccccc6)[C@H](c6ccccc6)O5)cccc34)O[C@H]2c2ccccc2)cc1,0,0,13 29,17 13 5,-1496.266233,-1951.910503,-3.8962175676971484,48.051891216151425,-51.948108783848575
71,1126,COc1ccc(-c2ccc3c(-c4c(O)ccc5cc(-c6ccccc6)ccc45)c(O)ccc3c2)cc1,Cc1ccc(S(=O)(=O)N2C(c3cccc(C4=N[C@@H](c5ccccc5)[C@H](c5ccccc5)N4S(=O)(=O)c4ccc(C)cc4)c3)=N[C@@H](c3ccccc3)[C@@H]2c2ccccc2)cc1,0,0,13 29,16 43,-1496.266233,-3244.251941,3.560684702018783,51.780342351009395,-48.219657648990605
71,1127,COc1ccc(-c2ccc3c(-c4c(O)ccc5cc(-c6ccccc6)ccc45)c(O)ccc3c2)cc1,c1ccc([C@@H]2N=C(c3cccc(C4=N[C@@H](c5ccccc5)[C@H](c5ccccc5)N4)c3)N[C@H]2c2ccccc2)cc1,0,0,13 29,5 13,-1496.266233,-1607.358369,-6.489892743457252,46.75505362827138,-53.24494637172862
71,1128,COc1ccc(-c2ccc3c(-c4c(O)ccc5cc(-c6ccccc6)ccc45)c(O)ccc3c2)cc1,C[C@H]1COC(C(C)(C)C2=N[C@@H](C)CO2)=N1,0,0,13 29,9 14,-1496.266233,-689.222808,-8.626870110184935,45.68656494490753,-54.31343505509247
71,1129,COc1ccc(-c2ccc3c(-c4c(O)ccc5cc(-c6ccccc6)ccc45)c(O)ccc3c2)cc1,C[C@H]1COC(C(C)(Cc2ccccc2)C2=N[C@@H](C)CO2)=N1,0,0,13 29,20 15,-1496.266233,-920.0497162,-14.64806366190643,42.67596816904678,-57.32403183095322
71,1130,COc1ccc(-c2ccc3c(-c4c(O)ccc5cc(-c6ccccc6)ccc45)c(O)ccc3c2)cc1,C[C@H]1COC(C(Cc2ccc(C(C)(C)C)cc2)(Cc2ccc(C(C)(C)C)cc2)C2=N[C@@H](C)CO2)=N1,0,0,13 29,34 29,-1496.266233,-1464.962808,-5.23465367613835,47.382673161930825,-52.617326838069175
71,1131,COc1ccc(-c2ccc3c(-c4c(O)ccc5cc(-c6ccccc6)ccc45)c(O)ccc3c2)cc1,C[C@@H]1COC(C(Cc2ccccc2)(Cc2ccccc2)C2=N[C@H](C)CO2)=N1,0,4,13 29,26 21,-1496.266233,-1150.883527,6.7974629130487685,53.39873145652439,-46.60126854347561
71,1132,COc1ccc(-c2ccc3c(-c4c(O)ccc5cc(-c6ccccc6)ccc45)c(O)ccc3c2)cc1,C[C@@H]1COC(CC2=N[C@H](C)CO2)=N1,0,0,13 29,12 7,-1496.266233,-610.6988939,6.578563588307938,53.28928179415397,-46.71071820584603
71,1133,COc1ccc(-c2ccc3c(-c4c(O)ccc5cc(-c6ccccc6)ccc45)c(O)ccc3c2)cc1,C[C@H]1COC(c2ccc(C(F)(F)F)cn2)=N1,0,0,13 29,14 15,-1496.266233,-869.9753069,-6.684906876770214,46.65754656161489,-53.34245343838511
71,1134,COc1ccc(-c2ccc3c(-c4c(O)ccc5cc(-c6ccccc6)ccc45)c(O)ccc3c2)cc1,C[C@H]1COC(C2=N[C@@H](C)CO2)=N1,0,0,13 29,11 6,-1496.266233,-571.4282178,4.7154826156041825,52.357741307802094,-47.642258692197906
71,1135,COc1ccc(-c2ccc3c(-c4c(O)ccc5cc(-c6ccccc6)ccc45)c(O)ccc3c2)cc1,CC(C)C[C@@H]1COC(C2=N[C@H](CC(C)C)CO2)=N1,0,0,13 29,9 17,-1496.266233,-806.9877797,21.302154028190692,60.65107701409535,-39.34892298590465
71,1136,COc1ccc(-c2ccc3c(-c4c(O)ccc5cc(-c6ccccc6)ccc45)c(O)ccc3c2)cc1,Cc1ccc(N2C[C@H](CC(C)C)N=C2C2=N[C@@H](CC(C)C)CN2c2ccc(C)cc2)cc1,0,1,13 29,12 15,-1496.266233,-1307.466211,-6.2252932916415125,46.88735335417925,-53.11264664582075
71,1137,COc1ccc(-c2ccc3c(-c4c(O)ccc5cc(-c6ccccc6)ccc45)c(O)ccc3c2)cc1,CC(C)C[C@H]1CN(c2cccc(C(C)(C)C)c2)C(C2=N[C@@H](CC(C)C)CN2c2cccc(C(C)(C)C)c2)=N1,0,1,13 29,19 37,-1496.266233,-1543.017894,2.2082063474836477,51.10410317374183,-48.89589682625817
71,1138,COc1ccc(-c2ccc3c(-c4c(O)ccc5cc(-c6ccccc6)ccc45)c(O)ccc3c2)cc1,CC[C@@H](C)[C@H]1CN(c2cccc(C(C)(C)C)c2)C(C2=N[C@@H]([C@H](C)CC)CN2c2cccc(C(C)(C)C)c2)=N1,0,0,13 29,19 37,-1496.266233,-1543.021699,-4.953147850027973,47.52342607498601,-52.47657392501399
71,1139,COc1ccc(-c2ccc3c(-c4c(O)ccc5cc(-c6ccccc6)ccc45)c(O)ccc3c2)cc1,C1CCC([C@H]2COC(C3=N[C@@H](C4CCCCC4)CO3)=N2)CC1,0,0,13 29,9 19,-1496.266233,-961.6661462,-6.4900199473624465,46.75499002631878,-53.24500997368122
71,1140,COc1ccc(-c2ccc3c(-c4c(O)ccc5cc(-c6ccccc6)ccc45)c(O)ccc3c2)cc1,N[C@H]1c2ccccc2C[C@H]1[O-],0,0,13 29,0 10,-1496.266233,-478.4750351,3.0343717775619687,51.517185888780986,-48.482814111219014
71,1141,COc1ccc(-c2ccc3c(-c4c(O)ccc5cc(-c6ccccc6)ccc45)c(O)ccc3c2)cc1,[O-]C(c1ccccc1)(c1ccccc1)[C@H]1CCCN1,0,4,13 29,0 18,-1496.266233,-787.8268535,4.600933026791035,52.30046651339552,-47.69953348660448
71,1142,COc1ccc(-c2ccc3c(-c4c(O)ccc5cc(-c6ccccc6)ccc45)c(O)ccc3c2)cc1,N[C@@H](c1ccccc1)[C@H]([O-])c1ccccc1,0,1,13 29,0 9,-1496.266233,-671.2387181,1.0962904129623245,50.54814520648116,-49.45185479351884
71,1143,COc1ccc(-c2ccc3c(-c4c(O)ccc5cc(-c6ccccc6)ccc45)c(O)ccc3c2)cc1,N[C@@H]1CCCC[C@H]1[O-],0,0,13 29,0 7,-1496.266233,-365.4171147,2.163776772990854,51.08188838649543,-48.91811161350457
71,1144,COc1ccc(-c2ccc3c(-c4c(O)ccc5cc(-c6ccccc6)ccc45)c(O)ccc3c2)cc1,N[C@@H](C[O-])Cc1ccccc1,0,0,13 29,0 3,-1496.266233,-479.6485701,0.9158518962746891,50.457925948137344,-49.542074051862656
71,1145,COc1ccc(-c2ccc3c(-c4c(O)ccc5cc(-c6ccccc6)ccc45)c(O)ccc3c2)cc1,[O-]C[C@@H]1CCCN1Cc1ccccc1,0,0,13 29,0 6,-1496.266233,-596.2244044,3.974619751597807,51.9873098757989,-48.0126901242011
71,1146,COc1ccc(-c2ccc3c(-c4c(O)ccc5cc(-c6ccccc6)ccc45)c(O)ccc3c2)cc1,N[C@H](C[O-])Cc1ccccc1,0,1,13 29,0 3,-1496.266233,-479.6493962,2.1549623485347915,51.0774811742674,-48.9225188257326
71,1147,COc1ccc(-c2ccc3c(-c4c(O)ccc5cc(-c6ccccc6)ccc45)c(O)ccc3c2)cc1,[O-]C[C@@H]1CCCN1,0,0,13 29,0 6,-1496.266233,-326.127563,1.4557439636942897,50.727871981847144,-49.272128018152856
71,1148,COc1ccc(-c2ccc3c(-c4c(O)ccc5cc(-c6ccccc6)ccc45)c(O)ccc3c2)cc1,CC(C)(C)[C@@H](N)C[O-],0,0,13 29,5 7,-1496.266233,-366.5936045,-1.505882412246804,49.2470587938766,-50.7529412061234
71,1149,COc1ccc(-c2ccc3c(-c4c(O)ccc5cc(-c6ccccc6)ccc45)c(O)ccc3c2)cc1,CC(C)[C@H](N)C[O-],0,0,13 29,4 6,-1496.266233,-327.333821,2.6428542674597395,51.32142713372987,-48.67857286627013
71,1150,COc1ccc(-c2ccc3c(-c4c(O)ccc5cc(-c6ccccc6)ccc45)c(O)ccc3c2)cc1,N[C@@H](C[O-])c1ccccc1,0,1,13 29,0 3,-1496.266233,-440.3907373,0.5774318821714806,50.28871594108574,-49.71128405891426
71,1151,COc1ccc(-c2ccc3c(-c4c(O)ccc5cc(-c6ccccc6)ccc45)c(O)ccc3c2)cc1,[O-]C(c1cc(C(F)(F)F)cc(C(F)(F)F)c1)(c1cc(C(F)(F)F)cc(C(F)(F)F)c1)[C@H]1CCCN1,0,0,13 29,0 34,-1496.266233,-2135.060687,3.7235463306359637,51.861773165317985,-48.138226834682015
71,1152,COc1ccc(-c2ccc3c(-c4c(O)ccc5cc(-c6ccccc6)ccc45)c(O)ccc3c2)cc1,COc1nc2ccc(Br)cc2cc1[C@@H](c1ccccc1)[C@@]([O-])(CCN(C)C)c1ccc2ccccc2c1,0,0,13 29,24 21,-1496.266233,-4069.87959,1.4764251609627008,50.73821258048135,-49.26178741951865
71,1153,COc1ccc(-c2ccc3c(-c4c(O)ccc5cc(-c6ccccc6)ccc45)c(O)ccc3c2)cc1,CC(C)(C)c1cc(/C=N/[C@@H]2CCCC[C@H]2/N=C/c2cc(C(C)(C)C)cc(C(C)(C)C)c2[O-])c([O-])c(C(C)(C)C)c1,0,1,13 29,8 15,-1496.266233,-1661.320129,4.363438656069503,52.18171932803475,-47.81828067196525
71,1154,COc1ccc(-c2ccc3c(-c4c(O)ccc5cc(-c6ccccc6)ccc45)c(O)ccc3c2)cc1,CN[C@@H]1CCCC[C@H]1NC,0,0,13 29,8 1,-1496.266233,-424.657817,0.8322083473545652,50.41610417367728,-49.58389582632272
71,1155,COc1ccc(-c2ccc3c(-c4c(O)ccc5cc(-c6ccccc6)ccc45)c(O)ccc3c2)cc1,CC(C)(C)[C@H]1CN2C[C@H](C(C)(C)C)[N-]C2=N1,0,0,13 29,13 6 15,-1496.266233,-673.33055,2.0469856746707054,51.023492837335354,-48.976507162664646
71,1156,COc1ccc(-c2ccc3c(-c4c(O)ccc5cc(-c6ccccc6)ccc45)c(O)ccc3c2)cc1,CCN(CC)[C@@H]1CCCC[C@H]1NC(=S)Nc1cc(C(F)(F)F)cc(C(F)(F)F)c1,0,0,13 29,2 11,-1496.266233,-1899.093947,3.3623190507122604,51.68115952535613,-48.31884047464387
71,1157,COc1ccc(-c2ccc3c(-c4c(O)ccc5cc(-c6ccccc6)ccc45)c(O)ccc3c2)cc1,O=C(N[C@H]1CCCC[C@@H]1NC(=O)c1ccccn1)c1ccccn1,0,0,13 29,9 2 17 23,-1496.266233,-1066.431466,1.2311459864054548,50.615572993202726,-49.384427006797274
71,1158,COc1ccc(-c2ccc3c(-c4c(O)ccc5cc(-c6ccccc6)ccc45)c(O)ccc3c2)cc1,C=C[C@@H]1C[N@@]2CC[C@H]1C[C@@H]2[C@H](N)c1ccnc2ccc(OC)cc12,0,0,13 29,11 4,-1496.266233,-1015.561433,2.3188794877803645,51.15943974389018,-48.84056025610982
71,1159,COc1ccc(-c2ccc3c(-c4c(O)ccc5cc(-c6ccccc6)ccc45)c(O)ccc3c2)cc1,C=C[C@@H]1C[N@@]2CC[C@H]1C[C@H]2[C@H](N)c1ccnc2ccc(OC)cc12,0,0,13 29,11 4,-1496.266233,-1015.556456,3.1901962669518724,51.595098133475936,-48.404901866524064
71,1160,COc1ccc(-c2ccc3c(-c4c(O)ccc5cc(-c6ccccc6)ccc45)c(O)ccc3c2)cc1,[O-][C@@H]1CCCC[C@H]1[O-],0,0,13 29,0 7,-1496.266233,-384.5074297,1.4323682336458825,50.716184116822944,-49.283815883177056
71,1161,COc1ccc(-c2ccc3c(-c4c(O)ccc5cc(-c6ccccc6)ccc45)c(O)ccc3c2)cc1,CC1(C)[C@@H]2C[C@@H]([O-])[C@@](C)([O-])[C@H]1C2,0,0,13 29,6 9,-1496.266233,-540.3370829,0.9855162388370076,50.492758119418504,-49.507241880581496
71,1162,COc1ccc(-c2ccc3c(-c4c(O)ccc5cc(-c6ccccc6)ccc45)c(O)ccc3c2)cc1,[O-]C[C@@H]1CCCC[C@H]1C[O-],0,0,13 29,0 9,-1496.266233,-463.072022,1.5783650380514214,50.78918251902571,-49.21081748097429
71,1163,COc1ccc(-c2ccc3c(-c4c(O)ccc5cc(-c6ccccc6)ccc45)c(O)ccc3c2)cc1,[O-][C@@H](c1ccccc1)C([O-])(c1ccccc1)c1ccccc1,0,0,13 29,0 9,-1496.266233,-921.2481744,-0.6590084969594594,49.67049575152027,-50.32950424847973
71,1164,COc1ccc(-c2ccc3c(-c4c(O)ccc5cc(-c6ccccc6)ccc45)c(O)ccc3c2)cc1,CC1(C)O[C@H](C([O-])(c2ccccc2)c2ccccc2)[C@@H](C([O-])(c2ccccc2)c2ccccc2)O1,0,3,13 29,6 21,-1496.266233,-1497.557147,-1.1340675390037456,49.432966230498124,-50.567033769501876
71,1165,COc1ccc(-c2ccc3c(-c4c(O)ccc5cc(-c6ccccc6)ccc45)c(O)ccc3c2)cc1,CC1(c2ccccc2)O[C@@H](C([O-])(c2ccccc2)c2ccccc2)[C@H](C([O-])(c2ccccc2)c2ccccc2)O1,0,5,13 29,11 26,-1496.266233,-1689.135424,-0.6564597187868007,49.6717701406066,-50.3282298593934
71,1166,COc1ccc(-c2ccc3c(-c4c(O)ccc5cc(-c6ccccc6)ccc45)c(O)ccc3c2)cc1,CC1(C)O[C@@H](C([O-])(c2cccc3ccccc23)c2cccc3ccccc23)[C@H](C([O-])(c2cccc3ccccc23)c2cccc3ccccc23)O1,0,0,13 29,6 29,-1496.266233,-2111.547452,1.7082846824564797,50.85414234122824,-49.14585765877176
71,1167,COc1ccc(-c2ccc3c(-c4c(O)ccc5cc(-c6ccccc6)ccc45)c(O)ccc3c2)cc1,[O-]C(c1ccccc1)(c1ccccc1)[C@H]1OC2(CCCCC2)O[C@@H]1C([O-])(c1ccccc1)c1ccccc1,0,2,13 29,0 25,-1496.266233,-1614.153477,2.0680745134956187,51.03403725674781,-48.96596274325219
71,1168,COc1ccc(-c2ccc3c(-c4c(O)ccc5cc(-c6ccccc6)ccc45)c(O)ccc3c2)cc1,CC1(C)O[C@@H](C[O-])[C@H](C[O-])O1,0,0,13 29,6 9,-1496.266233,-574.1407143,-0.6039590745625976,49.6980204627187,-50.3019795372813
71,1169,COc1ccc(-c2ccc3c(-c4c(O)ccc5cc(-c6ccccc6)ccc45)c(O)ccc3c2)cc1,C1CCN2C[C@H]3C[C@H](CN4CCCC[C@@H]34)[C@H]2C1,0,0,13 29,9 3,-1496.266233,-695.9272943,-1.1459603125289268,49.427019843735536,-50.572980156264464
71,1170,COc1ccc(-c2ccc3c(-c4c(O)ccc5cc(-c6ccccc6)ccc45)c(O)ccc3c2)cc1,NC(=O)[C@@H]1CC(F)(F)CN1,0,0,13 29,0 9,-1496.266233,-579.2434339,-1.1614252254133728,49.419287387293316,-50.580712612706684
71,1171,COc1ccc(-c2ccc3c(-c4c(O)ccc5cc(-c6ccccc6)ccc45)c(O)ccc3c2)cc1,O=C(N[C@H]1CCCC[C@@H]1NC(=O)c1ccccn1)c1ccccn1,0,0,13 29,9 2 17 23,-1496.266233,-1066.417296,1.017620084743415,50.50881004237171,-49.49118995762829
71,1172,COc1ccc(-c2ccc3c(-c4c(O)ccc5cc(-c6ccccc6)ccc45)c(O)ccc3c2)cc1,c1ccc(CN[C@@H]2CCCC[C@H]2NCc2ccccc2)cc1,0,0,13 29,12 5,-1496.266233,-886.3100667,10.763470823099876,55.38173541154994,-44.61826458845006
71,1173,COc1ccc(-c2ccc3c(-c4c(O)ccc5cc(-c6ccccc6)ccc45)c(O)ccc3c2)cc1,COc1ccc([C@H](N)[C@@H](N)c2ccc(OC)cc2)cc1,0,0,13 29,9 7,-1496.266233,-880.7644659,0.8064223054617363,50.40321115273087,-49.59678884726913
71,1174,COc1ccc(-c2ccc3c(-c4c(O)ccc5cc(-c6ccccc6)ccc45)c(O)ccc3c2)cc1,CN[C@H](c1ccccc1)[C@H](NC)c1ccccc1,0,0,13 29,1 10,-1496.266233,-730.4598814,4.216434877511757,52.10821743875588,-47.89178256124412
71,1175,COc1ccc(-c2ccc3c(-c4c(O)ccc5cc(-c6ccccc6)ccc45)c(O)ccc3c2)cc1,O=C(N[C@H]1CCCC[C@@H]1NC(=O)c1ccccc1P(c1ccccc1)c1ccccc1)c1ccccc1P(c1ccccc1)c1ccccc1,0,0,13 29,9 2,-1496.266233,-2641.38663,-1.4044275845105956,49.2977862077447,-50.7022137922553
71,1176,COc1ccc(-c2ccc3c(-c4c(O)ccc5cc(-c6ccccc6)ccc45)c(O)ccc3c2)cc1,O=C(N[C@@H](c1ccccc1)[C@@H](NC(=O)c1ccccc1P(c1ccccc1)c1ccccc1)c1ccccc1)c1ccccc1P(c1ccccc1)c1ccccc1,0,0,13 29,2 11,-1496.266233,-2947.2013,1.1321466838027021,50.56607334190135,-49.43392665809865
71,1177,COc1ccc(-c2ccc3c(-c4c(O)ccc5cc(-c6ccccc6)ccc45)c(O)ccc3c2)cc1,O=S(=O)(N[C@@H](c1ccccc1)[C@@H](NS(=O)(=O)C(F)(F)F)c1ccccc1)C(F)(F)F,0,0,13 29,3 12,-1496.266233,-2422.191334,-3.310510614313349,48.34474469284333,-51.65525530715667
71,1178,COc1ccc(-c2ccc3c(-c4c(O)ccc5cc(-c6ccccc6)ccc45)c(O)ccc3c2)cc1,[O-]c1ccccc1/C=N/[C@@H](c1ccccc1)[C@@H](/N=C/c1ccccc1[O-])c1ccccc1,0,0,13 29,8 17,-1496.266233,-1338.945921,2.4117429155862196,51.20587145779311,-48.79412854220689
72,1001,COc1ccc(-c2ccc3ccc(O)c(-c4c(O)ccc5cc(-c6ccccc6)ccc45)c3c2)cc1,CC(C)(C1=N[C@@H](C(C)(C)C)CO1)C1=N[C@@H](C(C)(C)C)CO1,2,3,13 17,4 13,-1496.267437,-924.7872077,-61.474422566060305,19.262788716969848,-80.73721128303015
72,1002,COc1ccc(-c2ccc3ccc(O)c(-c4c(O)ccc5cc(-c6ccccc6)ccc45)c3c2)cc1,CC(C)(C)[C@@H]1COC(C2(C3=N[C@H](C(C)(C)C)CO3)CCCCC2)=N1,2,0,13 17,10 23,-1496.267437,-1041.378417,47.7754621029769,73.88773105148846,-26.11226894851155
72,1003,COc1ccc(-c2ccc3ccc(O)c(-c4c(O)ccc5cc(-c6ccccc6)ccc45)c3c2)cc1,CC(C)(C)[C@H]1COC(C2(C3=N[C@@H](C(C)(C)C)CO3)CCCC2)=N1,2,2,13 17,10 22,-1496.267437,-1002.119896,-54.58207704638022,22.70896147680989,-77.29103852319011
72,1004,COc1ccc(-c2ccc3ccc(O)c(-c4c(O)ccc5cc(-c6ccccc6)ccc45)c3c2)cc1,CC(C)(C)[C@H]1COC(C2(C3=N[C@@H](C(C)(C)C)CO3)CCC2)=N1,2,0,13 17,10 21,-1496.267437,-962.8318746,-39.10548039841753,30.447259800791237,-69.55274019920876
72,1005,COc1ccc(-c2ccc3ccc(O)c(-c4c(O)ccc5cc(-c6ccccc6)ccc45)c3c2)cc1,CC(C)(C)[C@@H]1COC(C2(C3=N[C@H](C(C)(C)C)CO3)CC2)=N1,2,2,13 17,10 20,-1496.267437,-923.5694488,64.01011880441548,82.00505940220773,-17.994940597792258
72,1006,COc1ccc(-c2ccc3ccc(O)c(-c4c(O)ccc5cc(-c6ccccc6)ccc45)c3c2)cc1,CC(C)(C)[C@@H]1COC(CC2=N[C@H](C(C)(C)C)CO2)=N1,2,1,13 17,10 18,-1496.267437,-846.2631981,16.65491404364294,58.32745702182147,-41.67254297817853
72,1007,COc1ccc(-c2ccc3ccc(O)c(-c4c(O)ccc5cc(-c6ccccc6)ccc45)c3c2)cc1,CC(C)(C)[C@H]1COC(C(Cc2ccccc2)(Cc2ccccc2)C2=N[C@@H](C(C)(C)C)CO2)=N1,2,0,13 17,24 32,-1496.267437,-1386.443314,-13.640331472102691,43.179834263948656,-56.820165736051344
72,1008,COc1ccc(-c2ccc3ccc(O)c(-c4c(O)ccc5cc(-c6ccccc6)ccc45)c3c2)cc1,CC(C)(C)[C@H]1COC(C2=N[C@@H](C(C)(C)C)CO2)=N1,2,1,13 17,9 17,-1496.267437,-806.9917463,-9.544279255486167,45.22786037225691,-54.77213962774309
72,1009,COc1ccc(-c2ccc3ccc(O)c(-c4c(O)ccc5cc(-c6ccccc6)ccc45)c3c2)cc1,CC(C)(C)[C@H]1COC(c2ccccn2)=N1,2,0,13 17,13 14,-1496.267437,-650.9603345,-14.44963780375783,42.77518109812109,-57.22481890187891
72,1010,COc1ccc(-c2ccc3ccc(O)c(-c4c(O)ccc5cc(-c6ccccc6)ccc45)c3c2)cc1,CC(C)(C)[C@H]1COC(c2ccc3ccccc3n2)=N1,2,0,13 17,17 18,-1496.267437,-804.4663888,-14.411369785258673,42.794315107370664,-57.205684892629336
72,1011,COc1ccc(-c2ccc3ccc(O)c(-c4c(O)ccc5cc(-c6ccccc6)ccc45)c3c2)cc1,CC(C)(C)[C@H]1COC(c2cccc(C3=N[C@@H](C(C)(C)C)CO3)n2)=N1,2,0,13 17,23 14 22,-1496.267437,-1053.868619,-11.142340289927173,44.42882985503641,-55.57117014496359
72,1012,COc1ccc(-c2ccc3ccc(O)c(-c4c(O)ccc5cc(-c6ccccc6)ccc45)c3c2)cc1,CC(C)(C)[C@@H]1COC(c2ccc(C(F)(F)F)cn2)=N1,2,0,13 17,17 18,-1496.267437,-987.756862,11.897785206070669,55.94889260303533,-44.05110739696467
72,1013,COc1ccc(-c2ccc3ccc(O)c(-c4c(O)ccc5cc(-c6ccccc6)ccc45)c3c2)cc1,CC(C)(C1=N[C@@H](C(C)(C)C)CO1)c1ccccn1,2,0,13 17,17 4,-1496.267437,-768.7447589,-5.367920449370021,47.31603977531499,-52.68396022468501
72,1014,COc1ccc(-c2ccc3ccc(O)c(-c4c(O)ccc5cc(-c6ccccc6)ccc45)c3c2)cc1,CC(C)(C)[C@@H]1COC(c2nccc3ccccc23)=N1,2,1,13 17,9 18,-1496.267437,-804.4621747,26.03903144560099,63.01951572280049,-36.98048427719951
72,1015,COc1ccc(-c2ccc3ccc(O)c(-c4c(O)ccc5cc(-c6ccccc6)ccc45)c3c2)cc1,CC(C)(C)[C@H]1COC([C@@H]2CCCC[C@H]2C2=N[C@@H](C(C)(C)C)CO2)=N1,2,0,13 17,23 15,-1496.267437,-1041.38254,-4.512938223088735,47.74353088845563,-52.25646911154437
72,1016,COc1ccc(-c2ccc3ccc(O)c(-c4c(O)ccc5cc(-c6ccccc6)ccc45)c3c2)cc1,CC(C)(C)[C@@H]1COC(c2ccccc2Nc2ccccc2C2=N[C@H](C(C)(C)C)CO2)=N1,2,0,13 17,22 14 30,-1496.267437,-1323.988245,-6.90827299364397,46.54586350317801,-53.45413649682199
72,1017,COc1ccc(-c2ccc3ccc(O)c(-c4c(O)ccc5cc(-c6ccccc6)ccc45)c3c2)cc1,CC(C)(C)[C@H]1COC(/C=c2\[n-]/c(=C\C3=N[C@@H](C(C)(C)C)CO3)c3ccccc23)=N1,2,0,13 17,10 28 14,-1496.267437,-1246.074571,-1.445946045993833,49.27702697700308,-50.72297302299692
72,1018,COc1ccc(-c2ccc3ccc(O)c(-c4c(O)ccc5cc(-c6ccccc6)ccc45)c3c2)cc1,CC(C)(C)[C@H]1COC(c2cccc(-c3cccc(C4=N[C@@H](C(C)(C)C)CO4)n3)n2)=N1,2,0,13 17,27 19 28 29,-1496.267437,-1300.750937,-6.522569466183683,46.73871526690816,-53.26128473309184
72,1019,COc1ccc(-c2ccc3ccc(O)c(-c4c(O)ccc5cc(-c6ccccc6)ccc45)c3c2)cc1,CC(C)(C)[C@@H]1COC(c2cccc(-c3ccccn3)n2)=N1,2,0,13 17,18 19 20,-1496.267437,-897.839473,4.909977797644247,52.45498889882212,-47.54501110117788
72,1020,COc1ccc(-c2ccc3ccc(O)c(-c4c(O)ccc5cc(-c6ccccc6)ccc45)c3c2)cc1,CC(C)(C)[C@@H]1COC(c2cccc(-c3ccccn3)n2)=N1,2,0,13 17,18 19 20,-1496.267437,-897.8395764,4.491165273410619,52.24558263670531,-47.75441736329469
72,1021,COc1ccc(-c2ccc3ccc(O)c(-c4c(O)ccc5cc(-c6ccccc6)ccc45)c3c2)cc1,Cc1ccc(N2C[C@H](C(C)(C)C)N=C2C2=N[C@@H](C(C)(C)C)CN2c2ccc(C)cc2)cc1,2,0,13 17,12 15,-1496.267437,-1307.470214,-9.406360764243386,45.296819617878306,-54.703180382121694
72,1022,COc1ccc(-c2ccc3ccc(O)c(-c4c(O)ccc5cc(-c6ccccc6)ccc45)c3c2)cc1,CC(C)[C@@H]1COC(C(C)(C)C2=N[C@H](C(C)C)CO2)=N1,2,2,13 17,18 11,-1496.267437,-846.264983,54.4629747060619,77.23148735303096,-22.76851264696905
72,1023,COc1ccc(-c2ccc3ccc(O)c(-c4c(O)ccc5cc(-c6ccccc6)ccc45)c3c2)cc1,CC(C)[C@H]1COC(C2(C3=N[C@@H](C(C)C)CO3)CCCCC2)=N1,2,2,13 17,9 21,-1496.267437,-962.8650477,-14.792860688534365,42.60356965573282,-57.39643034426718
72,1024,COc1ccc(-c2ccc3ccc(O)c(-c4c(O)ccc5cc(-c6ccccc6)ccc45)c3c2)cc1,CC(C)[C@H]1COC(C2(C3=N[C@@H](C(C)C)CO3)CCCC2)=N1,2,0,13 17,9 20,-1496.267437,-923.5979956,-20.39794522184817,39.80102738907591,-60.19897261092409
72,1025,COc1ccc(-c2ccc3ccc(O)c(-c4c(O)ccc5cc(-c6ccccc6)ccc45)c3c2)cc1,CC(C)[C@H]1COC(C2(C3=N[C@@H](C(C)C)CO3)CC2)=N1,2,0,13 17,9 18,-1496.267437,-845.0470679,-48.595276954190446,25.702361522904777,-74.29763847709522
72,1026,COc1ccc(-c2ccc3ccc(O)c(-c4c(O)ccc5cc(-c6ccccc6)ccc45)c3c2)cc1,CC(C)[C@@H]1COC(CC2=N[C@H](C(C)C)CO2)=N1,2,3,13 17,16 9,-1496.267437,-767.7407516,2.6667034684238384,51.33335173421192,-48.66664826578808
72,1027,COc1ccc(-c2ccc3ccc(O)c(-c4c(O)ccc5cc(-c6ccccc6)ccc45)c3c2)cc1,CC(C)[C@H]1COC(C(C)(Cc2ccccc2)C2=N[C@@H](C(C)C)CO2)=N1,2,0,13 17,24 17,-1496.267437,-1077.094636,-36.87925045850746,31.56037477074627,-68.43962522925372
72,1028,COc1ccc(-c2ccc3ccc(O)c(-c4c(O)ccc5cc(-c6ccccc6)ccc45)c3c2)cc1,CC(C)[C@@H]1COC(C(Cc2ccccc2)(Cc2ccccc2)C2=N[C@H](C(C)C)CO2)=N1,2,1,13 17,30 23,-1496.267437,-1307.925837,16.672108242209564,58.33605412110478,-41.66394587889522
72,1029,COc1ccc(-c2ccc3ccc(O)c(-c4c(O)ccc5cc(-c6ccccc6)ccc45)c3c2)cc1,CC(C)[C@H]1COC(C(Cc2ccc(C(C)(C)C)cc2)(Cc2ccc(C(C)(C)C)cc2)C2=N[C@@H](C(C)C)CO2)=N1,2,0,13 17,38 31,-1496.267437,-1622.00837,-16.229556729663965,41.885221635168016,-58.114778364831984
72,1030,COc1ccc(-c2ccc3ccc(O)c(-c4c(O)ccc5cc(-c6ccccc6)ccc45)c3c2)cc1,CC(C)[C@@H]1COC(C2=N[C@H](C(C)C)CO2)=N1,2,0,13 17,8 15,-1496.267437,-728.4699348,31.91455043450967,65.95727521725483,-34.04272478274517
72,1031,COc1ccc(-c2ccc3ccc(O)c(-c4c(O)ccc5cc(-c6ccccc6)ccc45)c3c2)cc1,CC(C)[C@H]1COC(c2ccccn2)=N1,2,0,13 17,12 13,-1496.267437,-611.69952,-11.602239480415584,44.198880259792205,-55.801119740207795
72,1032,COc1ccc(-c2ccc3ccc(O)c(-c4c(O)ccc5cc(-c6ccccc6)ccc45)c3c2)cc1,CC(C)[C@@H]1COC(c2ccc3ccccc3n2)=N1,2,0,13 17,16 17,-1496.267437,-765.2054016,17.41858374654137,58.709291873270686,-41.290708126729314
72,1033,COc1ccc(-c2ccc3ccc(O)c(-c4c(O)ccc5cc(-c6ccccc6)ccc45)c3c2)cc1,CC(C)[C@@H]1COC(c2cccc(C3=N[C@H](C(C)C)CO3)n2)=N1,2,0,13 17,21 20 13,-1496.267437,-975.3489125,22.585996508220987,61.29299825411049,-38.70700174588951
72,1034,COc1ccc(-c2ccc3ccc(O)c(-c4c(O)ccc5cc(-c6ccccc6)ccc45)c3c2)cc1,CC(C)[C@H]1COC(c2ccc(C(F)(F)F)cn2)=N1,2,0,13 17,16 17,-1496.267437,-948.4960275,-10.35633197287656,44.82183401356172,-55.17816598643828
72,1035,COc1ccc(-c2ccc3ccc(O)c(-c4c(O)ccc5cc(-c6ccccc6)ccc45)c3c2)cc1,CC(C)[C@@H]1COC(Cc2ccccn2)=N1,2,0,13 17,13 14,-1496.267437,-650.9622206,8.709475201582793,54.354737600791395,-45.645262399208605
72,1036,COc1ccc(-c2ccc3ccc(O)c(-c4c(O)ccc5cc(-c6ccccc6)ccc45)c3c2)cc1,CC(C)[C@@H]1COC(c2nccc3ccccc23)=N1,2,0,13 17,8 17,-1496.267437,-765.2009547,24.0973801784422,62.0486900892211,-37.9513099107789
72,1037,COc1ccc(-c2ccc3ccc(O)c(-c4c(O)ccc5cc(-c6ccccc6)ccc45)c3c2)cc1,CC(C)[C@@H]1COC(c2ccc3cccnc3n2)=N1,2,0,13 17,16 17,-1496.267437,-781.2378695,3.4261220625962654,51.71306103129813,-48.28693896870187
72,1038,COc1ccc(-c2ccc3ccc(O)c(-c4c(O)ccc5cc(-c6ccccc6)ccc45)c3c2)cc1,CC(C)C[C@H]1COC(c2ccccc2P(c2ccccc2)c2ccccc2C2=N[C@@H](CC(C)C)CO2)=N1,2,0,13 17,28 14 36,-1496.267437,-1841.351686,3.3943198666454197,51.69715993332271,-48.30284006667729
72,1039,COc1ccc(-c2ccc3ccc(O)c(-c4c(O)ccc5cc(-c6ccccc6)ccc45)c3c2)cc1,CC(C)[C@H]1COC(c2cccc3c2oc2c(C4=N[C@@H](C(C)C)CO4)cccc23)=N1,2,0,13 17,17 28 13,-1496.267437,-1264.139226,-9.549226428648474,45.22538678567577,-54.77461321432423
72,1040,COc1ccc(-c2ccc3ccc(O)c(-c4c(O)ccc5cc(-c6ccccc6)ccc45)c3c2)cc1,CC(C)[C@H]1COC(c2cccc(C3=N[C@@H](C(C)C)CO3)c2)=N1,2,1,13 17,21 13,-1496.267437,-959.3224258,-10.17214799583622,44.913926002081894,-55.086073997918106
72,1041,COc1ccc(-c2ccc3ccc(O)c(-c4c(O)ccc5cc(-c6ccccc6)ccc45)c3c2)cc1,CC(C)c1cccc(N2C[C@H](C(C)C)N=C2C2=N[C@@H](C(C)C)CN2c2cccc(C(C)C)c2)c1,2,0,13 17,14 17,-1496.267437,-1385.989932,-9.166865734985093,45.41656713250745,-54.58343286749255
72,1042,COc1ccc(-c2ccc3ccc(O)c(-c4c(O)ccc5cc(-c6ccccc6)ccc45)c3c2)cc1,CC(C)[C@H]1CN(c2ccc(C(F)(F)F)cc2)C(C2=N[C@@H](C(C)C)CN2c2ccc(C(F)(F)F)cc2)=N1,2,0,13 17,18 35,-1496.267437,-1824.017689,-2.029425835588538,48.98528708220573,-51.01471291779427
72,1043,COc1ccc(-c2ccc3ccc(O)c(-c4c(O)ccc5cc(-c6ccccc6)ccc45)c3c2)cc1,Cc1ccc(N2C[C@H](C(C)C)N=C2C2=N[C@@H](C(C)C)CN2c2ccc(C)cc2)cc1,2,0,13 17,11 14,-1496.267437,-1228.948101,-0.3919311169502322,49.804034441524884,-50.195965558475116
72,1044,COc1ccc(-c2ccc3ccc(O)c(-c4c(O)ccc5cc(-c6ccccc6)ccc45)c3c2)cc1,CC(C)[C@H]1COC(/C(C#N)=C2\[N-][C@@H](C(C)C)CO2)=N1,2,6,13 17,11 18,-1496.267437,-859.3852808,-4.375737176407277,47.81213141179636,-52.18786858820364
72,1045,COc1ccc(-c2ccc3ccc(O)c(-c4c(O)ccc5cc(-c6ccccc6)ccc45)c3c2)cc1,CC(C)[C@H]1N=C(c2cccc(C3=N[C@H](C(C)C)C(c4ccccc4)(c4ccccc4)O3)n2)OC1(c1ccccc1)c1ccccc1,2,0,13 17,4 12 31,-1496.267437,-1898.675751,6.803159253502523,53.401579626751264,-46.598420373248736
72,1046,COc1ccc(-c2ccc3ccc(O)c(-c4c(O)ccc5cc(-c6ccccc6)ccc45)c3c2)cc1,CC(C)(C1=N[C@H](c2ccccc2)CO1)C1=N[C@H](c2ccccc2)CO1,2,4,13 17,4 15,-1496.267437,-1072.360523,39.37710271078754,69.68855135539377,-30.31144864460623
72,1047,COc1ccc(-c2ccc3ccc(O)c(-c4c(O)ccc5cc(-c6ccccc6)ccc45)c3c2)cc1,c1ccc([C@@H]2COC(C3(C4=N[C@H](c5ccccc5)CO4)CCCCC3)=N2)cc1,2,1,13 17,25 10,-1496.267437,-1188.961784,31.75985561621242,65.8799278081062,-34.12007219189379
72,1048,COc1ccc(-c2ccc3ccc(O)c(-c4c(O)ccc5cc(-c6ccccc6)ccc45)c3c2)cc1,c1ccc([C@H]2COC(C3(C4=N[C@@H](c5ccccc5)CO4)CCCC3)=N2)cc1,2,1,13 17,24 10,-1496.267437,-1149.693678,-48.09333929663842,25.95333035168079,-74.04666964831921
72,1049,COc1ccc(-c2ccc3ccc(O)c(-c4c(O)ccc5cc(-c6ccccc6)ccc45)c3c2)cc1,c1ccc([C@@H]2COC(C3(C4=N[C@H](c5ccccc5)CO4)CCC3)=N2)cc1,2,0,13 17,10 23,-1496.267437,-1110.405334,24.39307027936713,62.19653513968356,-37.80346486031644
72,1050,COc1ccc(-c2ccc3ccc(O)c(-c4c(O)ccc5cc(-c6ccccc6)ccc45)c3c2)cc1,c1ccc([C@@H]2COC(C3(C4=N[C@H](c5ccccc5)CO4)CC3)=N2)cc1,2,0,13 17,10 22,-1496.267437,-1071.142417,31.391416154083927,65.69570807704196,-34.304291922958036
72,1051,COc1ccc(-c2ccc3ccc(O)c(-c4c(O)ccc5cc(-c6ccccc6)ccc45)c3c2)cc1,c1ccc(CC(Cc2ccccc2)(C2=N[C@@H](c3ccccc3)CO2)C2=N[C@@H](c3ccccc3)CO2)cc1,2,2,13 17,25 14,-1496.267437,-1534.023098,-14.016965377386846,42.99151731130658,-57.00848268869342
72,1052,COc1ccc(-c2ccc3ccc(O)c(-c4c(O)ccc5cc(-c6ccccc6)ccc45)c3c2)cc1,CC(Cc1ccccc1)(C1=N[C@@H](c2ccccc2)CO1)C1=N[C@@H](c2ccccc2)CO1,2,0,13 17,10 21,-1496.267437,-1303.193117,-18.256603679703353,40.87169816014833,-59.12830183985167
72,1053,COc1ccc(-c2ccc3ccc(O)c(-c4c(O)ccc5cc(-c6ccccc6)ccc45)c3c2)cc1,CC(C)(C)c1ccc(CC(Cc2ccc(C(C)(C)C)cc2)(C2=N[C@@H](c3ccccc3)CO2)C2=N[C@@H](c3ccccc3)CO2)cc1,2,0,13 17,33 22,-1496.267437,-1848.107801,-8.996589372479633,45.50170531376018,-54.49829468623982
72,1054,COc1ccc(-c2ccc3ccc(O)c(-c4c(O)ccc5cc(-c6ccccc6)ccc45)c3c2)cc1,c1ccc([C@H]2COC(C3=N[C@@H](c4ccccc4)CO3)=N2)cc1,2,0,13 17,9 19,-1496.267437,-954.5647571,-6.7034056921086735,46.64829715394566,-53.35170284605434
72,1055,COc1ccc(-c2ccc3ccc(O)c(-c4c(O)ccc5cc(-c6ccccc6)ccc45)c3c2)cc1,c1ccc([C@@H]2COC(c3ccccn3)=N2)cc1,2,0,13 17,13 14,-1496.267437,-724.746776,8.07661783122248,54.03830891561124,-45.96169108438876
72,1056,COc1ccc(-c2ccc3ccc(O)c(-c4c(O)ccc5cc(-c6ccccc6)ccc45)c3c2)cc1,c1ccc([C@H]2COC(c3ccc4ccccc4n3)=N2)cc1,2,0,13 17,17 18,-1496.267437,-878.2528728,-13.529109319454811,43.23544534027259,-56.76455465972741
72,1057,COc1ccc(-c2ccc3ccc(O)c(-c4c(O)ccc5cc(-c6ccccc6)ccc45)c3c2)cc1,c1ccc([C@H]2COC(c3cccc(C4=N[C@@H](c5ccccc5)CO4)n3)=N2)cc1,2,0,13 17,24 25 14,-1496.267437,-1201.443303,-10.615938287145003,44.6920308564275,-55.3079691435725
72,1058,COc1ccc(-c2ccc3ccc(O)c(-c4c(O)ccc5cc(-c6ccccc6)ccc45)c3c2)cc1,c1ccc([C@H]2COC(CC3=N[C@@H](c4ccccc4)CO3)=N2)cc1,2,0,13 17,10 20,-1496.267437,-993.8362822,-10.042924704797223,44.978537647601385,-55.021462352398615
72,1059,COc1ccc(-c2ccc3ccc(O)c(-c4c(O)ccc5cc(-c6ccccc6)ccc45)c3c2)cc1,c1ccc([C@H]2COC(c3nccc4ccccc34)=N2)cc1,2,0,13 17,9 18,-1496.267437,-878.2485743,-15.498510797937628,42.25074460103119,-57.74925539896881
72,1060,COc1ccc(-c2ccc3ccc(O)c(-c4c(O)ccc5cc(-c6ccccc6)ccc45)c3c2)cc1,CC(C)(C1=N[C@@H](c2ccccc2)C(c2ccccc2)(c2ccccc2)O1)C1=N[C@@H](c2ccccc2)C(c2ccccc2)(c2ccccc2)O1,2,1,13 17,27 4,-1496.267437,-1995.694324,-26.14302831502092,36.928485842489536,-63.071514157510464
72,1061,COc1ccc(-c2ccc3ccc(O)c(-c4c(O)ccc5cc(-c6ccccc6)ccc45)c3c2)cc1,C(\C1=N[C@H](c2ccccc2)CO1)=c1\[n-]/c(=C\C2=N[C@H](c3ccccc3)CO2)c2ccccc12,2,0,13 17,17 2 13,-1496.267437,-1393.650658,0.18204999447258885,50.091024997236296,-49.908975002763704
72,1062,COc1ccc(-c2ccc3ccc(O)c(-c4c(O)ccc5cc(-c6ccccc6)ccc45)c3c2)cc1,c1ccc([C@H]2COC(c3ccccc3Nc3ccccc3C3=N[C@@H](c4ccccc4)CO3)=N2)cc1,2,0,13 17,32 14 22,-1496.267437,-1471.560923,-10.21640948951622,44.89179525524189,-55.10820474475811
72,1063,COc1ccc(-c2ccc3ccc(O)c(-c4c(O)ccc5cc(-c6ccccc6)ccc45)c3c2)cc1,N#C/C(C1=N[C@@H](c2ccccc2)CO1)=C1/[N-][C@@H](c2ccccc2)CO1,2,2,13 17,4 15,-1496.267437,-1085.486043,-7.851596786304411,46.074201606847794,-53.925798393152206
72,1064,COc1ccc(-c2ccc3ccc(O)c(-c4c(O)ccc5cc(-c6ccccc6)ccc45)c3c2)cc1,c1ccc([C@H]2COC(c3cccc(C4=N[C@@H](c5ccccc5)CO4)c3)=N2)cc1,2,2,13 17,25 14,-1496.267437,-1185.417111,-18.348236555448715,40.82588172227564,-59.17411827772436
72,1065,COc1ccc(-c2ccc3ccc(O)c(-c4c(O)ccc5cc(-c6ccccc6)ccc45)c3c2)cc1,c1ccc([C@H]2COC(c3cccc4c3oc3c(C5=N[C@@H](c6ccccc6)CO5)cccc34)=N2)cc1,2,1,13 17,32 18 14,-1496.267437,-1490.233608,-9.208512746795517,45.39574362660224,-54.60425637339776
72,1066,COc1ccc(-c2ccc3ccc(O)c(-c4c(O)ccc5cc(-c6ccccc6)ccc45)c3c2)cc1,C(\C1=N[C@H](c2ccccc2)CO1)=c1\o/c(=C\C2=N[C@H](c3ccccc3)CO2)c2ccccc12,2,0,13 17,17 2 13,-1496.267437,-1414.040486,0.10627925141954364,50.053139625709775,-49.946860374290225
72,1067,COc1ccc(-c2ccc3ccc(O)c(-c4c(O)ccc5cc(-c6ccccc6)ccc45)c3c2)cc1,CC(C)(C1=N[C@@H]2c3ccccc3C[C@@H]2O1)C1=N[C@@H]2c3ccccc3C[C@@H]2O1,2,0,13 17,16 4,-1496.267437,-1148.533419,59.1021500503079,79.55107502515395,-20.44892497484605
72,1068,COc1ccc(-c2ccc3ccc(O)c(-c4c(O)ccc5cc(-c6ccccc6)ccc45)c3c2)cc1,c1ccc2c(c1)C[C@H]1OC(C3(C4=N[C@H]5c6ccccc6C[C@H]5O4)CCCCC3)=N[C@@H]21,2,0,13 17,12 28,-1496.267437,-1265.120113,-66.97599686550633,16.512001567246834,-83.48799843275316
72,1069,COc1ccc(-c2ccc3ccc(O)c(-c4c(O)ccc5cc(-c6ccccc6)ccc45)c3c2)cc1,c1ccc2c(c1)C[C@@H]1OC(C3(C4=N[C@@H]5c6ccccc6C[C@@H]5O4)CCCC3)=N[C@H]21,2,0,13 17,27 12,-1496.267437,-1225.865898,54.929881285322594,77.4649406426613,-22.535059357338703
72,1070,COc1ccc(-c2ccc3ccc(O)c(-c4c(O)ccc5cc(-c6ccccc6)ccc45)c3c2)cc1,c1ccc2c(c1)C[C@@H]1OC(C3(C4=N[C@@H]5c6ccccc6C[C@@H]5O4)CCC3)=N[C@H]21,2,3,13 17,26 12,-1496.267437,-1186.577848,43.10578397937758,71.55289198968879,-28.44710801031121
72,1071,COc1ccc(-c2ccc3ccc(O)c(-c4c(O)ccc5cc(-c6ccccc6)ccc45)c3c2)cc1,c1ccc2c(c1)C[C@H]1OC(C3(C4=N[C@H]5c6ccccc6C[C@H]5O4)CC3)=N[C@@H]21,2,0,13 17,25 12,-1496.267437,-1147.313977,-78.06252091009102,10.968739544954488,-89.03126045504551
72,1072,COc1ccc(-c2ccc3ccc(O)c(-c4c(O)ccc5cc(-c6ccccc6)ccc45)c3c2)cc1,CCC(CC)(C1=N[C@H]2c3ccccc3C[C@H]2O1)C1=N[C@H]2c3ccccc3C[C@H]2O1,2,0,13 17,18 6,-1496.267437,-1227.050677,-74.6507139357636,12.674643032118198,-87.3253569678818
72,1073,COc1ccc(-c2ccc3ccc(O)c(-c4c(O)ccc5cc(-c6ccccc6)ccc45)c3c2)cc1,c1ccc(CC(Cc2ccccc2)(C2=N[C@@H]3c4ccccc4C[C@@H]3O2)C2=N[C@@H]3c4ccccc4C[C@@H]3O2)cc1,2,0,13 17,26 14,-1496.267437,-1610.184387,1.4156625986478186,50.70783129932391,-49.29216870067609
72,1074,COc1ccc(-c2ccc3ccc(O)c(-c4c(O)ccc5cc(-c6ccccc6)ccc45)c3c2)cc1,CC(Cc1ccccc1)(C1=N[C@H]2c3ccccc3C[C@H]2O1)C1=N[C@H]2c3ccccc3C[C@H]2O1,2,0,13 17,10 22,-1496.267437,-1379.360112,-5.15990584752711,47.42004707623644,-52.57995292376356
72,1075,COc1ccc(-c2ccc3ccc(O)c(-c4c(O)ccc5cc(-c6ccccc6)ccc45)c3c2)cc1,CC(C)(C)c1ccc(CC(Cc2ccc(C(C)(C)C)cc2)(C2=N[C@@H]3c4ccccc4C[C@@H]3O2)C2=N[C@@H]3c4ccccc4C[C@@H]3O2)cc1,2,0,13 17,34 22,-1496.267437,-1924.267304,25.50447596590581,62.752237982952906,-37.247762017047094
72,1076,COc1ccc(-c2ccc3ccc(O)c(-c4c(O)ccc5cc(-c6ccccc6)ccc45)c3c2)cc1,CC(C)(C)c1cc(CC(Cc2cc(C(C)(C)C)cc(C(C)(C)C)c2)(C2=N[C@H]3c4ccccc4C[C@H]3O2)C2=N[C@H]3c4ccccc4C[C@H]3O2)cc(C(C)(C)C)c1,2,1,13 17,25 37,-1496.267437,-2238.36189,-18.999909437861646,40.50004528106918,-59.49995471893082
72,1077,COc1ccc(-c2ccc3ccc(O)c(-c4c(O)ccc5cc(-c6ccccc6)ccc45)c3c2)cc1,c1ccc2c(c1)CC(C1=N[C@@H]3c4ccccc4C[C@@H]3O1)(C1=N[C@@H]3c4ccccc4C[C@@H]3O1)C2,2,0,13 17,9 21,-1496.267437,-1378.182059,47.95915459360946,73.97957729680473,-26.02042270319527
72,1078,COc1ccc(-c2ccc3ccc(O)c(-c4c(O)ccc5cc(-c6ccccc6)ccc45)c3c2)cc1,c1ccc2c(c1)C[C@H]1OC(CC3=N[C@H]4c5ccccc5C[C@H]4O3)=N[C@@H]21,2,0,13 17,12 23,-1496.267437,-1070.004928,-6.093515574842998,46.9532422125785,-53.0467577874215
72,1079,COc1ccc(-c2ccc3ccc(O)c(-c4c(O)ccc5cc(-c6ccccc6)ccc45)c3c2)cc1,c1ccc(C2=N[C@H]3c4ccccc4C[C@H]3O2)nc1,2,0,13 17,16 5,-1496.267437,-762.8325198,-17.423019850328124,41.288490074835934,-58.711509925164066
72,1080,COc1ccc(-c2ccc3ccc(O)c(-c4c(O)ccc5cc(-c6ccccc6)ccc45)c3c2)cc1,c1ccc2c(c1)C[C@H]1OC(c3ccc4ccccc4n3)=N[C@@H]21,2,0,13 17,19 20,-1496.267437,-916.3386498,-8.61234417443561,45.6938279127822,-54.3061720872178
72,1081,COc1ccc(-c2ccc3ccc(O)c(-c4c(O)ccc5cc(-c6ccccc6)ccc45)c3c2)cc1,c1ccc2c(c1)C[C@@H]1OC(c3nccc4ccccc34)=N[C@H]21,2,0,13 17,11 20,-1496.267437,-916.3345383,18.28246611563339,59.14123305781669,-40.85876694218331
72,1082,COc1ccc(-c2ccc3ccc(O)c(-c4c(O)ccc5cc(-c6ccccc6)ccc45)c3c2)cc1,FC(F)(F)c1ccc(C2=N[C@@H]3c4ccccc4C[C@@H]3O2)nc1,2,0,13 17,9 20,-1496.267437,-1099.626649,1.9598434096866857,50.97992170484334,-49.02007829515666
72,1083,COc1ccc(-c2ccc3ccc(O)c(-c4c(O)ccc5cc(-c6ccccc6)ccc45)c3c2)cc1,c1cc(C2=N[C@H]3c4ccccc4C[C@H]3O2)nc(C2=N[C@H]3c4ccccc4C[C@H]3O2)c1,2,0,13 17,18 4 15,-1496.267437,-1277.615075,-11.966010669507458,44.01699466524627,-55.98300533475373
72,1084,COc1ccc(-c2ccc3ccc(O)c(-c4c(O)ccc5cc(-c6ccccc6)ccc45)c3c2)cc1,c1ccc2c(c1)C[C@H]1OC(C3=N[C@H]4c5ccccc5C[C@H]4O3)=N[C@@H]21,2,0,13 17,11 22,-1496.267437,-1030.735569,-31.064706508921418,34.46764674553929,-65.5323532544607
72,1085,COc1ccc(-c2ccc3ccc(O)c(-c4c(O)ccc5cc(-c6ccccc6)ccc45)c3c2)cc1,c1ccc(-c2cccc(C3=N[C@H]4c5ccccc5C[C@H]4O3)n2)nc1,2,0,13 17,10 21 22,-1496.267437,-1009.709879,-14.063808843374183,42.96809557831291,-57.03190442168709
72,1086,COc1ccc(-c2ccc3ccc(O)c(-c4c(O)ccc5cc(-c6ccccc6)ccc45)c3c2)cc1,c1ccc(-c2cccc(C3=N[C@@H]4c5ccccc5C[C@@H]4O3)n2)cc1,2,0,13 17,10 21,-1496.267437,-993.6729656,-1.3967231548038965,49.30163842259805,-50.69836157740195
72,1087,COc1ccc(-c2ccc3ccc(O)c(-c4c(O)ccc5cc(-c6ccccc6)ccc45)c3c2)cc1,O=C(Nc1ccccc1C1=N[C@@H]2c3ccccc3C[C@@H]2O1)c1ccccc1P(c1ccccc1)c1ccccc1,2,0,13 17,2 10,-1496.267437,-1949.73391,-4.837811529314835,47.58109423534258,-52.41890576465742
72,1088,COc1ccc(-c2ccc3ccc(O)c(-c4c(O)ccc5cc(-c6ccccc6)ccc45)c3c2)cc1,O=C(Nc1cccc(C(F)(F)F)c1C1=N[C@@H]2c3ccccc3C[C@@H]2O1)c1ccccc1P(c1ccccc1)c1ccccc1,2,1,13 17,2 14,-1496.267437,-2286.515962,3.6286674125690386,51.81433370628452,-48.18566629371548
72,1089,COc1ccc(-c2ccc3ccc(O)c(-c4c(O)ccc5cc(-c6ccccc6)ccc45)c3c2)cc1,CC(CC1=N[C@H]2c3ccccc3C[C@@H]2O1)(C1=N[C@H]2c3ccccc3C[C@H]2O1)C1=N[C@H]2c3ccccc3C[C@H]2O1,2,0,13 17,16 28,-1496.267437,-1663.278129,-6.517939194627186,46.741030402686405,-53.258969597313595
72,1090,COc1ccc(-c2ccc3ccc(O)c(-c4c(O)ccc5cc(-c6ccccc6)ccc45)c3c2)cc1,CC(C)(C1=N[C@H](Cc2ccccc2)CO1)C1=N[C@H](Cc2ccccc2)CO1,2,0,13 17,16 4,-1496.267437,-1150.888196,28.62186408609952,64.31093204304976,-35.68906795695024
72,1091,COc1ccc(-c2ccc3ccc(O)c(-c4c(O)ccc5cc(-c6ccccc6)ccc45)c3c2)cc1,c1ccc(C[C@H]2COC(C3(C4=N[C@@H](Cc5ccccc5)CO4)CCCCC3)=N2)cc1,2,0,13 17,27 11,-1496.267437,-1267.472166,-21.67745657234298,39.16127171382851,-60.83872828617149
72,1092,COc1ccc(-c2ccc3ccc(O)c(-c4c(O)ccc5cc(-c6ccccc6)ccc45)c3c2)cc1,c1ccc(C[C@H]2COC(C3(C4=N[C@@H](Cc5ccccc5)CO4)CCCC3)=N2)cc1,2,1,13 17,26 11,-1496.267437,-1228.21857,-37.518687170330715,31.240656414834643,-68.75934358516535
72,1093,COc1ccc(-c2ccc3ccc(O)c(-c4c(O)ccc5cc(-c6ccccc6)ccc45)c3c2)cc1,c1ccc(C[C@H]2COC(C3(C4=N[C@@H](Cc5ccccc5)CO4)CCC3)=N2)cc1,2,0,13 17,25 11,-1496.267437,-1188.932527,-14.858933686798759,42.57053315660062,-57.42946684339938
72,1094,COc1ccc(-c2ccc3ccc(O)c(-c4c(O)ccc5cc(-c6ccccc6)ccc45)c3c2)cc1,c1ccc(C[C@H]2COC(C3(C4=N[C@@H](Cc5ccccc5)CO4)CC3)=N2)cc1,2,0,13 17,24 11,-1496.267437,-1149.663336,-30.32777715335359,34.8361114233232,-65.1638885766768
72,1095,COc1ccc(-c2ccc3ccc(O)c(-c4c(O)ccc5cc(-c6ccccc6)ccc45)c3c2)cc1,CC(Cc1ccccc1)(C1=N[C@H](Cc2ccccc2)CO1)C1=N[C@H](Cc2ccccc2)CO1,2,0,13 17,10 22,-1496.267437,-1381.707279,17.96850902294516,58.98425451147258,-41.01574548852742
72,1096,COc1ccc(-c2ccc3ccc(O)c(-c4c(O)ccc5cc(-c6ccccc6)ccc45)c3c2)cc1,c1ccc(C[C@H]2COC(C(Cc3ccccc3)(Cc3ccccc3)C3=N[C@@H](Cc4ccccc4)CO3)=N2)cc1,2,0,13 17,25 36,-1496.267437,-1612.547877,-9.343973744453182,45.32801312777341,-54.67198687222659
72,1097,COc1ccc(-c2ccc3ccc(O)c(-c4c(O)ccc5cc(-c6ccccc6)ccc45)c3c2)cc1,CC(C)(C)c1ccc(CC(Cc2ccc(C(C)(C)C)cc2)(C2=N[C@H](Cc3ccccc3)CO2)C2=N[C@H](Cc3ccccc3)CO2)cc1,2,0,13 17,34 22,-1496.267437,-1926.618731,8.305728867183573,54.15286443359179,-45.84713556640821
72,1098,COc1ccc(-c2ccc3ccc(O)c(-c4c(O)ccc5cc(-c6ccccc6)ccc45)c3c2)cc1,c1ccc(C[C@@H]2COC(CC3=N[C@H](Cc4ccccc4)CO3)=N2)cc1,2,0,13 17,11 22,-1496.267437,-1072.356973,14.434630513844251,57.21731525692213,-42.78268474307787
72,1099,COc1ccc(-c2ccc3ccc(O)c(-c4c(O)ccc5cc(-c6ccccc6)ccc45)c3c2)cc1,c1ccc(C[C@H]2COC(c3ccccn3)=N2)cc1,2,0,13 17,14 15,-1496.267437,-764.0089485,-13.160040357827842,43.41997982108608,-56.58002017891392
72,1100,COc1ccc(-c2ccc3ccc(O)c(-c4c(O)ccc5cc(-c6ccccc6)ccc45)c3c2)cc1,c1ccc(C[C@H]2COC(c3ccc4ccccc4n3)=N2)cc1,2,0,13 17,18 19,-1496.267437,-917.5151879,-4.153821675731429,47.92308916213429,-52.07691083786571
72,1101,COc1ccc(-c2ccc3ccc(O)c(-c4c(O)ccc5cc(-c6ccccc6)ccc45)c3c2)cc1,FC(F)(F)c1ccc(C2=N[C@@H](Cc3ccccc3)CO2)nc1,2,0,13 17,9 20,-1496.267437,-1100.805579,-20.441650997635804,39.7791745011821,-60.2208254988179
72,1102,COc1ccc(-c2ccc3ccc(O)c(-c4c(O)ccc5cc(-c6ccccc6)ccc45)c3c2)cc1,Fc1ccc(C2=N[C@@H](Cc3ccccc3)CO2)nc1,2,0,13 17,17 6,-1496.267437,-863.1783062,-12.618517484081348,43.690741257959324,-56.309258742040676
72,1103,COc1ccc(-c2ccc3ccc(O)c(-c4c(O)ccc5cc(-c6ccccc6)ccc45)c3c2)cc1,CC(C)(C1=N[C@@H](Cc2ccccc2)CO1)c1ccccn1,2,0,13 17,4 20,-1496.267437,-881.7938527,-9.644071302636743,45.17796434868163,-54.82203565131837
72,1104,COc1ccc(-c2ccc3ccc(O)c(-c4c(O)ccc5cc(-c6ccccc6)ccc45)c3c2)cc1,FC(F)(F)c1ccnc(C2=N[C@@H](Cc3ccccc3)CO2)c1,2,0,13 17,10 7,-1496.267437,-1100.805638,-15.926411994631122,42.03679400268444,-57.96320599731556
72,1105,COc1ccc(-c2ccc3ccc(O)c(-c4c(O)ccc5cc(-c6ccccc6)ccc45)c3c2)cc1,c1ccc(C[C@@H]2COC(C3=N[C@H](Cc4ccccc4)CO3)=N2)cc1,2,0,13 17,10 21,-1496.267437,-1033.091065,9.201084853675432,54.60054242683772,-45.39945757316228
72,1106,COc1ccc(-c2ccc3ccc(O)c(-c4c(O)ccc5cc(-c6ccccc6)ccc45)c3c2)cc1,c1ccc(C[C@@H]2COC(c3cccc(C4=N[C@H](Cc5ccccc5)CO4)n3)=N2)cc1,2,0,13 17,26 27 15,-1496.267437,-1279.968702,7.9372717402540705,53.96863587012704,-46.03136412987296
72,1107,COc1ccc(-c2ccc3ccc(O)c(-c4c(O)ccc5cc(-c6ccccc6)ccc45)c3c2)cc1,c1ccc(C[C@@H]2COC(c3cccc(C4=N[C@H](Cc5ccccc5)CO4)c3)=N2)cc1,2,0,13 17,27 15,-1496.267437,-1263.941857,2.848955359924897,51.42447767996245,-48.57552232003755
72,1108,COc1ccc(-c2ccc3ccc(O)c(-c4c(O)ccc5cc(-c6ccccc6)ccc45)c3c2)cc1,c1ccc(C[C@H]2COC(C(Cc3ccc4ccccc4n3)(Cc3ccc4ccccc4n3)C3=N[C@@H](Cc4ccccc4)CO3)=N2)cc1,2,0,13 17,33 44,-1496.267437,-1951.637558,-9.083789246396856,45.45810537680157,-54.54189462319843
72,1109,COc1ccc(-c2ccc3ccc(O)c(-c4c(O)ccc5cc(-c6ccccc6)ccc45)c3c2)cc1,c1ccc(C[C@@H]2COC(c3cccc4c3oc3c(C5=N[C@H](Cc6ccccc6)CO5)cccc34)=N2)cc1,2,0,13 17,34 19 15,-1496.267437,-1568.762289,6.11318241837999,53.056591209189996,-46.943408790810004
72,1110,COc1ccc(-c2ccc3ccc(O)c(-c4c(O)ccc5cc(-c6ccccc6)ccc45)c3c2)cc1,c1ccc(C[C@@H]2COC(c3cccc(-c4cccc(C5=N[C@H](Cc6ccccc6)CO5)n4)n3)=N2)cc1,2,0,13 17,32 33 20 31,-1496.267437,-1526.847484,1.5397894583872302,50.76989472919362,-49.23010527080638
72,1111,COc1ccc(-c2ccc3ccc(O)c(-c4c(O)ccc5cc(-c6ccccc6)ccc45)c3c2)cc1,N#C/C(C1=N[C@@H](Cc2ccccc2)CO1)=C1/[N-][C@@H](Cc2ccccc2)CO1,2,0,13 17,4 16,-1496.267437,-1164.01035,-11.700392650480886,44.14980367475955,-55.85019632524045
72,1112,COc1ccc(-c2ccc3ccc(O)c(-c4c(O)ccc5cc(-c6ccccc6)ccc45)c3c2)cc1,CC(C)(C1=N[C@H](c2ccccc2)[C@H](c2ccccc2)O1)C1=N[C@H](c2ccccc2)[C@H](c2ccccc2)O1,2,0,13 17,4 21,-1496.267437,-1534.032214,22.535155008762736,61.267577504381364,-38.732422495618636
72,1113,COc1ccc(-c2ccc3ccc(O)c(-c4c(O)ccc5cc(-c6ccccc6)ccc45)c3c2)cc1,c1ccc([C@H]2OC(C3(C4=N[C@@H](c5ccccc5)[C@@H](c5ccccc5)O4)CCCCC3)=N[C@H]2c2ccccc2)cc1,2,3,13 17,9 30,-1496.267437,-1650.634597,-13.26936426496431,43.365317867517845,-56.634682132482155
72,1114,COc1ccc(-c2ccc3ccc(O)c(-c4c(O)ccc5cc(-c6ccccc6)ccc45)c3c2)cc1,c1ccc([C@H]2OC(C3(C4=N[C@@H](c5ccccc5)[C@@H](c5ccccc5)O4)CCCC3)=N[C@H]2c2ccccc2)cc1,2,0,13 17,9 29,-1496.267437,-1611.364108,-12.29924385069452,43.85037807465274,-56.14962192534726
72,1115,COc1ccc(-c2ccc3ccc(O)c(-c4c(O)ccc5cc(-c6ccccc6)ccc45)c3c2)cc1,c1ccc([C@H]2OC(C3(C4=N[C@@H](c5ccccc5)[C@@H](c5ccccc5)O4)CC3)=N[C@H]2c2ccccc2)cc1,2,0,13 17,9 27,-1496.267437,-1532.815707,-14.986475409105786,42.5067622954471,-57.4932377045529
72,1116,COc1ccc(-c2ccc3ccc(O)c(-c4c(O)ccc5cc(-c6ccccc6)ccc45)c3c2)cc1,CC(Cc1ccccc1)(C1=N[C@H](c2ccccc2)[C@H](c2ccccc2)O1)C1=N[C@H](c2ccccc2)[C@H](c2ccccc2)O1,2,4,13 17,10 27,-1496.267437,-1764.861718,19.567692141730824,59.78384607086541,-40.21615392913459
72,1117,COc1ccc(-c2ccc3ccc(O)c(-c4c(O)ccc5cc(-c6ccccc6)ccc45)c3c2)cc1,c1ccc(CC(Cc2ccccc2)(C2=N[C@@H](c3ccccc3)[C@@H](c3ccccc3)O2)C2=N[C@@H](c3ccccc3)[C@@H](c3ccccc3)O2)cc1,2,1,13 17,14 31,-1496.267437,-1995.696517,-6.953022387343523,46.52348880632824,-53.47651119367176
72,1118,COc1ccc(-c2ccc3ccc(O)c(-c4c(O)ccc5cc(-c6ccccc6)ccc45)c3c2)cc1,CC(C)(C)c1ccc(CC(Cc2ccc(C(C)(C)C)cc2)(C2=N[C@@H](c3ccccc3)[C@@H](c3ccccc3)O2)C2=N[C@@H](c3ccccc3)[C@@H](c3ccccc3)O2)cc1,2,0,13 17,22 39,-1496.267437,-2309.776028,-9.149963595407321,45.42501820229634,-54.57498179770366
72,1119,COc1ccc(-c2ccc3ccc(O)c(-c4c(O)ccc5cc(-c6ccccc6)ccc45)c3c2)cc1,c1ccc([C@H]2N=C(CC3=N[C@H](c4ccccc4)[C@H](c4ccccc4)O3)O[C@H]2c2ccccc2)cc1,2,0,13 17,9 5,-1496.267437,-1455.5077,10.767814606370234,55.38390730318512,-44.61609269681488
72,1120,COc1ccc(-c2ccc3ccc(O)c(-c4c(O)ccc5cc(-c6ccccc6)ccc45)c3c2)cc1,c1ccc([C@H]2OC(c3ccccn3)=N[C@H]2c2ccccc2)cc1,2,0,13 17,12 13,-1496.267437,-955.5810827,-12.113922106900672,43.94303894654966,-56.05696105345034
72,1121,COc1ccc(-c2ccc3ccc(O)c(-c4c(O)ccc5cc(-c6ccccc6)ccc45)c3c2)cc1,c1ccc([C@H]2N=C(c3ccc4ccccc4n3)O[C@H]2c2ccccc2)cc1,2,0,13 17,16 5,-1496.267437,-1109.087172,13.693354422799487,56.846677211399744,-43.153322788600256
72,1122,COc1ccc(-c2ccc3ccc(O)c(-c4c(O)ccc5cc(-c6ccccc6)ccc45)c3c2)cc1,FC(F)(F)c1ccc(C2=N[C@@H](c3ccccc3)[C@@H](c3ccccc3)O2)nc1,2,0,13 17,9 25,-1496.267437,-1292.377378,-12.41773607517355,43.791131962413225,-56.208868037586775
72,1123,COc1ccc(-c2ccc3ccc(O)c(-c4c(O)ccc5cc(-c6ccccc6)ccc45)c3c2)cc1,c1ccc([C@H]2N=C(c3cccc(C4=N[C@H](c5ccccc5)[C@H](c5ccccc5)O4)n3)O[C@H]2c2ccccc2)cc1,2,1,13 17,29 13 5,-1496.267437,-1663.108881,10.542507700771335,55.27125385038567,-44.72874614961433
72,1124,COc1ccc(-c2ccc3ccc(O)c(-c4c(O)ccc5cc(-c6ccccc6)ccc45)c3c2)cc1,N#C/C(C1=N[C@H](c2ccccc2)[C@H](c2ccccc2)O1)=C1/[N-][C@H](c2ccccc2)[C@H](c2ccccc2)O1,2,0,13 17,4 21,-1496.267437,-1547.161777,8.522866758349927,54.26143337917496,-45.73856662082504
72,1125,COc1ccc(-c2ccc3ccc(O)c(-c4c(O)ccc5cc(-c6ccccc6)ccc45)c3c2)cc1,c1ccc([C@@H]2N=C(c3cccc4c3oc3c(C5=N[C@@H](c6ccccc6)[C@H](c6ccccc6)O5)cccc34)O[C@H]2c2ccccc2)cc1,2,0,13 17,17 13 5,-1496.267437,-1951.910503,-7.83139499502499,46.0843025024875,-53.9156974975125
72,1126,COc1ccc(-c2ccc3ccc(O)c(-c4c(O)ccc5cc(-c6ccccc6)ccc45)c3c2)cc1,Cc1ccc(S(=O)(=O)N2C(c3cccc(C4=N[C@@H](c5ccccc5)[C@H](c5ccccc5)N4S(=O)(=O)c4ccc(C)cc4)c3)=N[C@@H](c3ccccc3)[C@@H]2c2ccccc2)cc1,2,0,13 17,16 43,-1496.267437,-3244.251941,1.0693336960916753,50.53466684804584,-49.46533315195416
72,1127,COc1ccc(-c2ccc3ccc(O)c(-c4c(O)ccc5cc(-c6ccccc6)ccc45)c3c2)cc1,c1ccc([C@@H]2N=C(c3cccc(C4=N[C@@H](c5ccccc5)[C@H](c5ccccc5)N4)c3)N[C@H]2c2ccccc2)cc1,2,0,13 17,5 13,-1496.267437,-1607.358369,-7.374669652585175,46.312665173707416,-53.687334826292584
72,1128,COc1ccc(-c2ccc3ccc(O)c(-c4c(O)ccc5cc(-c6ccccc6)ccc45)c3c2)cc1,C[C@H]1COC(C(C)(C)C2=N[C@@H](C)CO2)=N1,2,0,13 17,9 14,-1496.267437,-689.222808,-7.6411693098546465,46.17941534507268,-53.82058465492732
72,1129,COc1ccc(-c2ccc3ccc(O)c(-c4c(O)ccc5cc(-c6ccccc6)ccc45)c3c2)cc1,C[C@H]1COC(C(C)(Cc2ccccc2)C2=N[C@@H](C)CO2)=N1,2,0,13 17,20 15,-1496.267437,-920.0497162,-13.413246062454888,43.293376968772556,-56.706623031227444
72,1130,COc1ccc(-c2ccc3ccc(O)c(-c4c(O)ccc5cc(-c6ccccc6)ccc45)c3c2)cc1,C[C@H]1COC(C(Cc2ccc(C(C)(C)C)cc2)(Cc2ccc(C(C)(C)C)cc2)C2=N[C@@H](C)CO2)=N1,2,0,13 17,34 29,-1496.267437,-1464.962808,-6.884356200900403,46.5578218995498,-53.4421781004502
72,1131,COc1ccc(-c2ccc3ccc(O)c(-c4c(O)ccc5cc(-c6ccccc6)ccc45)c3c2)cc1,C[C@@H]1COC(C(Cc2ccccc2)(Cc2ccccc2)C2=N[C@H](C)CO2)=N1,2,4,13 17,26 21,-1496.267437,-1150.883527,5.938533004446018,52.96926650222301,-47.03073349777699
72,1132,COc1ccc(-c2ccc3ccc(O)c(-c4c(O)ccc5cc(-c6ccccc6)ccc45)c3c2)cc1,C[C@@H]1COC(CC2=N[C@H](C)CO2)=N1,2,0,13 17,12 7,-1496.267437,-610.6988939,4.061037513277862,52.030518756638934,-47.969481243361066
72,1133,COc1ccc(-c2ccc3ccc(O)c(-c4c(O)ccc5cc(-c6ccccc6)ccc45)c3c2)cc1,C[C@H]1COC(c2ccc(C(F)(F)F)cn2)=N1,2,0,13 17,14 15,-1496.267437,-869.9753069,-10.580992801673153,44.709503599163426,-55.290496400836574
72,1134,COc1ccc(-c2ccc3ccc(O)c(-c4c(O)ccc5cc(-c6ccccc6)ccc45)c3c2)cc1,C[C@H]1COC(C2=N[C@@H](C)CO2)=N1,2,0,13 17,11 6,-1496.267437,-571.4282178,2.627955744369082,51.31397787218454,-48.68602212781546
72,1135,COc1ccc(-c2ccc3ccc(O)c(-c4c(O)ccc5cc(-c6ccccc6)ccc45)c3c2)cc1,CC(C)C[C@@H]1COC(C2=N[C@H](CC(C)C)CO2)=N1,2,0,13 17,9 17,-1496.267437,-806.9877797,21.827849543124863,60.913924771562435,-39.086075228437565
72,1136,COc1ccc(-c2ccc3ccc(O)c(-c4c(O)ccc5cc(-c6ccccc6)ccc45)c3c2)cc1,Cc1ccc(N2C[C@H](CC(C)C)N=C2C2=N[C@@H](CC(C)C)CN2c2ccc(C)cc2)cc1,2,1,13 17,12 15,-1496.267437,-1307.466211,-9.05842700011912,45.47078649994044,-54.52921350005956
72,1137,COc1ccc(-c2ccc3ccc(O)c(-c4c(O)ccc5cc(-c6ccccc6)ccc45)c3c2)cc1,CC(C)C[C@H]1CN(c2cccc(C(C)(C)C)c2)C(C2=N[C@@H](CC(C)C)CN2c2cccc(C(C)(C)C)c2)=N1,2,1,13 17,19 37,-1496.267437,-1543.017894,-2.462107310781521,48.76894634460924,-51.23105365539076
72,1138,COc1ccc(-c2ccc3ccc(O)c(-c4c(O)ccc5cc(-c6ccccc6)ccc45)c3c2)cc1,CC[C@@H](C)[C@H]1CN(c2cccc(C(C)(C)C)c2)C(C2=N[C@@H]([C@H](C)CC)CN2c2cccc(C(C)(C)C)c2)=N1,2,0,13 17,19 37,-1496.267437,-1543.021699,-8.798299292893274,45.60085035355336,-54.39914964644664
72,1139,COc1ccc(-c2ccc3ccc(O)c(-c4c(O)ccc5cc(-c6ccccc6)ccc45)c3c2)cc1,C1CCC([C@H]2COC(C3=N[C@@H](C4CCCCC4)CO3)=N2)CC1,2,0,13 17,9 19,-1496.267437,-961.6661462,-9.551517547210924,45.22424122639454,-54.77575877360546
72,1140,COc1ccc(-c2ccc3ccc(O)c(-c4c(O)ccc5cc(-c6ccccc6)ccc45)c3c2)cc1,N[C@H]1c2ccccc2C[C@H]1[O-],2,0,13 17,0 10,-1496.267437,-478.4750351,2.6965708255938736,51.34828541279694,-48.65171458720306
72,1141,COc1ccc(-c2ccc3ccc(O)c(-c4c(O)ccc5cc(-c6ccccc6)ccc45)c3c2)cc1,[O-]C(c1ccccc1)(c1ccccc1)[C@H]1CCCN1,2,4,13 17,0 18,-1496.267437,-787.8268535,4.641877727382141,52.32093886369107,-47.67906113630893
72,1142,COc1ccc(-c2ccc3ccc(O)c(-c4c(O)ccc5cc(-c6ccccc6)ccc45)c3c2)cc1,N[C@@H](c1ccccc1)[C@H]([O-])c1ccccc1,2,1,13 17,0 9,-1496.267437,-671.2387181,2.064389029953322,51.03219451497666,-48.96780548502334
72,1143,COc1ccc(-c2ccc3ccc(O)c(-c4c(O)ccc5cc(-c6ccccc6)ccc45)c3c2)cc1,N[C@@H]1CCCC[C@H]1[O-],2,0,13 17,0 7,-1496.267437,-365.4171147,1.5008636930135841,50.75043184650679,-49.24956815349321
72,1144,COc1ccc(-c2ccc3ccc(O)c(-c4c(O)ccc5cc(-c6ccccc6)ccc45)c3c2)cc1,N[C@@H](C[O-])Cc1ccccc1,2,0,13 17,0 3,-1496.267437,-479.6485701,-0.5477498548407755,49.72612507257961,-50.27387492742039
72,1145,COc1ccc(-c2ccc3ccc(O)c(-c4c(O)ccc5cc(-c6ccccc6)ccc45)c3c2)cc1,[O-]C[C@@H]1CCCN1Cc1ccccc1,2,0,13 17,0 6,-1496.267437,-596.2244044,4.884144244330548,52.44207212216527,-47.55792787783473
72,1146,COc1ccc(-c2ccc3ccc(O)c(-c4c(O)ccc5cc(-c6ccccc6)ccc45)c3c2)cc1,N[C@H](C[O-])Cc1ccccc1,2,1,13 17,0 3,-1496.267437,-479.6493962,2.5930635924928547,51.29653179624643,-48.70346820375357
72,1147,COc1ccc(-c2ccc3ccc(O)c(-c4c(O)ccc5cc(-c6ccccc6)ccc45)c3c2)cc1,[O-]C[C@@H]1CCCN1,2,0,13 17,0 6,-1496.267437,-326.127563,2.083710456460161,51.041855228230084,-48.958144771769916
72,1148,COc1ccc(-c2ccc3ccc(O)c(-c4c(O)ccc5cc(-c6ccccc6)ccc45)c3c2)cc1,CC(C)(C)[C@@H](N)C[O-],2,0,13 17,5 7,-1496.267437,-366.5936045,-1.8404029445033325,49.07979852774833,-50.92020147225167
72,1149,COc1ccc(-c2ccc3ccc(O)c(-c4c(O)ccc5cc(-c6ccccc6)ccc45)c3c2)cc1,CC(C)[C@H](N)C[O-],2,0,13 17,4 6,-1496.267437,-327.333821,0.6651638237045905,50.332581911852294,-49.667418088147706
72,1150,COc1ccc(-c2ccc3ccc(O)c(-c4c(O)ccc5cc(-c6ccccc6)ccc45)c3c2)cc1,N[C@@H](C[O-])c1ccccc1,2,1,13 17,0 3,-1496.267437,-440.3907373,-0.3268897256244978,49.83655513718775,-50.16344486281225
72,1151,COc1ccc(-c2ccc3ccc(O)c(-c4c(O)ccc5cc(-c6ccccc6)ccc45)c3c2)cc1,[O-]C(c1cc(C(F)(F)F)cc(C(F)(F)F)c1)(c1cc(C(F)(F)F)cc(C(F)(F)F)c1)[C@H]1CCCN1,2,0,13 17,0 34,-1496.267437,-2135.060687,2.53006318637924,51.26503159318962,-48.73496840681038
72,1152,COc1ccc(-c2ccc3ccc(O)c(-c4c(O)ccc5cc(-c6ccccc6)ccc45)c3c2)cc1,COc1nc2ccc(Br)cc2cc1[C@@H](c1ccccc1)[C@@]([O-])(CCN(C)C)c1ccc2ccccc2c1,2,0,13 17,24 21,-1496.267437,-4069.87959,3.115696832020891,51.557848416010444,-48.442151583989556
72,1153,COc1ccc(-c2ccc3ccc(O)c(-c4c(O)ccc5cc(-c6ccccc6)ccc45)c3c2)cc1,CC(C)(C)c1cc(/C=N/[C@@H]2CCCC[C@H]2/N=C/c2cc(C(C)(C)C)cc(C(C)(C)C)c2[O-])c([O-])c(C(C)(C)C)c1,2,1,13 17,8 15,-1496.267437,-1661.320129,1.839081778912714,50.91954088945636,-49.08045911054364
72,1154,COc1ccc(-c2ccc3ccc(O)c(-c4c(O)ccc5cc(-c6ccccc6)ccc45)c3c2)cc1,CN[C@@H]1CCCC[C@H]1NC,2,0,13 17,8 1,-1496.267437,-424.657817,-0.03491715061106948,49.98254142469447,-50.01745857530553
72,1155,COc1ccc(-c2ccc3ccc(O)c(-c4c(O)ccc5cc(-c6ccccc6)ccc45)c3c2)cc1,CC(C)(C)[C@H]1CN2C[C@H](C(C)(C)C)[N-]C2=N1,2,0,13 17,13 6 15,-1496.267437,-673.33055,2.2905866774297508,51.14529333871488,-48.85470666128512
72,1156,COc1ccc(-c2ccc3ccc(O)c(-c4c(O)ccc5cc(-c6ccccc6)ccc45)c3c2)cc1,CCN(CC)[C@@H]1CCCC[C@H]1NC(=S)Nc1cc(C(F)(F)F)cc(C(F)(F)F)c1,2,0,13 17,2 11,-1496.267437,-1899.093947,4.295946336483196,52.1479731682416,-47.8520268317584
72,1157,COc1ccc(-c2ccc3ccc(O)c(-c4c(O)ccc5cc(-c6ccccc6)ccc45)c3c2)cc1,O=C(N[C@H]1CCCC[C@@H]1NC(=O)c1ccccn1)c1ccccn1,2,0,13 17,9 2 17 23,-1496.267437,-1066.431466,-1.8177627235054632,49.091118638247266,-50.908881361752734
72,1158,COc1ccc(-c2ccc3ccc(O)c(-c4c(O)ccc5cc(-c6ccccc6)ccc45)c3c2)cc1,C=C[C@@H]1C[N@@]2CC[C@H]1C[C@@H]2[C@H](N)c1ccnc2ccc(OC)cc12,2,0,13 17,11 4,-1496.267437,-1015.561433,2.372435307011168,51.18621765350559,-48.81378234649441
72,1159,COc1ccc(-c2ccc3ccc(O)c(-c4c(O)ccc5cc(-c6ccccc6)ccc45)c3c2)cc1,C=C[C@@H]1C[N@@]2CC[C@H]1C[C@H]2[C@H](N)c1ccnc2ccc(OC)cc12,2,0,13 17,11 4,-1496.267437,-1015.556456,1.0592122682722875,50.529606134136145,-49.470393865863855
72,1160,COc1ccc(-c2ccc3ccc(O)c(-c4c(O)ccc5cc(-c6ccccc6)ccc45)c3c2)cc1,[O-][C@@H]1CCCC[C@H]1[O-],2,0,13 17,0 7,-1496.267437,-384.5074297,-0.20524196163521768,49.89737901918239,-50.10262098081761
72,1161,COc1ccc(-c2ccc3ccc(O)c(-c4c(O)ccc5cc(-c6ccccc6)ccc45)c3c2)cc1,CC1(C)[C@@H]2C[C@@H]([O-])[C@@](C)([O-])[C@H]1C2,2,0,13 17,6 9,-1496.267437,-540.3370829,0.9521680079129906,50.476084003956494,-49.523915996043506
72,1162,COc1ccc(-c2ccc3ccc(O)c(-c4c(O)ccc5cc(-c6ccccc6)ccc45)c3c2)cc1,[O-]C[C@@H]1CCCC[C@H]1C[O-],2,0,13 17,0 9,-1496.267437,-463.072022,1.699720553954302,50.849860276977154,-49.150139723022846
72,1163,COc1ccc(-c2ccc3ccc(O)c(-c4c(O)ccc5cc(-c6ccccc6)ccc45)c3c2)cc1,[O-][C@@H](c1ccccc1)C([O-])(c1ccccc1)c1ccccc1,2,0,13 17,0 9,-1496.267437,-921.2481744,-0.8809409525346661,49.559529523732664,-50.440470476267336
72,1164,COc1ccc(-c2ccc3ccc(O)c(-c4c(O)ccc5cc(-c6ccccc6)ccc45)c3c2)cc1,CC1(C)O[C@H](C([O-])(c2ccccc2)c2ccccc2)[C@@H](C([O-])(c2ccccc2)c2ccccc2)O1,2,3,13 17,6 21,-1496.267437,-1497.557147,-1.8472406793977894,49.07637966030111,-50.92362033969889
72,1165,COc1ccc(-c2ccc3ccc(O)c(-c4c(O)ccc5cc(-c6ccccc6)ccc45)c3c2)cc1,CC1(c2ccccc2)O[C@@H](C([O-])(c2ccccc2)c2ccccc2)[C@H](C([O-])(c2ccccc2)c2ccccc2)O1,2,5,13 17,11 26,-1496.267437,-1689.135424,-1.4800182409672757,49.259990879516366,-50.740009120483634
72,1166,COc1ccc(-c2ccc3ccc(O)c(-c4c(O)ccc5cc(-c6ccccc6)ccc45)c3c2)cc1,CC1(C)O[C@@H](C([O-])(c2cccc3ccccc23)c2cccc3ccccc23)[C@H](C([O-])(c2cccc3ccccc23)c2cccc3ccccc23)O1,2,0,13 17,6 29,-1496.267437,-2111.547452,0.03549604208124624,50.017748021040624,-49.982251978959376
72,1167,COc1ccc(-c2ccc3ccc(O)c(-c4c(O)ccc5cc(-c6ccccc6)ccc45)c3c2)cc1,[O-]C(c1ccccc1)(c1ccccc1)[C@H]1OC2(CCCCC2)O[C@@H]1C([O-])(c1ccccc1)c1ccccc1,2,2,13 17,0 25,-1496.267437,-1614.153477,1.4406466924457746,50.720323346222884,-49.279676653777116
72,1168,COc1ccc(-c2ccc3ccc(O)c(-c4c(O)ccc5cc(-c6ccccc6)ccc45)c3c2)cc1,CC1(C)O[C@@H](C[O-])[C@H](C[O-])O1,2,0,13 17,6 9,-1496.267437,-574.1407143,-1.8815358608490533,49.05923206957547,-50.94076793042453
72,1169,COc1ccc(-c2ccc3ccc(O)c(-c4c(O)ccc5cc(-c6ccccc6)ccc45)c3c2)cc1,C1CCN2C[C@H]3C[C@H](CN4CCCC[C@@H]34)[C@H]2C1,2,0,13 17,9 3,-1496.267437,-695.9272943,-4.801316948294177,47.599341525852914,-52.400658474147086
72,1170,COc1ccc(-c2ccc3ccc(O)c(-c4c(O)ccc5cc(-c6ccccc6)ccc45)c3c2)cc1,NC(=O)[C@@H]1CC(F)(F)CN1,2,0,13 17,0 9,-1496.267437,-579.2434339,-1.404521799083946,49.297739100458024,-50.702260899541976
72,1171,COc1ccc(-c2ccc3ccc(O)c(-c4c(O)ccc5cc(-c6ccccc6)ccc45)c3c2)cc1,O=C(N[C@H]1CCCC[C@@H]1NC(=O)c1ccccn1)c1ccccn1,2,0,13 17,9 2 17 23,-1496.267437,-1066.417296,-1.9880799422674036,49.0059600288663,-50.9940399711337
72,1172,COc1ccc(-c2ccc3ccc(O)c(-c4c(O)ccc5cc(-c6ccccc6)ccc45)c3c2)cc1,c1ccc(CN[C@@H]2CCCC[C@H]2NCc2ccccc2)cc1,2,0,13 17,12 5,-1496.267437,-886.3100667,10.921384439500656,55.46069221975033,-44.53930778024967
72,1173,COc1ccc(-c2ccc3ccc(O)c(-c4c(O)ccc5cc(-c6ccccc6)ccc45)c3c2)cc1,COc1ccc([C@H](N)[C@@H](N)c2ccc(OC)cc2)cc1,2,0,13 17,9 7,-1496.267437,-880.7644659,0.8264252545625768,50.41321262728129,-49.58678737271871
72,1174,COc1ccc(-c2ccc3ccc(O)c(-c4c(O)ccc5cc(-c6ccccc6)ccc45)c3c2)cc1,CN[C@H](c1ccccc1)[C@H](NC)c1ccccc1,2,0,13 17,1 10,-1496.267437,-730.4598814,1.0768654607474124,50.53843273037371,-49.46156726962629
72,1175,COc1ccc(-c2ccc3ccc(O)c(-c4c(O)ccc5cc(-c6ccccc6)ccc45)c3c2)cc1,O=C(N[C@H]1CCCC[C@@H]1NC(=O)c1ccccc1P(c1ccccc1)c1ccccc1)c1ccccc1P(c1ccccc1)c1ccccc1,2,0,13 17,9 2,-1496.267437,-2641.38663,-3.3031397574405514,48.348430121279726,-51.651569878720274
72,1176,COc1ccc(-c2ccc3ccc(O)c(-c4c(O)ccc5cc(-c6ccccc6)ccc45)c3c2)cc1,O=C(N[C@@H](c1ccccc1)[C@@H](NC(=O)c1ccccc1P(c1ccccc1)c1ccccc1)c1ccccc1)c1ccccc1P(c1ccccc1)c1ccccc1,2,0,13 17,2 11,-1496.267437,-2947.2013,1.6765460310567342,50.838273015528365,-49.161726984471635
72,1177,COc1ccc(-c2ccc3ccc(O)c(-c4c(O)ccc5cc(-c6ccccc6)ccc45)c3c2)cc1,O=S(=O)(N[C@@H](c1ccccc1)[C@@H](NS(=O)(=O)C(F)(F)F)c1ccccc1)C(F)(F)F,2,0,13 17,3 12,-1496.267437,-2422.191334,-3.7264442379179448,48.13677788104103,-51.86322211895897
72,1178,COc1ccc(-c2ccc3ccc(O)c(-c4c(O)ccc5cc(-c6ccccc6)ccc45)c3c2)cc1,[O-]c1ccccc1/C=N/[C@@H](c1ccccc1)[C@@H](/N=C/c1ccccc1[O-])c1ccccc1,2,0,13 17,8 17,-1496.267437,-1338.945921,1.3672898856775086,50.683644942838754,-49.316355057161246
73,1001,COc1ccc(-c2cc3ccccc3c(-c3c(O)ccc4cc(-c5ccccc5)ccc34)c2O)cc1,CC(C)(C1=N[C@@H](C(C)(C)C)CO1)C1=N[C@@H](C(C)(C)C)CO1,0,3,17 33,4 13,-1496.264811,-924.7872077,-59.611354685163384,20.194322657418308,-79.80567734258169
73,1002,COc1ccc(-c2cc3ccccc3c(-c3c(O)ccc4cc(-c5ccccc5)ccc34)c2O)cc1,CC(C)(C)[C@@H]1COC(C2(C3=N[C@H](C(C)(C)C)CO3)CCCCC2)=N1,0,0,17 33,10 23,-1496.264811,-1041.378417,42.20313084879109,71.10156542439555,-28.898434575604455
73,1003,COc1ccc(-c2cc3ccccc3c(-c3c(O)ccc4cc(-c5ccccc5)ccc34)c2O)cc1,CC(C)(C)[C@H]1COC(C2(C3=N[C@@H](C(C)(C)C)CO3)CCCC2)=N1,0,2,17 33,10 22,-1496.264811,-1002.119896,-53.30884155083987,23.345579224580064,-76.65442077541994
73,1004,COc1ccc(-c2cc3ccccc3c(-c3c(O)ccc4cc(-c5ccccc5)ccc34)c2O)cc1,CC(C)(C)[C@H]1COC(C2(C3=N[C@@H](C(C)(C)C)CO3)CCC2)=N1,0,0,17 33,10 21,-1496.264811,-962.8318746,-37.479336946865075,31.260331526567462,-68.73966847343254
73,1005,COc1ccc(-c2cc3ccccc3c(-c3c(O)ccc4cc(-c5ccccc5)ccc34)c2O)cc1,CC(C)(C)[C@@H]1COC(C2(C3=N[C@H](C(C)(C)C)CO3)CC2)=N1,0,2,17 33,10 20,-1496.264811,-923.5694488,62.36854552918413,81.18427276459207,-18.815727235407934
73,1006,COc1ccc(-c2cc3ccccc3c(-c3c(O)ccc4cc(-c5ccccc5)ccc34)c2O)cc1,CC(C)(C)[C@@H]1COC(CC2=N[C@H](C(C)(C)C)CO2)=N1,0,1,17 33,10 18,-1496.264811,-846.2631981,10.20592357960992,55.10296178980496,-44.89703821019504
73,1007,COc1ccc(-c2cc3ccccc3c(-c3c(O)ccc4cc(-c5ccccc5)ccc34)c2O)cc1,CC(C)(C)[C@H]1COC(C(Cc2ccccc2)(Cc2ccccc2)C2=N[C@@H](C(C)(C)C)CO2)=N1,0,0,17 33,24 32,-1496.264811,-1386.443314,-13.979848667230469,43.010075666384765,-56.989924333615235
73,1008,COc1ccc(-c2cc3ccccc3c(-c3c(O)ccc4cc(-c5ccccc5)ccc34)c2O)cc1,CC(C)(C)[C@H]1COC(C2=N[C@@H](C(C)(C)C)CO2)=N1,0,1,17 33,9 17,-1496.264811,-806.9917463,-15.930468530112885,42.034765734943555,-57.965234265056445
73,1009,COc1ccc(-c2cc3ccccc3c(-c3c(O)ccc4cc(-c5ccccc5)ccc34)c2O)cc1,CC(C)(C)[C@H]1COC(c2ccccn2)=N1,0,0,17 33,13 14,-1496.264811,-650.9603345,-22.102899415296474,38.94855029235176,-61.05144970764824
73,1010,COc1ccc(-c2cc3ccccc3c(-c3c(O)ccc4cc(-c5ccccc5)ccc34)c2O)cc1,CC(C)(C)[C@H]1COC(c2ccc3ccccc3n2)=N1,0,0,17 33,17 18,-1496.264811,-804.4663888,-19.60159847768247,40.199200761158764,-59.800799238841236
73,1011,COc1ccc(-c2cc3ccccc3c(-c3c(O)ccc4cc(-c5ccccc5)ccc34)c2O)cc1,CC(C)(C)[C@H]1COC(c2cccc(C3=N[C@@H](C(C)(C)C)CO3)n2)=N1,0,0,17 33,23 14 22,-1496.264811,-1053.868619,-9.047750516942955,45.47612474152852,-54.52387525847148
73,1012,COc1ccc(-c2cc3ccccc3c(-c3c(O)ccc4cc(-c5ccccc5)ccc34)c2O)cc1,CC(C)(C)[C@@H]1COC(c2ccc(C(F)(F)F)cn2)=N1,0,0,17 33,17 18,-1496.264811,-987.756862,13.519628145703173,56.75981407285158,-43.24018592714842
73,1013,COc1ccc(-c2cc3ccccc3c(-c3c(O)ccc4cc(-c5ccccc5)ccc34)c2O)cc1,CC(C)(C1=N[C@@H](C(C)(C)C)CO1)c1ccccn1,0,0,17 33,17 4,-1496.264811,-768.7447589,-13.190469468227061,43.40476526588647,-56.59523473411353
73,1014,COc1ccc(-c2cc3ccccc3c(-c3c(O)ccc4cc(-c5ccccc5)ccc34)c2O)cc1,CC(C)(C)[C@@H]1COC(c2nccc3ccccc23)=N1,0,1,17 33,9 18,-1496.264811,-804.4621747,35.8297036838642,67.9148518419321,-32.085148158067895
73,1015,COc1ccc(-c2cc3ccccc3c(-c3c(O)ccc4cc(-c5ccccc5)ccc34)c2O)cc1,CC(C)(C)[C@H]1COC([C@@H]2CCCC[C@H]2C2=N[C@@H](C(C)(C)C)CO2)=N1,0,0,17 33,23 15,-1496.264811,-1041.38254,-2.2728108850035076,48.863594557498246,-51.136405442501754
73,1016,COc1ccc(-c2cc3ccccc3c(-c3c(O)ccc4cc(-c5ccccc5)ccc34)c2O)cc1,CC(C)(C)[C@@H]1COC(c2ccccc2Nc2ccccc2C2=N[C@H](C(C)(C)C)CO2)=N1,0,0,17 33,22 14 30,-1496.264811,-1323.988245,-4.151347925272664,47.92432603736367,-52.07567396263633
73,1017,COc1ccc(-c2cc3ccccc3c(-c3c(O)ccc4cc(-c5ccccc5)ccc34)c2O)cc1,CC(C)(C)[C@H]1COC(/C=c2\[n-]/c(=C\C3=N[C@@H](C(C)(C)C)CO3)c3ccccc23)=N1,0,0,17 33,10 28 14,-1496.264811,-1246.074571,-1.1662563018796241,49.416871849060186,-50.583128150939814
73,1018,COc1ccc(-c2cc3ccccc3c(-c3c(O)ccc4cc(-c5ccccc5)ccc34)c2O)cc1,CC(C)(C)[C@H]1COC(c2cccc(-c3cccc(C4=N[C@@H](C(C)(C)C)CO4)n3)n2)=N1,0,0,17 33,27 19 28 29,-1496.264811,-1300.750937,-5.901165813595341,47.04941709320233,-52.95058290679767
73,1019,COc1ccc(-c2cc3ccccc3c(-c3c(O)ccc4cc(-c5ccccc5)ccc34)c2O)cc1,CC(C)(C)[C@@H]1COC(c2cccc(-c3ccccn3)n2)=N1,0,0,17 33,18 19 20,-1496.264811,-897.839473,6.064876621914287,53.03243831095715,-46.96756168904285
73,1020,COc1ccc(-c2cc3ccccc3c(-c3c(O)ccc4cc(-c5ccccc5)ccc34)c2O)cc1,CC(C)(C)[C@@H]1COC(c2cccc(-c3ccccn3)n2)=N1,0,0,17 33,18 19 20,-1496.264811,-897.8395764,5.074587792352565,52.53729389617628,-47.46270610382372
73,1021,COc1ccc(-c2cc3ccccc3c(-c3c(O)ccc4cc(-c5ccccc5)ccc34)c2O)cc1,Cc1ccc(N2C[C@H](C(C)(C)C)N=C2C2=N[C@@H](C(C)(C)C)CN2c2ccc(C)cc2)cc1,0,0,17 33,12 15,-1496.264811,-1307.470214,-14.709449967917486,42.64527501604125,-57.35472498395875
73,1022,COc1ccc(-c2cc3ccccc3c(-c3c(O)ccc4cc(-c5ccccc5)ccc34)c2O)cc1,CC(C)[C@@H]1COC(C(C)(C)C2=N[C@H](C(C)C)CO2)=N1,0,2,17 33,18 11,-1496.264811,-846.264983,51.98205764807832,75.99102882403916,-24.00897117596084
73,1023,COc1ccc(-c2cc3ccccc3c(-c3c(O)ccc4cc(-c5ccccc5)ccc34)c2O)cc1,CC(C)[C@H]1COC(C2(C3=N[C@@H](C(C)C)CO3)CCCCC2)=N1,0,2,17 33,9 21,-1496.264811,-962.8650477,-18.595884277741966,40.70205786112902,-59.29794213887098
73,1024,COc1ccc(-c2cc3ccccc3c(-c3c(O)ccc4cc(-c5ccccc5)ccc34)c2O)cc1,CC(C)[C@H]1COC(C2(C3=N[C@@H](C(C)C)CO3)CCCC2)=N1,0,0,17 33,9 20,-1496.264811,-923.5979956,-23.228829118981995,38.385585440509004,-61.614414559490996
73,1025,COc1ccc(-c2cc3ccccc3c(-c3c(O)ccc4cc(-c5ccccc5)ccc34)c2O)cc1,CC(C)[C@H]1COC(C2(C3=N[C@@H](C(C)C)CO3)CC2)=N1,0,0,17 33,9 18,-1496.264811,-845.0470679,-46.313723419763505,26.843138290118247,-73.15686170988175
73,1026,COc1ccc(-c2cc3ccccc3c(-c3c(O)ccc4cc(-c5ccccc5)ccc34)c2O)cc1,CC(C)[C@@H]1COC(CC2=N[C@H](C(C)C)CO2)=N1,0,3,17 33,16 9,-1496.264811,-767.7407516,-4.028310214474225,47.985844892762884,-52.014155107237116
73,1027,COc1ccc(-c2cc3ccccc3c(-c3c(O)ccc4cc(-c5ccccc5)ccc34)c2O)cc1,CC(C)[C@H]1COC(C(C)(Cc2ccccc2)C2=N[C@@H](C(C)C)CO2)=N1,0,0,17 33,24 17,-1496.264811,-1077.094636,-39.77490384016624,30.11254807991688,-69.88745192008312
73,1028,COc1ccc(-c2cc3ccccc3c(-c3c(O)ccc4cc(-c5ccccc5)ccc34)c2O)cc1,CC(C)[C@@H]1COC(C(Cc2ccccc2)(Cc2ccccc2)C2=N[C@H](C(C)C)CO2)=N1,0,1,17 33,30 23,-1496.264811,-1307.925837,15.419254607711785,57.709627303855896,-42.290372696144104
73,1029,COc1ccc(-c2cc3ccccc3c(-c3c(O)ccc4cc(-c5ccccc5)ccc34)c2O)cc1,CC(C)[C@H]1COC(C(Cc2ccc(C(C)(C)C)cc2)(Cc2ccc(C(C)(C)C)cc2)C2=N[C@@H](C(C)C)CO2)=N1,0,0,17 33,38 31,-1496.264811,-1622.00837,-14.424511626139505,42.78774418693025,-57.21225581306975
73,1030,COc1ccc(-c2cc3ccccc3c(-c3c(O)ccc4cc(-c5ccccc5)ccc34)c2O)cc1,CC(C)[C@@H]1COC(C2=N[C@H](C(C)C)CO2)=N1,0,0,17 33,8 15,-1496.264811,-728.4699348,29.712049892879428,64.85602494643972,-35.14397505356028
73,1031,COc1ccc(-c2cc3ccccc3c(-c3c(O)ccc4cc(-c5ccccc5)ccc34)c2O)cc1,CC(C)[C@H]1COC(c2ccccn2)=N1,0,0,17 33,12 13,-1496.264811,-611.69952,-34.115113768264834,32.94244311586758,-67.05755688413242
73,1032,COc1ccc(-c2cc3ccccc3c(-c3c(O)ccc4cc(-c5ccccc5)ccc34)c2O)cc1,CC(C)[C@@H]1COC(c2ccc3ccccc3n2)=N1,0,0,17 33,16 17,-1496.264811,-765.2054016,23.004292077064363,61.50214603853218,-38.49785396146782
73,1033,COc1ccc(-c2cc3ccccc3c(-c3c(O)ccc4cc(-c5ccccc5)ccc34)c2O)cc1,CC(C)[C@@H]1COC(c2cccc(C3=N[C@H](C(C)C)CO3)n2)=N1,0,0,17 33,21 20 13,-1496.264811,-975.3489125,25.419546264433116,62.709773132216554,-37.290226867783446
73,1034,COc1ccc(-c2cc3ccccc3c(-c3c(O)ccc4cc(-c5ccccc5)ccc34)c2O)cc1,CC(C)[C@H]1COC(c2ccc(C(F)(F)F)cn2)=N1,0,0,17 33,16 17,-1496.264811,-948.4960275,-24.636170702663197,37.6819146486684,-62.3180853513316
73,1035,COc1ccc(-c2cc3ccccc3c(-c3c(O)ccc4cc(-c5ccccc5)ccc34)c2O)cc1,CC(C)[C@@H]1COC(Cc2ccccn2)=N1,0,0,17 33,13 14,-1496.264811,-650.9622206,5.965247042904926,52.98262352145246,-47.01737647854754
73,1036,COc1ccc(-c2cc3ccccc3c(-c3c(O)ccc4cc(-c5ccccc5)ccc34)c2O)cc1,CC(C)[C@@H]1COC(c2nccc3ccccc23)=N1,0,0,17 33,8 17,-1496.264811,-765.2009547,30.063934525570282,65.03196726278514,-34.968032737214855
73,1037,COc1ccc(-c2cc3ccccc3c(-c3c(O)ccc4cc(-c5ccccc5)ccc34)c2O)cc1,CC(C)[C@@H]1COC(c2ccc3cccnc3n2)=N1,0,0,17 33,16 17,-1496.264811,-781.2378695,2.1152969969786337,51.057648498489314,-48.942351501510686
73,1038,COc1ccc(-c2cc3ccccc3c(-c3c(O)ccc4cc(-c5ccccc5)ccc34)c2O)cc1,CC(C)C[C@H]1COC(c2ccccc2P(c2ccccc2)c2ccccc2C2=N[C@@H](CC(C)C)CO2)=N1,0,0,17 33,28 14 36,-1496.264811,-1841.351686,3.319141224855265,51.65957061242763,-48.34042938757237
73,1039,COc1ccc(-c2cc3ccccc3c(-c3c(O)ccc4cc(-c5ccccc5)ccc34)c2O)cc1,CC(C)[C@H]1COC(c2cccc3c2oc2c(C4=N[C@@H](C(C)C)CO4)cccc23)=N1,0,0,17 33,17 28 13,-1496.264811,-1264.139226,-9.286453879111608,45.3567730604442,-54.6432269395558
73,1040,COc1ccc(-c2cc3ccccc3c(-c3c(O)ccc4cc(-c5ccccc5)ccc34)c2O)cc1,CC(C)[C@H]1COC(c2cccc(C3=N[C@@H](C(C)C)CO3)c2)=N1,0,1,17 33,21 13,-1496.264811,-959.3224258,-15.171474762479086,42.41426261876046,-57.58573738123954
73,1041,COc1ccc(-c2cc3ccccc3c(-c3c(O)ccc4cc(-c5ccccc5)ccc34)c2O)cc1,CC(C)c1cccc(N2C[C@H](C(C)C)N=C2C2=N[C@@H](C(C)C)CN2c2cccc(C(C)C)c2)c1,0,0,17 33,14 17,-1496.264811,-1385.989932,-17.486325919041242,41.25683704047938,-58.74316295952062
73,1042,COc1ccc(-c2cc3ccccc3c(-c3c(O)ccc4cc(-c5ccccc5)ccc34)c2O)cc1,CC(C)[C@H]1CN(c2ccc(C(F)(F)F)cc2)C(C2=N[C@@H](C(C)C)CN2c2ccc(C(F)(F)F)cc2)=N1,0,0,17 33,18 35,-1496.264811,-1824.017689,-8.208029499067901,45.89598525046605,-54.10401474953395
73,1043,COc1ccc(-c2cc3ccccc3c(-c3c(O)ccc4cc(-c5ccccc5)ccc34)c2O)cc1,Cc1ccc(N2C[C@H](C(C)C)N=C2C2=N[C@@H](C(C)C)CN2c2ccc(C)cc2)cc1,0,0,17 33,11 14,-1496.264811,-1228.948101,-5.607806055681005,47.196096972159495,-52.803903027840505
73,1044,COc1ccc(-c2cc3ccccc3c(-c3c(O)ccc4cc(-c5ccccc5)ccc34)c2O)cc1,CC(C)[C@H]1COC(/C(C#N)=C2\[N-][C@@H](C(C)C)CO2)=N1,0,6,17 33,11 18,-1496.264811,-859.3852808,-9.104886134078116,45.44755693296094,-54.55244306703906
73,1045,COc1ccc(-c2cc3ccccc3c(-c3c(O)ccc4cc(-c5ccccc5)ccc34)c2O)cc1,CC(C)[C@H]1N=C(c2cccc(C3=N[C@H](C(C)C)C(c4ccccc4)(c4ccccc4)O3)n2)OC1(c1ccccc1)c1ccccc1,0,0,17 33,4 12 31,-1496.264811,-1898.675751,6.357248824561195,53.1786244122806,-46.8213755877194
73,1046,COc1ccc(-c2cc3ccccc3c(-c3c(O)ccc4cc(-c5ccccc5)ccc34)c2O)cc1,CC(C)(C1=N[C@H](c2ccccc2)CO1)C1=N[C@H](c2ccccc2)CO1,0,4,17 33,4 15,-1496.264811,-1072.360523,41.78191214396414,70.89095607198207,-29.10904392801793
73,1047,COc1ccc(-c2cc3ccccc3c(-c3c(O)ccc4cc(-c5ccccc5)ccc34)c2O)cc1,c1ccc([C@@H]2COC(C3(C4=N[C@H](c5ccccc5)CO4)CCCCC3)=N2)cc1,0,1,17 33,25 10,-1496.264811,-1188.961784,35.423435727383534,67.71171786369177,-32.28828213630823
73,1048,COc1ccc(-c2cc3ccccc3c(-c3c(O)ccc4cc(-c5ccccc5)ccc34)c2O)cc1,c1ccc([C@H]2COC(C3(C4=N[C@@H](c5ccccc5)CO4)CCCC3)=N2)cc1,0,1,17 33,24 10,-1496.264811,-1149.693678,-42.30515389898343,28.847423050508286,-71.15257694949172
73,1049,COc1ccc(-c2cc3ccccc3c(-c3c(O)ccc4cc(-c5ccccc5)ccc34)c2O)cc1,c1ccc([C@@H]2COC(C3(C4=N[C@H](c5ccccc5)CO4)CCC3)=N2)cc1,0,0,17 33,10 23,-1496.264811,-1110.405334,28.72759798852693,64.36379899426346,-35.63620100573654
73,1050,COc1ccc(-c2cc3ccccc3c(-c3c(O)ccc4cc(-c5ccccc5)ccc34)c2O)cc1,c1ccc([C@@H]2COC(C3(C4=N[C@H](c5ccccc5)CO4)CC3)=N2)cc1,0,0,17 33,10 22,-1496.264811,-1071.142417,39.674864575282825,69.8374322876414,-30.162567712358587
73,1051,COc1ccc(-c2cc3ccccc3c(-c3c(O)ccc4cc(-c5ccccc5)ccc34)c2O)cc1,c1ccc(CC(Cc2ccccc2)(C2=N[C@@H](c3ccccc3)CO2)C2=N[C@@H](c3ccccc3)CO2)cc1,0,2,17 33,25 14,-1496.264811,-1534.023098,-17.22322091018355,41.38838954490822,-58.61161045509178
73,1052,COc1ccc(-c2cc3ccccc3c(-c3c(O)ccc4cc(-c5ccccc5)ccc34)c2O)cc1,CC(Cc1ccccc1)(C1=N[C@@H](c2ccccc2)CO1)C1=N[C@@H](c2ccccc2)CO1,0,0,17 33,10 21,-1496.264811,-1303.193117,-15.612731837969843,42.19363408101508,-57.80636591898492
73,1053,COc1ccc(-c2cc3ccccc3c(-c3c(O)ccc4cc(-c5ccccc5)ccc34)c2O)cc1,CC(C)(C)c1ccc(CC(Cc2ccc(C(C)(C)C)cc2)(C2=N[C@@H](c3ccccc3)CO2)C2=N[C@@H](c3ccccc3)CO2)cc1,0,0,17 33,33 22,-1496.264811,-1848.107801,-11.278103027136257,44.36094848643187,-55.63905151356813
73,1054,COc1ccc(-c2cc3ccccc3c(-c3c(O)ccc4cc(-c5ccccc5)ccc34)c2O)cc1,c1ccc([C@H]2COC(C3=N[C@@H](c4ccccc4)CO3)=N2)cc1,0,0,17 33,9 19,-1496.264811,-954.5647571,-17.29226440276612,41.35386779861694,-58.64613220138306
73,1055,COc1ccc(-c2cc3ccccc3c(-c3c(O)ccc4cc(-c5ccccc5)ccc34)c2O)cc1,c1ccc([C@@H]2COC(c3ccccn3)=N2)cc1,0,0,17 33,13 14,-1496.264811,-724.746776,7.969180919802149,53.98459045990107,-46.01540954009893
73,1056,COc1ccc(-c2cc3ccccc3c(-c3c(O)ccc4cc(-c5ccccc5)ccc34)c2O)cc1,c1ccc([C@H]2COC(c3ccc4ccccc4n3)=N2)cc1,0,0,17 33,17 18,-1496.264811,-878.2528728,-19.289444324819613,40.355277837590194,-59.644722162409806
73,1057,COc1ccc(-c2cc3ccccc3c(-c3c(O)ccc4cc(-c5ccccc5)ccc34)c2O)cc1,c1ccc([C@H]2COC(c3cccc(C4=N[C@@H](c5ccccc5)CO4)n3)=N2)cc1,0,0,17 33,24 25 14,-1496.264811,-1201.443303,-13.041538223654628,43.47923088817269,-56.52076911182731
73,1058,COc1ccc(-c2cc3ccccc3c(-c3c(O)ccc4cc(-c5ccccc5)ccc34)c2O)cc1,c1ccc([C@H]2COC(CC3=N[C@@H](c4ccccc4)CO3)=N2)cc1,0,0,17 33,10 20,-1496.264811,-993.8362822,-12.013867866786025,43.993066066606985,-56.006933933393015
73,1059,COc1ccc(-c2cc3ccccc3c(-c3c(O)ccc4cc(-c5ccccc5)ccc34)c2O)cc1,c1ccc([C@H]2COC(c3nccc4ccccc34)=N2)cc1,0,0,17 33,9 18,-1496.264811,-878.2485743,-23.57920379200818,38.210398103995914,-61.789601896004086
73,1060,COc1ccc(-c2cc3ccccc3c(-c3c(O)ccc4cc(-c5ccccc5)ccc34)c2O)cc1,CC(C)(C1=N[C@@H](c2ccccc2)C(c2ccccc2)(c2ccccc2)O1)C1=N[C@@H](c2ccccc2)C(c2ccccc2)(c2ccccc2)O1,0,1,17 33,27 4,-1496.264811,-1995.694324,-31.80873474661877,34.095632626690616,-65.90436737330938
73,1061,COc1ccc(-c2cc3ccccc3c(-c3c(O)ccc4cc(-c5ccccc5)ccc34)c2O)cc1,C(\C1=N[C@H](c2ccccc2)CO1)=c1\[n-]/c(=C\C2=N[C@H](c3ccccc3)CO2)c2ccccc12,0,0,17 33,17 2 13,-1496.264811,-1393.650658,-0.04605396442015941,49.97697301778992,-50.02302698221008
73,1062,COc1ccc(-c2cc3ccccc3c(-c3c(O)ccc4cc(-c5ccccc5)ccc34)c2O)cc1,c1ccc([C@H]2COC(c3ccccc3Nc3ccccc3C3=N[C@@H](c4ccccc4)CO3)=N2)cc1,0,0,17 33,32 14 22,-1496.264811,-1471.560923,-8.225320327533069,45.887339836233465,-54.112660163766535
73,1063,COc1ccc(-c2cc3ccccc3c(-c3c(O)ccc4cc(-c5ccccc5)ccc34)c2O)cc1,N#C/C(C1=N[C@@H](c2ccccc2)CO1)=C1/[N-][C@@H](c2ccccc2)CO1,0,2,17 33,4 15,-1496.264811,-1085.486043,-12.338140935073799,43.8309295324631,-56.1690704675369
73,1064,COc1ccc(-c2cc3ccccc3c(-c3c(O)ccc4cc(-c5ccccc5)ccc34)c2O)cc1,c1ccc([C@H]2COC(c3cccc(C4=N[C@@H](c5ccccc5)CO4)c3)=N2)cc1,0,2,17 33,25 14,-1496.264811,-1185.417111,-16.959177158930544,41.52041142053473,-58.47958857946527
73,1065,COc1ccc(-c2cc3ccccc3c(-c3c(O)ccc4cc(-c5ccccc5)ccc34)c2O)cc1,c1ccc([C@H]2COC(c3cccc4c3oc3c(C5=N[C@@H](c6ccccc6)CO5)cccc34)=N2)cc1,0,1,17 33,32 18 14,-1496.264811,-1490.233608,-10.169014491411065,44.91549275429447,-55.08450724570553
73,1066,COc1ccc(-c2cc3ccccc3c(-c3c(O)ccc4cc(-c5ccccc5)ccc34)c2O)cc1,C(\C1=N[C@H](c2ccccc2)CO1)=c1\o/c(=C\C2=N[C@H](c3ccccc3)CO2)c2ccccc12,0,0,17 33,17 2 13,-1496.264811,-1414.040486,1.5314579878352,50.7657289939176,-49.2342710060824
73,1067,COc1ccc(-c2cc3ccccc3c(-c3c(O)ccc4cc(-c5ccccc5)ccc34)c2O)cc1,CC(C)(C1=N[C@@H]2c3ccccc3C[C@@H]2O1)C1=N[C@@H]2c3ccccc3C[C@@H]2O1,0,0,17 33,16 4,-1496.264811,-1148.533419,43.97390211659643,71.98695105829822,-28.013048941701786
73,1068,COc1ccc(-c2cc3ccccc3c(-c3c(O)ccc4cc(-c5ccccc5)ccc34)c2O)cc1,c1ccc2c(c1)C[C@H]1OC(C3(C4=N[C@H]5c6ccccc6C[C@H]5O4)CCCCC3)=N[C@@H]21,0,0,17 33,12 28,-1496.264811,-1265.120113,-55.49637157693557,22.251814211532214,-77.7481857884678
73,1069,COc1ccc(-c2cc3ccccc3c(-c3c(O)ccc4cc(-c5ccccc5)ccc34)c2O)cc1,c1ccc2c(c1)C[C@@H]1OC(C3(C4=N[C@@H]5c6ccccc6C[C@@H]5O4)CCCC3)=N[C@H]21,0,0,17 33,27 12,-1496.264811,-1225.865898,50.511471762784566,75.25573588139228,-24.744264118607717
73,1070,COc1ccc(-c2cc3ccccc3c(-c3c(O)ccc4cc(-c5ccccc5)ccc34)c2O)cc1,c1ccc2c(c1)C[C@@H]1OC(C3(C4=N[C@@H]5c6ccccc6C[C@@H]5O4)CCC3)=N[C@H]21,0,3,17 33,26 12,-1496.264811,-1186.577848,38.865210400865124,69.43260520043256,-30.567394799567438
73,1071,COc1ccc(-c2cc3ccccc3c(-c3c(O)ccc4cc(-c5ccccc5)ccc34)c2O)cc1,c1ccc2c(c1)C[C@H]1OC(C3(C4=N[C@H]5c6ccccc6C[C@H]5O4)CC3)=N[C@@H]21,0,0,17 33,25 12,-1496.264811,-1147.313977,-74.47319721789756,12.763401391051218,-87.23659860894878
73,1072,COc1ccc(-c2cc3ccccc3c(-c3c(O)ccc4cc(-c5ccccc5)ccc34)c2O)cc1,CCC(CC)(C1=N[C@H]2c3ccccc3C[C@H]2O1)C1=N[C@H]2c3ccccc3C[C@H]2O1,0,0,17 33,18 6,-1496.264811,-1227.050677,-70.0561494010791,14.971925299460452,-85.02807470053955
73,1073,COc1ccc(-c2cc3ccccc3c(-c3c(O)ccc4cc(-c5ccccc5)ccc34)c2O)cc1,c1ccc(CC(Cc2ccccc2)(C2=N[C@@H]3c4ccccc4C[C@@H]3O2)C2=N[C@@H]3c4ccccc4C[C@@H]3O2)cc1,0,0,17 33,26 14,-1496.264811,-1610.184387,-0.6173393757717189,49.69133031211414,-50.30866968788586
73,1074,COc1ccc(-c2cc3ccccc3c(-c3c(O)ccc4cc(-c5ccccc5)ccc34)c2O)cc1,CC(Cc1ccccc1)(C1=N[C@H]2c3ccccc3C[C@H]2O1)C1=N[C@H]2c3ccccc3C[C@H]2O1,0,0,17 33,10 22,-1496.264811,-1379.360112,-2.5601587124156757,48.719920643792165,-51.280079356207835
73,1075,COc1ccc(-c2cc3ccccc3c(-c3c(O)ccc4cc(-c5ccccc5)ccc34)c2O)cc1,CC(C)(C)c1ccc(CC(Cc2ccc(C(C)(C)C)cc2)(C2=N[C@@H]3c4ccccc4C[C@@H]3O2)C2=N[C@@H]3c4ccccc4C[C@@H]3O2)cc1,0,0,17 33,34 22,-1496.264811,-1924.267304,27.81056396024529,63.905281980122645,-36.094718019877355
73,1076,COc1ccc(-c2cc3ccccc3c(-c3c(O)ccc4cc(-c5ccccc5)ccc34)c2O)cc1,CC(C)(C)c1cc(CC(Cc2cc(C(C)(C)C)cc(C(C)(C)C)c2)(C2=N[C@H]3c4ccccc4C[C@H]3O2)C2=N[C@H]3c4ccccc4C[C@H]3O2)cc(C(C)(C)C)c1,0,1,17 33,25 37,-1496.264811,-2238.36189,-22.06764717811267,38.96617641094367,-61.03382358905633
73,1077,COc1ccc(-c2cc3ccccc3c(-c3c(O)ccc4cc(-c5ccccc5)ccc34)c2O)cc1,c1ccc2c(c1)CC(C1=N[C@@H]3c4ccccc4C[C@@H]3O1)(C1=N[C@@H]3c4ccccc4C[C@@H]3O1)C2,0,0,17 33,9 21,-1496.264811,-1378.182059,39.3950950510809,69.69754752554044,-30.30245247445955
73,1078,COc1ccc(-c2cc3ccccc3c(-c3c(O)ccc4cc(-c5ccccc5)ccc34)c2O)cc1,c1ccc2c(c1)C[C@H]1OC(CC3=N[C@H]4c5ccccc5C[C@H]4O3)=N[C@@H]21,0,0,17 33,12 23,-1496.264811,-1070.004928,-3.940965319449478,48.02951734027526,-51.97048265972474
73,1079,COc1ccc(-c2cc3ccccc3c(-c3c(O)ccc4cc(-c5ccccc5)ccc34)c2O)cc1,c1ccc(C2=N[C@H]3c4ccccc4C[C@H]3O2)nc1,0,0,17 33,16 5,-1496.264811,-762.8325198,-23.650362322675377,38.17481883866231,-61.82518116133769
73,1080,COc1ccc(-c2cc3ccccc3c(-c3c(O)ccc4cc(-c5ccccc5)ccc34)c2O)cc1,c1ccc2c(c1)C[C@H]1OC(c3ccc4ccccc4n3)=N[C@@H]21,0,0,17 33,19 20,-1496.264811,-916.3386498,-12.43738798166435,43.78130600916783,-56.21869399083217
73,1081,COc1ccc(-c2cc3ccccc3c(-c3c(O)ccc4cc(-c5ccccc5)ccc34)c2O)cc1,c1ccc2c(c1)C[C@@H]1OC(c3nccc4ccccc34)=N[C@H]21,0,0,17 33,11 20,-1496.264811,-916.3345383,17.902410317630917,58.951205158815455,-41.048794841184545
73,1082,COc1ccc(-c2cc3ccccc3c(-c3c(O)ccc4cc(-c5ccccc5)ccc34)c2O)cc1,FC(F)(F)c1ccc(C2=N[C@@H]3c4ccccc4C[C@@H]3O2)nc1,0,0,17 33,9 20,-1496.264811,-1099.626649,-1.5991039259268067,49.200448037036594,-50.799551962963406
73,1083,COc1ccc(-c2cc3ccccc3c(-c3c(O)ccc4cc(-c5ccccc5)ccc34)c2O)cc1,c1cc(C2=N[C@H]3c4ccccc4C[C@H]3O2)nc(C2=N[C@H]3c4ccccc4C[C@H]3O2)c1,0,0,17 33,18 4 15,-1496.264811,-1277.615075,-11.354602890422598,44.3226985547887,-55.6773014452113
73,1084,COc1ccc(-c2cc3ccccc3c(-c3c(O)ccc4cc(-c5ccccc5)ccc34)c2O)cc1,c1ccc2c(c1)C[C@H]1OC(C3=N[C@H]4c5ccccc5C[C@H]4O3)=N[C@@H]21,0,0,17 33,11 22,-1496.264811,-1030.735569,-39.05717642542881,30.471411787285597,-69.5285882127144
73,1085,COc1ccc(-c2cc3ccccc3c(-c3c(O)ccc4cc(-c5ccccc5)ccc34)c2O)cc1,c1ccc(-c2cccc(C3=N[C@H]4c5ccccc5C[C@H]4O3)n2)nc1,0,0,17 33,10 21 22,-1496.264811,-1009.709879,-15.203308144053521,42.39834592797324,-57.60165407202676
73,1086,COc1ccc(-c2cc3ccccc3c(-c3c(O)ccc4cc(-c5ccccc5)ccc34)c2O)cc1,c1ccc(-c2cccc(C3=N[C@@H]4c5ccccc5C[C@@H]4O3)n2)cc1,0,0,17 33,10 21,-1496.264811,-993.6729656,-2.087913505331854,48.95604324733407,-51.04395675266593
73,1087,COc1ccc(-c2cc3ccccc3c(-c3c(O)ccc4cc(-c5ccccc5)ccc34)c2O)cc1,O=C(Nc1ccccc1C1=N[C@@H]2c3ccccc3C[C@@H]2O1)c1ccccc1P(c1ccccc1)c1ccccc1,0,0,17 33,2 10,-1496.264811,-1949.73391,-2.3095527855826496,48.84522360720867,-51.15477639279133
73,1088,COc1ccc(-c2cc3ccccc3c(-c3c(O)ccc4cc(-c5ccccc5)ccc34)c2O)cc1,O=C(Nc1cccc(C(F)(F)F)c1C1=N[C@@H]2c3ccccc3C[C@@H]2O1)c1ccccc1P(c1ccccc1)c1ccccc1,0,1,17 33,2 14,-1496.264811,-2286.515962,4.4598981167322,52.2299490583661,-47.7700509416339
73,1089,COc1ccc(-c2cc3ccccc3c(-c3c(O)ccc4cc(-c5ccccc5)ccc34)c2O)cc1,CC(CC1=N[C@H]2c3ccccc3C[C@@H]2O1)(C1=N[C@H]2c3ccccc3C[C@H]2O1)C1=N[C@H]2c3ccccc3C[C@H]2O1,0,0,17 33,16 28,-1496.264811,-1663.278129,-11.800143413196245,44.099928293401874,-55.900071706598126
73,1090,COc1ccc(-c2cc3ccccc3c(-c3c(O)ccc4cc(-c5ccccc5)ccc34)c2O)cc1,CC(C)(C1=N[C@H](Cc2ccccc2)CO1)C1=N[C@H](Cc2ccccc2)CO1,0,0,17 33,16 4,-1496.264811,-1150.888196,34.9057813552541,67.45289067762705,-32.54710932237295
73,1091,COc1ccc(-c2cc3ccccc3c(-c3c(O)ccc4cc(-c5ccccc5)ccc34)c2O)cc1,c1ccc(C[C@H]2COC(C3(C4=N[C@@H](Cc5ccccc5)CO4)CCCCC3)=N2)cc1,0,0,17 33,27 11,-1496.264811,-1267.472166,-22.375354203053508,38.81232289847325,-61.18767710152675
73,1092,COc1ccc(-c2cc3ccccc3c(-c3c(O)ccc4cc(-c5ccccc5)ccc34)c2O)cc1,c1ccc(C[C@H]2COC(C3(C4=N[C@@H](Cc5ccccc5)CO4)CCCC3)=N2)cc1,0,1,17 33,26 11,-1496.264811,-1228.21857,-34.044508345932755,32.97774582703362,-67.02225417296637
73,1093,COc1ccc(-c2cc3ccccc3c(-c3c(O)ccc4cc(-c5ccccc5)ccc34)c2O)cc1,c1ccc(C[C@H]2COC(C3(C4=N[C@@H](Cc5ccccc5)CO4)CCC3)=N2)cc1,0,0,17 33,25 11,-1496.264811,-1188.932527,-16.656534434429172,41.67173278278541,-58.32826721721459
73,1094,COc1ccc(-c2cc3ccccc3c(-c3c(O)ccc4cc(-c5ccccc5)ccc34)c2O)cc1,c1ccc(C[C@H]2COC(C3(C4=N[C@@H](Cc5ccccc5)CO4)CC3)=N2)cc1,0,0,17 33,24 11,-1496.264811,-1149.663336,-27.79503512036002,36.102482439819994,-63.897517560180006
73,1095,COc1ccc(-c2cc3ccccc3c(-c3c(O)ccc4cc(-c5ccccc5)ccc34)c2O)cc1,CC(Cc1ccccc1)(C1=N[C@H](Cc2ccccc2)CO1)C1=N[C@H](Cc2ccccc2)CO1,0,0,17 33,10 22,-1496.264811,-1381.707279,17.831287148589247,58.91564357429462,-41.08435642570538
73,1096,COc1ccc(-c2cc3ccccc3c(-c3c(O)ccc4cc(-c5ccccc5)ccc34)c2O)cc1,c1ccc(C[C@H]2COC(C(Cc3ccccc3)(Cc3ccccc3)C3=N[C@@H](Cc4ccccc4)CO3)=N2)cc1,0,0,17 33,25 36,-1496.264811,-1612.547877,-7.148153453923745,46.42592327303813,-53.57407672696187
73,1097,COc1ccc(-c2cc3ccccc3c(-c3c(O)ccc4cc(-c5ccccc5)ccc34)c2O)cc1,CC(C)(C)c1ccc(CC(Cc2ccc(C(C)(C)C)cc2)(C2=N[C@H](Cc3ccccc3)CO2)C2=N[C@H](Cc3ccccc3)CO2)cc1,0,0,17 33,34 22,-1496.264811,-1926.618731,7.926397441310982,53.96319872065549,-46.03680127934451
73,1098,COc1ccc(-c2cc3ccccc3c(-c3c(O)ccc4cc(-c5ccccc5)ccc34)c2O)cc1,c1ccc(C[C@@H]2COC(CC3=N[C@H](Cc4ccccc4)CO3)=N2)cc1,0,0,17 33,11 22,-1496.264811,-1072.356973,11.506854694419648,55.75342734720982,-44.24657265279018
73,1099,COc1ccc(-c2cc3ccccc3c(-c3c(O)ccc4cc(-c5ccccc5)ccc34)c2O)cc1,c1ccc(C[C@H]2COC(c3ccccn3)=N2)cc1,0,0,17 33,14 15,-1496.264811,-764.0089485,-28.208417628267085,35.89579118586646,-64.10420881413354
73,1100,COc1ccc(-c2cc3ccccc3c(-c3c(O)ccc4cc(-c5ccccc5)ccc34)c2O)cc1,c1ccc(C[C@H]2COC(c3ccc4ccccc4n3)=N2)cc1,0,0,17 33,18 19,-1496.264811,-917.5151879,-9.319036195156606,45.3404819024217,-54.6595180975783
73,1101,COc1ccc(-c2cc3ccccc3c(-c3c(O)ccc4cc(-c5ccccc5)ccc34)c2O)cc1,FC(F)(F)c1ccc(C2=N[C@@H](Cc3ccccc3)CO2)nc1,0,0,17 33,9 20,-1496.264811,-1100.805579,-23.723044734672403,38.1384776326638,-61.8615223673362
73,1102,COc1ccc(-c2cc3ccccc3c(-c3c(O)ccc4cc(-c5ccccc5)ccc34)c2O)cc1,Fc1ccc(C2=N[C@@H](Cc3ccccc3)CO2)nc1,0,0,17 33,17 6,-1496.264811,-863.1783062,-19.246416813872774,40.376791593063615,-59.623208406936385
73,1103,COc1ccc(-c2cc3ccccc3c(-c3c(O)ccc4cc(-c5ccccc5)ccc34)c2O)cc1,CC(C)(C1=N[C@@H](Cc2ccccc2)CO1)c1ccccn1,0,0,17 33,4 20,-1496.264811,-881.7938527,-8.72054585225985,45.63972707387008,-54.36027292612992
73,1104,COc1ccc(-c2cc3ccccc3c(-c3c(O)ccc4cc(-c5ccccc5)ccc34)c2O)cc1,FC(F)(F)c1ccnc(C2=N[C@@H](Cc3ccccc3)CO2)c1,0,0,17 33,10 7,-1496.264811,-1100.805638,-19.896306197968535,40.051846901015736,-59.948153098984264
73,1105,COc1ccc(-c2cc3ccccc3c(-c3c(O)ccc4cc(-c5ccccc5)ccc34)c2O)cc1,c1ccc(C[C@@H]2COC(C3=N[C@H](Cc4ccccc4)CO3)=N2)cc1,0,0,17 33,10 21,-1496.264811,-1033.091065,5.641183819681354,52.82059190984068,-47.17940809015932
73,1106,COc1ccc(-c2cc3ccccc3c(-c3c(O)ccc4cc(-c5ccccc5)ccc34)c2O)cc1,c1ccc(C[C@@H]2COC(c3cccc(C4=N[C@H](Cc5ccccc5)CO4)n3)=N2)cc1,0,0,17 33,26 27 15,-1496.264811,-1279.968702,12.92235056452656,56.461175282263284,-43.538824717736716
73,1107,COc1ccc(-c2cc3ccccc3c(-c3c(O)ccc4cc(-c5ccccc5)ccc34)c2O)cc1,c1ccc(C[C@@H]2COC(c3cccc(C4=N[C@H](Cc5ccccc5)CO4)c3)=N2)cc1,0,0,17 33,27 15,-1496.264811,-1263.941857,4.3309284550188565,52.16546422750943,-47.83453577249057
73,1108,COc1ccc(-c2cc3ccccc3c(-c3c(O)ccc4cc(-c5ccccc5)ccc34)c2O)cc1,c1ccc(C[C@H]2COC(C(Cc3ccc4ccccc4n3)(Cc3ccc4ccccc4n3)C3=N[C@@H](Cc4ccccc4)CO3)=N2)cc1,0,0,17 33,33 44,-1496.264811,-1951.637558,-11.892789553715886,44.05360522314206,-55.94639477685794
73,1109,COc1ccc(-c2cc3ccccc3c(-c3c(O)ccc4cc(-c5ccccc5)ccc34)c2O)cc1,c1ccc(C[C@@H]2COC(c3cccc4c3oc3c(C5=N[C@H](Cc6ccccc6)CO5)cccc34)=N2)cc1,0,0,17 33,34 19 15,-1496.264811,-1568.762289,7.607309029248082,53.80365451462404,-46.19634548537596
73,1110,COc1ccc(-c2cc3ccccc3c(-c3c(O)ccc4cc(-c5ccccc5)ccc34)c2O)cc1,c1ccc(C[C@@H]2COC(c3cccc(-c4cccc(C5=N[C@H](Cc6ccccc6)CO5)n4)n3)=N2)cc1,0,0,17 33,32 33 20 31,-1496.264811,-1526.847484,3.6730512513165277,51.83652562565826,-48.16347437434174
73,1111,COc1ccc(-c2cc3ccccc3c(-c3c(O)ccc4cc(-c5ccccc5)ccc34)c2O)cc1,N#C/C(C1=N[C@@H](Cc2ccccc2)CO1)=C1/[N-][C@@H](Cc2ccccc2)CO1,0,0,17 33,4 16,-1496.264811,-1164.01035,-13.793794279687956,43.10310286015602,-56.89689713984398
73,1112,COc1ccc(-c2cc3ccccc3c(-c3c(O)ccc4cc(-c5ccccc5)ccc34)c2O)cc1,CC(C)(C1=N[C@H](c2ccccc2)[C@H](c2ccccc2)O1)C1=N[C@H](c2ccccc2)[C@H](c2ccccc2)O1,0,0,17 33,4 21,-1496.264811,-1534.032214,29.69209543887024,64.84604771943512,-35.15395228056488
73,1113,COc1ccc(-c2cc3ccccc3c(-c3c(O)ccc4cc(-c5ccccc5)ccc34)c2O)cc1,c1ccc([C@H]2OC(C3(C4=N[C@@H](c5ccccc5)[C@@H](c5ccccc5)O4)CCCCC3)=N[C@H]2c2ccccc2)cc1,0,3,17 33,9 30,-1496.264811,-1650.634597,-19.07199769673607,40.46400115163196,-59.53599884836804
73,1114,COc1ccc(-c2cc3ccccc3c(-c3c(O)ccc4cc(-c5ccccc5)ccc34)c2O)cc1,c1ccc([C@H]2OC(C3(C4=N[C@@H](c5ccccc5)[C@@H](c5ccccc5)O4)CCCC3)=N[C@H]2c2ccccc2)cc1,0,0,17 33,9 29,-1496.264811,-1611.364108,-23.632875963733962,38.18356201813302,-61.81643798186698
73,1115,COc1ccc(-c2cc3ccccc3c(-c3c(O)ccc4cc(-c5ccccc5)ccc34)c2O)cc1,c1ccc([C@H]2OC(C3(C4=N[C@@H](c5ccccc5)[C@@H](c5ccccc5)O4)CC3)=N[C@H]2c2ccccc2)cc1,0,0,17 33,9 27,-1496.264811,-1532.815707,-34.122575827022224,32.93871208648889,-67.06128791351111
73,1116,COc1ccc(-c2cc3ccccc3c(-c3c(O)ccc4cc(-c5ccccc5)ccc34)c2O)cc1,CC(Cc1ccccc1)(C1=N[C@H](c2ccccc2)[C@H](c2ccccc2)O1)C1=N[C@H](c2ccccc2)[C@H](c2ccccc2)O1,0,4,17 33,10 27,-1496.264811,-1764.861718,24.019319265253223,62.00965963262661,-37.99034036737339
73,1117,COc1ccc(-c2cc3ccccc3c(-c3c(O)ccc4cc(-c5ccccc5)ccc34)c2O)cc1,c1ccc(CC(Cc2ccccc2)(C2=N[C@@H](c3ccccc3)[C@@H](c3ccccc3)O2)C2=N[C@@H](c3ccccc3)[C@@H](c3ccccc3)O2)cc1,0,1,17 33,14 31,-1496.264811,-1995.696517,-2.3540696350985555,48.82296518245072,-51.17703481754928
73,1118,COc1ccc(-c2cc3ccccc3c(-c3c(O)ccc4cc(-c5ccccc5)ccc34)c2O)cc1,CC(C)(C)c1ccc(CC(Cc2ccc(C(C)(C)C)cc2)(C2=N[C@@H](c3ccccc3)[C@@H](c3ccccc3)O2)C2=N[C@@H](c3ccccc3)[C@@H](c3ccccc3)O2)cc1,0,0,17 33,22 39,-1496.264811,-2309.776028,-10.933414920259857,44.533292539870075,-55.466707460129925
73,1119,COc1ccc(-c2cc3ccccc3c(-c3c(O)ccc4cc(-c5ccccc5)ccc34)c2O)cc1,c1ccc([C@H]2N=C(CC3=N[C@H](c4ccccc4)[C@H](c4ccccc4)O3)O[C@H]2c2ccccc2)cc1,0,0,17 33,9 5,-1496.264811,-1455.5077,15.750720479304146,57.875360239652075,-42.124639760347925
73,1120,COc1ccc(-c2cc3ccccc3c(-c3c(O)ccc4cc(-c5ccccc5)ccc34)c2O)cc1,c1ccc([C@H]2OC(c3ccccn3)=N[C@H]2c2ccccc2)cc1,0,0,17 33,12 13,-1496.264811,-955.5810827,-17.084083791811523,41.45795810409424,-58.54204189590576
73,1121,COc1ccc(-c2cc3ccccc3c(-c3c(O)ccc4cc(-c5ccccc5)ccc34)c2O)cc1,c1ccc([C@H]2N=C(c3ccc4ccccc4n3)O[C@H]2c2ccccc2)cc1,0,0,17 33,16 5,-1496.264811,-1109.087172,17.633184183359955,58.81659209167998,-41.18340790832002
73,1122,COc1ccc(-c2cc3ccccc3c(-c3c(O)ccc4cc(-c5ccccc5)ccc34)c2O)cc1,FC(F)(F)c1ccc(C2=N[C@@H](c3ccccc3)[C@@H](c3ccccc3)O2)nc1,0,0,17 33,9 25,-1496.264811,-1292.377378,-16.608437447670653,41.695781276164674,-58.304218723835326
73,1123,COc1ccc(-c2cc3ccccc3c(-c3c(O)ccc4cc(-c5ccccc5)ccc34)c2O)cc1,c1ccc([C@H]2N=C(c3cccc(C4=N[C@H](c5ccccc5)[C@H](c5ccccc5)O4)n3)O[C@H]2c2ccccc2)cc1,0,1,17 33,29 13 5,-1496.264811,-1663.108881,16.504611904716977,58.25230595235849,-41.74769404764151
73,1124,COc1ccc(-c2cc3ccccc3c(-c3c(O)ccc4cc(-c5ccccc5)ccc34)c2O)cc1,N#C/C(C1=N[C@H](c2ccccc2)[C@H](c2ccccc2)O1)=C1/[N-][C@H](c2ccccc2)[C@H](c2ccccc2)O1,0,0,17 33,4 21,-1496.264811,-1547.161777,13.300068602596223,56.65003430129811,-43.34996569870189
73,1125,COc1ccc(-c2cc3ccccc3c(-c3c(O)ccc4cc(-c5ccccc5)ccc34)c2O)cc1,c1ccc([C@@H]2N=C(c3cccc4c3oc3c(C5=N[C@@H](c6ccccc6)[C@H](c6ccccc6)O5)cccc34)O[C@H]2c2ccccc2)cc1,0,0,17 33,17 13 5,-1496.264811,-1951.910503,-4.211118865813562,47.89444056709322,-52.10555943290678
73,1126,COc1ccc(-c2cc3ccccc3c(-c3c(O)ccc4cc(-c5ccccc5)ccc34)c2O)cc1,Cc1ccc(S(=O)(=O)N2C(c3cccc(C4=N[C@@H](c5ccccc5)[C@H](c5ccccc5)N4S(=O)(=O)c4ccc(C)cc4)c3)=N[C@@H](c3ccccc3)[C@@H]2c2ccccc2)cc1,0,0,17 33,16 43,-1496.264811,-3244.251941,2.878281682802939,51.43914084140147,-48.56085915859853
73,1127,COc1ccc(-c2cc3ccccc3c(-c3c(O)ccc4cc(-c5ccccc5)ccc34)c2O)cc1,c1ccc([C@@H]2N=C(c3cccc(C4=N[C@@H](c5ccccc5)[C@H](c5ccccc5)N4)c3)N[C@H]2c2ccccc2)cc1,0,0,17 33,5 13,-1496.264811,-1607.358369,-10.57783681669105,44.71108159165448,-55.28891840834552
73,1128,COc1ccc(-c2cc3ccccc3c(-c3c(O)ccc4cc(-c5ccccc5)ccc34)c2O)cc1,C[C@H]1COC(C(C)(C)C2=N[C@@H](C)CO2)=N1,0,0,17 33,9 14,-1496.264811,-689.222808,-8.772384423146118,45.61380778842694,-54.38619221157306
73,1129,COc1ccc(-c2cc3ccccc3c(-c3c(O)ccc4cc(-c5ccccc5)ccc34)c2O)cc1,C[C@H]1COC(C(C)(Cc2ccccc2)C2=N[C@@H](C)CO2)=N1,0,0,17 33,20 15,-1496.264811,-920.0497162,-16.77958387871081,41.610208060644595,-58.389791939355405
73,1130,COc1ccc(-c2cc3ccccc3c(-c3c(O)ccc4cc(-c5ccccc5)ccc34)c2O)cc1,C[C@H]1COC(C(Cc2ccc(C(C)(C)C)cc2)(Cc2ccc(C(C)(C)C)cc2)C2=N[C@@H](C)CO2)=N1,0,0,17 33,34 29,-1496.264811,-1464.962808,-6.736567447811681,46.63171627609416,-53.36828372390584
73,1131,COc1ccc(-c2cc3ccccc3c(-c3c(O)ccc4cc(-c5ccccc5)ccc34)c2O)cc1,C[C@@H]1COC(C(Cc2ccccc2)(Cc2ccccc2)C2=N[C@H](C)CO2)=N1,0,4,17 33,26 21,-1496.264811,-1150.883527,3.4127254442120716,51.706362722106036,-48.293637277893964
73,1132,COc1ccc(-c2cc3ccccc3c(-c3c(O)ccc4cc(-c5ccccc5)ccc34)c2O)cc1,C[C@@H]1COC(CC2=N[C@H](C)CO2)=N1,0,0,17 33,12 7,-1496.264811,-610.6988939,-0.6965826386368681,49.651708680681566,-50.348291319318434
73,1133,COc1ccc(-c2cc3ccccc3c(-c3c(O)ccc4cc(-c5ccccc5)ccc34)c2O)cc1,C[C@H]1COC(c2ccc(C(F)(F)F)cn2)=N1,0,0,17 33,14 15,-1496.264811,-869.9753069,-18.196377329681965,40.90181133515902,-59.09818866484098
73,1134,COc1ccc(-c2cc3ccccc3c(-c3c(O)ccc4cc(-c5ccccc5)ccc34)c2O)cc1,C[C@H]1COC(C2=N[C@@H](C)CO2)=N1,0,0,17 33,11 6,-1496.264811,-571.4282178,-3.5881609172106885,48.20591954139466,-51.79408045860534
73,1135,COc1ccc(-c2cc3ccccc3c(-c3c(O)ccc4cc(-c5ccccc5)ccc34)c2O)cc1,CC(C)C[C@@H]1COC(C2=N[C@H](CC(C)C)CO2)=N1,0,0,17 33,9 17,-1496.264811,-806.9877797,18.627490885659405,59.3137454428297,-40.6862545571703
73,1136,COc1ccc(-c2cc3ccccc3c(-c3c(O)ccc4cc(-c5ccccc5)ccc34)c2O)cc1,Cc1ccc(N2C[C@H](CC(C)C)N=C2C2=N[C@@H](CC(C)C)CN2c2ccc(C)cc2)cc1,0,1,17 33,12 15,-1496.264811,-1307.466211,-11.665234362292765,44.16738281885362,-55.83261718114638
73,1137,COc1ccc(-c2cc3ccccc3c(-c3c(O)ccc4cc(-c5ccccc5)ccc34)c2O)cc1,CC(C)C[C@H]1CN(c2cccc(C(C)(C)C)c2)C(C2=N[C@@H](CC(C)C)CN2c2cccc(C(C)(C)C)c2)=N1,0,1,17 33,19 37,-1496.264811,-1543.017894,-1.6190997182401627,49.19045014087992,-50.80954985912008
73,1138,COc1ccc(-c2cc3ccccc3c(-c3c(O)ccc4cc(-c5ccccc5)ccc34)c2O)cc1,CC[C@@H](C)[C@H]1CN(c2cccc(C(C)(C)C)c2)C(C2=N[C@@H]([C@H](C)CC)CN2c2cccc(C(C)(C)C)c2)=N1,0,0,17 33,19 37,-1496.264811,-1543.021699,-13.700786040635068,43.14960697968247,-56.85039302031753
73,1139,COc1ccc(-c2cc3ccccc3c(-c3c(O)ccc4cc(-c5ccccc5)ccc34)c2O)cc1,C1CCC([C@H]2COC(C3=N[C@@H](C4CCCCC4)CO3)=N2)CC1,0,0,17 33,9 19,-1496.264811,-961.6661462,-16.37953783648796,41.81023108175602,-58.18976891824398
73,1140,COc1ccc(-c2cc3ccccc3c(-c3c(O)ccc4cc(-c5ccccc5)ccc34)c2O)cc1,N[C@H]1c2ccccc2C[C@H]1[O-],0,0,17 33,0 10,-1496.264811,-478.4750351,-0.906741330537276,49.546629334731364,-50.453370665268636
73,1141,COc1ccc(-c2cc3ccccc3c(-c3c(O)ccc4cc(-c5ccccc5)ccc34)c2O)cc1,[O-]C(c1ccccc1)(c1ccccc1)[C@H]1CCCN1,0,4,17 33,0 18,-1496.264811,-787.8268535,-0.40542448458846536,49.79728775770577,-50.20271224229423
73,1142,COc1ccc(-c2cc3ccccc3c(-c3c(O)ccc4cc(-c5ccccc5)ccc34)c2O)cc1,N[C@@H](c1ccccc1)[C@H]([O-])c1ccccc1,0,1,17 33,0 9,-1496.264811,-671.2387181,2.0710745881247385,51.03553729406237,-48.96446270593763
73,1143,COc1ccc(-c2cc3ccccc3c(-c3c(O)ccc4cc(-c5ccccc5)ccc34)c2O)cc1,N[C@@H]1CCCC[C@H]1[O-],0,0,17 33,0 7,-1496.264811,-365.4171147,-0.746219183398499,49.62689040830075,-50.37310959169925
73,1144,COc1ccc(-c2cc3ccccc3c(-c3c(O)ccc4cc(-c5ccccc5)ccc34)c2O)cc1,N[C@@H](C[O-])Cc1ccccc1,0,0,17 33,0 3,-1496.264811,-479.6485701,-3.6244932837596444,48.187753358120176,-51.812246641879824
73,1145,COc1ccc(-c2cc3ccccc3c(-c3c(O)ccc4cc(-c5ccccc5)ccc34)c2O)cc1,[O-]C[C@@H]1CCCN1Cc1ccccc1,0,0,17 33,0 6,-1496.264811,-596.2244044,4.645017498533274,52.32250874926664,-47.67749125073336
73,1146,COc1ccc(-c2cc3ccccc3c(-c3c(O)ccc4cc(-c5ccccc5)ccc34)c2O)cc1,N[C@H](C[O-])Cc1ccccc1,0,1,17 33,0 3,-1496.264811,-479.6493962,6.840810054628001,53.420405027314004,-46.579594972685996
73,1147,COc1ccc(-c2cc3ccccc3c(-c3c(O)ccc4cc(-c5ccccc5)ccc34)c2O)cc1,[O-]C[C@@H]1CCCN1,0,0,17 33,0 6,-1496.264811,-326.127563,-0.9207726139665162,49.53961369301674,-50.46038630698326
73,1148,COc1ccc(-c2cc3ccccc3c(-c3c(O)ccc4cc(-c5ccccc5)ccc34)c2O)cc1,CC(C)(C)[C@@H](N)C[O-],0,0,17 33,5 7,-1496.264811,-366.5936045,-2.6210312418652495,48.68948437906737,-51.31051562093263
73,1149,COc1ccc(-c2cc3ccccc3c(-c3c(O)ccc4cc(-c5ccccc5)ccc34)c2O)cc1,CC(C)[C@H](N)C[O-],0,0,17 33,4 6,-1496.264811,-327.333821,-1.8141480791872908,49.092925960406355,-50.907074039593645
73,1150,COc1ccc(-c2cc3ccccc3c(-c3c(O)ccc4cc(-c5ccccc5)ccc34)c2O)cc1,N[C@@H](C[O-])c1ccccc1,0,1,17 33,0 3,-1496.264811,-440.3907373,-2.4092286725258614,48.79538566373707,-51.20461433626293
73,1151,COc1ccc(-c2cc3ccccc3c(-c3c(O)ccc4cc(-c5ccccc5)ccc34)c2O)cc1,[O-]C(c1cc(C(F)(F)F)cc(C(F)(F)F)c1)(c1cc(C(F)(F)F)cc(C(F)(F)F)c1)[C@H]1CCCN1,0,0,17 33,0 34,-1496.264811,-2135.060687,4.577452576585902,52.28872628829295,-47.71127371170705
73,1152,COc1ccc(-c2cc3ccccc3c(-c3c(O)ccc4cc(-c5ccccc5)ccc34)c2O)cc1,COc1nc2ccc(Br)cc2cc1[C@@H](c1ccccc1)[C@@]([O-])(CCN(C)C)c1ccc2ccccc2c1,0,0,17 33,24 21,-1496.264811,-4069.87959,6.651063959412024,53.325531979706014,-46.674468020293986
73,1153,COc1ccc(-c2cc3ccccc3c(-c3c(O)ccc4cc(-c5ccccc5)ccc34)c2O)cc1,CC(C)(C)c1cc(/C=N/[C@@H]2CCCC[C@H]2/N=C/c2cc(C(C)(C)C)cc(C(C)(C)C)c2[O-])c([O-])c(C(C)(C)C)c1,0,1,17 33,8 15,-1496.264811,-1661.320129,1.4287759888443832,50.71438799442219,-49.28561200557781
73,1154,COc1ccc(-c2cc3ccccc3c(-c3c(O)ccc4cc(-c5ccccc5)ccc34)c2O)cc1,CN[C@@H]1CCCC[C@H]1NC,0,0,17 33,8 1,-1496.264811,-424.657817,-2.357575201815785,48.821212399092104,-51.178787600907896
73,1155,COc1ccc(-c2cc3ccccc3c(-c3c(O)ccc4cc(-c5ccccc5)ccc34)c2O)cc1,CC(C)(C)[C@H]1CN2C[C@H](C(C)(C)C)[N-]C2=N1,0,0,17 33,13 6 15,-1496.264811,-673.33055,-0.7436396859548742,49.62818015702256,-50.37181984297744
73,1156,COc1ccc(-c2cc3ccccc3c(-c3c(O)ccc4cc(-c5ccccc5)ccc34)c2O)cc1,CCN(CC)[C@@H]1CCCC[C@H]1NC(=S)Nc1cc(C(F)(F)F)cc(C(F)(F)F)c1,0,0,17 33,2 11,-1496.264811,-1899.093947,3.580055641797612,51.79002782089881,-48.20997217910119
73,1157,COc1ccc(-c2cc3ccccc3c(-c3c(O)ccc4cc(-c5ccccc5)ccc34)c2O)cc1,O=C(N[C@H]1CCCC[C@@H]1NC(=O)c1ccccn1)c1ccccn1,0,0,17 33,9 2 17 23,-1496.264811,-1066.431466,-3.367804903559591,48.316097548220206,-51.683902451779794
73,1158,COc1ccc(-c2cc3ccccc3c(-c3c(O)ccc4cc(-c5ccccc5)ccc34)c2O)cc1,C=C[C@@H]1C[N@@]2CC[C@H]1C[C@@H]2[C@H](N)c1ccnc2ccc(OC)cc12,0,0,17 33,11 4,-1496.264811,-1015.561433,0.7623570585492923,50.38117852927465,-49.61882147072535
73,1159,COc1ccc(-c2cc3ccccc3c(-c3c(O)ccc4cc(-c5ccccc5)ccc34)c2O)cc1,C=C[C@@H]1C[N@@]2CC[C@H]1C[C@H]2[C@H](N)c1ccnc2ccc(OC)cc12,0,0,17 33,11 4,-1496.264811,-1015.556456,2.544734083497234,51.272367041748616,-48.727632958251384
73,1160,COc1ccc(-c2cc3ccccc3c(-c3c(O)ccc4cc(-c5ccccc5)ccc34)c2O)cc1,[O-][C@@H]1CCCC[C@H]1[O-],0,0,17 33,0 7,-1496.264811,-384.5074297,-1.2480901716460027,49.375954914177,-50.624045085823
73,1161,COc1ccc(-c2cc3ccccc3c(-c3c(O)ccc4cc(-c5ccccc5)ccc34)c2O)cc1,CC1(C)[C@@H]2C[C@@H]([O-])[C@@](C)([O-])[C@H]1C2,0,0,17 33,6 9,-1496.264811,-540.3370829,0.8847716589773942,50.4423858294887,-49.5576141705113
73,1162,COc1ccc(-c2cc3ccccc3c(-c3c(O)ccc4cc(-c5ccccc5)ccc34)c2O)cc1,[O-]C[C@@H]1CCCC[C@H]1C[O-],0,0,17 33,0 9,-1496.264811,-463.072022,2.6919719486406137,51.34598597432031,-48.65401402567969
73,1163,COc1ccc(-c2cc3ccccc3c(-c3c(O)ccc4cc(-c5ccccc5)ccc34)c2O)cc1,[O-][C@@H](c1ccccc1)C([O-])(c1ccccc1)c1ccccc1,0,0,17 33,0 9,-1496.264811,-921.2481744,-1.5556610237964281,49.222169488101784,-50.777830511898216
73,1164,COc1ccc(-c2cc3ccccc3c(-c3c(O)ccc4cc(-c5ccccc5)ccc34)c2O)cc1,CC1(C)O[C@H](C([O-])(c2ccccc2)c2ccccc2)[C@@H](C([O-])(c2ccccc2)c2ccccc2)O1,0,3,17 33,6 21,-1496.264811,-1497.557147,0.04854167849544222,50.02427083924772,-49.97572916075228
73,1165,COc1ccc(-c2cc3ccccc3c(-c3c(O)ccc4cc(-c5ccccc5)ccc34)c2O)cc1,CC1(c2ccccc2)O[C@@H](C([O-])(c2ccccc2)c2ccccc2)[C@H](C([O-])(c2ccccc2)c2ccccc2)O1,0,5,17 33,11 26,-1496.264811,-1689.135424,-2.717379624213304,48.641310187893346,-51.358689812106654
73,1166,COc1ccc(-c2cc3ccccc3c(-c3c(O)ccc4cc(-c5ccccc5)ccc34)c2O)cc1,CC1(C)O[C@@H](C([O-])(c2cccc3ccccc23)c2cccc3ccccc23)[C@H](C([O-])(c2cccc3ccccc23)c2cccc3ccccc23)O1,0,0,17 33,6 29,-1496.264811,-2111.547452,3.425528167000497,51.71276408350025,-48.28723591649975
73,1167,COc1ccc(-c2cc3ccccc3c(-c3c(O)ccc4cc(-c5ccccc5)ccc34)c2O)cc1,[O-]C(c1ccccc1)(c1ccccc1)[C@H]1OC2(CCCCC2)O[C@@H]1C([O-])(c1ccccc1)c1ccccc1,0,2,17 33,0 25,-1496.264811,-1614.153477,1.6945493568529129,50.84727467842646,-49.15272532157354
73,1168,COc1ccc(-c2cc3ccccc3c(-c3c(O)ccc4cc(-c5ccccc5)ccc34)c2O)cc1,CC1(C)O[C@@H](C[O-])[C@H](C[O-])O1,0,0,17 33,6 9,-1496.264811,-574.1407143,-3.5869784892353382,48.20651075538233,-51.79348924461767
73,1169,COc1ccc(-c2cc3ccccc3c(-c3c(O)ccc4cc(-c5ccccc5)ccc34)c2O)cc1,C1CCN2C[C@H]3C[C@H](CN4CCCC[C@@H]34)[C@H]2C1,0,0,17 33,9 3,-1496.264811,-695.9272943,-1.6289411839125982,49.1855294080437,-50.8144705919563
73,1170,COc1ccc(-c2cc3ccccc3c(-c3c(O)ccc4cc(-c5ccccc5)ccc34)c2O)cc1,NC(=O)[C@@H]1CC(F)(F)CN1,0,0,17 33,0 9,-1496.264811,-579.2434339,-6.730040444711085,46.63497977764446,-53.36502022235554
73,1171,COc1ccc(-c2cc3ccccc3c(-c3c(O)ccc4cc(-c5ccccc5)ccc34)c2O)cc1,O=C(N[C@H]1CCCC[C@@H]1NC(=O)c1ccccn1)c1ccccn1,0,0,17 33,9 2 17 23,-1496.264811,-1066.417296,-2.236147315718124,48.881926342140936,-51.118073657859064
73,1172,COc1ccc(-c2cc3ccccc3c(-c3c(O)ccc4cc(-c5ccccc5)ccc34)c2O)cc1,c1ccc(CN[C@@H]2CCCC[C@H]2NCc2ccccc2)cc1,0,0,17 33,12 5,-1496.264811,-886.3100667,13.777220875215477,56.88861043760774,-43.11138956239226
73,1173,COc1ccc(-c2cc3ccccc3c(-c3c(O)ccc4cc(-c5ccccc5)ccc34)c2O)cc1,COc1ccc([C@H](N)[C@@H](N)c2ccc(OC)cc2)cc1,0,0,17 33,9 7,-1496.264811,-880.7644659,1.40085496572775,50.70042748286387,-49.29957251713613
73,1174,COc1ccc(-c2cc3ccccc3c(-c3c(O)ccc4cc(-c5ccccc5)ccc34)c2O)cc1,CN[C@H](c1ccccc1)[C@H](NC)c1ccccc1,0,0,17 33,1 10,-1496.264811,-730.4598814,3.718632246970385,51.85931612348519,-48.14068387651481
73,1175,COc1ccc(-c2cc3ccccc3c(-c3c(O)ccc4cc(-c5ccccc5)ccc34)c2O)cc1,O=C(N[C@H]1CCCC[C@@H]1NC(=O)c1ccccc1P(c1ccccc1)c1ccccc1)c1ccccc1P(c1ccccc1)c1ccccc1,0,0,17 33,9 2,-1496.264811,-2641.38663,-4.9830204719604465,47.50848976401978,-52.49151023598022
73,1176,COc1ccc(-c2cc3ccccc3c(-c3c(O)ccc4cc(-c5ccccc5)ccc34)c2O)cc1,O=C(N[C@@H](c1ccccc1)[C@@H](NC(=O)c1ccccc1P(c1ccccc1)c1ccccc1)c1ccccc1)c1ccccc1P(c1ccccc1)c1ccccc1,0,0,17 33,2 11,-1496.264811,-2947.2013,1.1909060087839496,50.59545300439198,-49.40454699560802
73,1177,COc1ccc(-c2cc3ccccc3c(-c3c(O)ccc4cc(-c5ccccc5)ccc34)c2O)cc1,O=S(=O)(N[C@@H](c1ccccc1)[C@@H](NS(=O)(=O)C(F)(F)F)c1ccccc1)C(F)(F)F,0,0,17 33,3 12,-1496.264811,-2422.191334,-4.940144001761981,47.52992799911901,-52.47007200088099
73,1178,COc1ccc(-c2cc3ccccc3c(-c3c(O)ccc4cc(-c5ccccc5)ccc34)c2O)cc1,[O-]c1ccccc1/C=N/[C@@H](c1ccccc1)[C@@H](/N=C/c1ccccc1[O-])c1ccccc1,0,0,17 33,8 17,-1496.264811,-1338.945921,1.6405545939164305,50.82027729695822,-49.17972270304178
