Binol,Ligand,PredER,PredE,PredR
3,1060,72.35217900971176,86.17608950485588,-13.82391049514412
3,1079,-70.36772838446436,14.816135807767822,-85.18386419223218
3,1107,-64.07181679434343,17.964091602828283,-82.03590839717171
3,1083,63.62860349804762,81.81430174902381,-18.185698250976188
3,1001,-63.41019516625862,18.29490241687069,-81.70509758312932
3,1092,61.41909534162157,80.70954767081079,-19.29045232918921
3,1022,-61.29203613550024,19.35398193224988,-80.64601806775012
3,1069,-57.0096786187138,21.4951606906431,-78.5048393093569
