Binol,Ligand,PredER,PredE,PredR
48,1079,-85.67032012159893,7.164839939200533,-92.83516006079948
48,1100,-79.94307692965938,10.028461535170308,-89.97153846482969
48,1060,78.20161886770785,89.10080943385393,-10.899190566146077
48,1001,-73.41876574090811,13.290617129545945,-86.70938287045405
48,1035,-73.39628519149196,13.301857404254022,-86.69814259574598
48,1104,71.22617050371078,85.61308525185538,-14.386914748144612
48,1022,-66.8215176608984,16.589241169550803,-83.4107588304492
48,1051,64.61687177595077,82.30843588797538,-17.691564112024615
48,1009,63.46352777603519,81.7317638880176,-18.268236111982404
