Binol,Ligand,Pred_ee
1,1001,-79.10439078
1,1002,73.8662855
1,1003,-73.52605418
1,1004,-37.44479466
1,1005,55.58277793
1,1006,18.47877207
1,1007,-12.39083126
1,1008,-14.00218969
1,1009,-11.06392523
1,1010,-12.02414808
1,1011,-12.5494302
1,1012,16.0986064
1,1013,-6.919155125
1,1014,38.95770288
1,1015,-6.103888493
1,1016,-9.586574684
1,1017,-2.141697075
1,1018,-2.867041437
1,1019,5.554726731
1,1020,5.565832826
1,1021,-17.66447645
1,1022,51.450572
1,1023,-17.85495487
1,1024,-28.13127869
1,1025,-63.19335785
1,1026,-0.717676393
1,1027,-49.7112907
1,1028,11.88715617
1,1029,-26.08458426
1,1030,34.44197441
1,1031,-14.75739242
1,1032,16.32288186
1,1033,41.49647047
1,1034,-3.76572211
1,1035,8.848465662
1,1036,20.08572992
1,1037,8.048645798
1,1038,-1.206215171
1,1039,-12.3075115
1,1040,-11.16718364
1,1041,-11.54539082
1,1042,-3.921589595
1,1043,-0.662299952
1,1044,-4.686138459
1,1045,7.425748098
1,1046,32.26171061
1,1047,24.32282057
1,1048,-39.30399886
1,1049,26.5637343
1,1050,27.87007385
1,1051,-15.54335324
1,1052,-24.37133538
1,1053,-12.07465496
1,1054,-0.204837585
1,1055,14.27808016
1,1056,-9.750337264
1,1057,-9.060669091
1,1058,-5.489025146
1,1059,-0.368989197
1,1060,-33.88915825
1,1061,-4.228569818
1,1062,-14.26380286
1,1063,-9.218118557
1,1064,-20.34103168
1,1065,-13.32795338
1,1066,-4.927492685
1,1067,97.34744786
1,1068,-79.98384519
1,1069,92.1962882
1,1070,88.40286659
1,1071,-94.41568383
1,1072,-95.92332782
1,1073,3.890903557
1,1074,-5.451166859
1,1075,19.59465085
1,1076,-22.04344214
1,1077,75.35876399
1,1078,-8.130360252
1,1079,-8.426874281
1,1080,-13.25699285
1,1081,12.29847805
1,1082,11.46683464
1,1083,-11.63241108
1,1084,-22.77673972
1,1085,-13.19840224
1,1086,1.767104521
1,1087,-10.56446035
1,1088,-0.083362157
1,1089,-9.293181298
1,1090,24.2896775
1,1091,-27.93110002
1,1092,-45.89689559
1,1093,-17.36205173
1,1094,-34.23745433
1,1095,16.02561214
1,1096,-11.24216265
1,1097,5.567134633
1,1098,10.07417229
1,1099,-4.535203233
1,1100,-6.886522182
1,1101,-24.29383103
1,1102,-10.84878997
1,1103,-11.80218398
1,1104,-18.65341075
1,1105,10.29324306
1,1106,6.989883625
1,1107,-0.549562821
1,1108,-12.2194924
1,1109,4.132728882
1,1110,0.288649625
1,1111,-16.56982087
1,1112,14.42337215
1,1113,-4.229058638
1,1114,-11.60434471
1,1115,-2.932395761
1,1116,13.69826348
1,1117,-17.72453403
1,1118,-9.702814084
1,1119,3.59372571
1,1120,-1.938479924
1,1121,23.39113141
1,1122,-7.737288628
1,1123,9.281677358
1,1124,4.333120948
1,1125,-3.235001021
1,1126,0.203695733
1,1127,-11.99824487
1,1128,-7.348635096
1,1129,-21.51974011
1,1130,-5.662957917
1,1131,10.03579138
1,1132,4.211005515
1,1133,-0.867488972
1,1134,9.780263903
1,1135,20.085668
1,1136,-9.889167919
1,1137,-7.651346121
1,1138,-8.501053953
1,1139,-13.05860418
1,1140,1.960686308
1,1141,2.713292323
1,1142,-0.990893492
1,1143,2.476200949
1,1144,2.433728435
1,1145,2.801058486
1,1146,2.68960033
1,1147,2.943206718
1,1148,-0.68289561
1,1149,3.267646237
1,1150,0.091850669
1,1151,1.505599971
1,1152,-0.709590504
1,1153,-0.611749215
1,1154,-1.696822232
1,1155,5.911878917
1,1156,-1.839294669
1,1157,5.664311506
1,1158,2.138190087
1,1159,-0.317284577
1,1160,1.061071323
1,1161,-1.505514134
1,1162,-0.922080171
1,1163,-4.74622992
1,1164,-0.299413306
1,1165,-1.142151108
1,1166,-5.089065533
1,1167,-0.436749567
1,1168,0.398820526
1,1169,-1.445538141
1,1170,-0.079506081
1,1171,3.673751051
1,1172,9.538487795
1,1173,0.17795487
1,1174,-2.172522391
1,1175,-5.704757947
1,1176,-2.644058623
1,1177,-2.525240146
1,1178,-0.414080213
2,1001,-85.65249711
2,1002,54.98276127
2,1003,-81.81596654
2,1004,-62.46237813
2,1005,79.2910493
2,1006,16.44550176
2,1007,-33.2765288
2,1008,-20.52456975
2,1009,-22.75826379
2,1010,-23.53527976
2,1011,-13.37042411
2,1012,17.26926044
2,1013,-19.09121047
2,1014,42.75961009
2,1015,-13.84075147
2,1016,-7.35196839
2,1017,-2.979269739
2,1018,-5.049282543
2,1019,11.44160998
2,1020,11.68189031
2,1021,-16.40720487
2,1022,69.87364871
2,1023,-24.96545448
2,1024,-36.58882508
2,1025,-68.32841405
2,1026,0.593985675
2,1027,-70.17788009
2,1028,27.20758295
2,1029,-17.34521804
2,1030,32.83369109
2,1031,-33.41305005
2,1032,30.21012099
2,1033,27.96270941
2,1034,-22.38915069
2,1035,12.01693056
2,1036,33.62470499
2,1037,0.921844036
2,1038,2.558398719
2,1039,-16.55203474
2,1040,-16.26361606
2,1041,-18.83040958
2,1042,-21.45872751
2,1043,-13.08791771
2,1044,-11.47023916
2,1045,18.38352212
2,1046,60.68501814
2,1047,44.49787182
2,1048,-65.5770941
2,1049,40.93541787
2,1050,50.47798875
2,1051,-34.51425062
2,1052,-13.92249532
2,1053,-14.06932946
2,1054,-17.6320875
2,1055,11.35622453
2,1056,-15.93086928
2,1057,-16.59354432
2,1058,-20.74352367
2,1059,-31.03709303
2,1060,-3.034717666
2,1061,-2.871753744
2,1062,-2.719742279
2,1063,-18.67721025
2,1064,-22.50359886
2,1065,-20.74231453
2,1066,0.4271851
2,1067,68.00634442
2,1068,-83.68762899
2,1069,48.07303975
2,1070,44.1121826
2,1071,-97.78438253
2,1072,-80.54561956
2,1073,10.65134286
2,1074,-5.891846703
2,1075,30.77458294
2,1076,-29.43052753
2,1077,57.88677702
2,1078,-11.5289963
2,1079,-29.99373846
2,1080,-18.39584451
2,1081,21.53056158
2,1082,0.509420892
2,1083,-12.26651349
2,1084,-43.3202929
2,1085,-26.25095099
2,1086,-0.160185812
2,1087,0.901477138
2,1088,10.51393004
2,1089,-4.038676227
2,1090,48.72222554
2,1091,-35.6655866
2,1092,-82.05837694
2,1093,-25.50755754
2,1094,-52.9926959
2,1095,19.15237131
2,1096,-7.669154602
2,1097,4.826384862
2,1098,17.09923992
2,1099,-19.70158224
2,1100,-8.616375979
2,1101,-28.60613907
2,1102,-19.62593421
2,1103,-15.64893727
2,1104,-25.98477786
2,1105,10.68366599
2,1106,14.60061352
2,1107,10.36291442
2,1108,-8.882972658
2,1109,7.03132492
2,1110,7.01057918
2,1111,-25.58159814
2,1112,46.03070479
2,1113,-47.3809132
2,1114,-40.63691132
2,1115,-50.26136864
2,1116,41.12182405
2,1117,4.240658799
2,1118,-18.9869747
2,1119,25.43247845
2,1120,-24.90503691
2,1121,12.57074377
2,1122,-18.66967258
2,1123,24.31442807
2,1124,24.41606037
2,1125,-11.8337056
2,1126,-7.297021713
2,1127,-15.21558994
2,1128,-18.35223397
2,1129,-30.75765758
2,1130,-24.35172406
2,1131,-1.285971167
2,1132,2.746642825
2,1133,-16.8178219
2,1134,-6.393839423
2,1135,15.12837333
2,1136,-10.0605389
2,1137,0.148965254
2,1138,-15.84118027
2,1139,-21.04522647
2,1140,-1.463573578
2,1141,-1.415797459
2,1142,-3.133825842
2,1143,-2.53323805
2,1144,-3.788629123
2,1145,1.802676221
2,1146,0.256413421
2,1147,-3.405772136
2,1148,-3.346739074
2,1149,-5.737815322
2,1150,-1.302290785
2,1151,7.703696353
2,1152,2.756754752
2,1153,-0.408257502
2,1154,-6.243486923
2,1155,-0.593534124
2,1156,9.040718373
2,1157,1.342852071
2,1158,3.331874198
2,1159,-1.006817187
2,1160,-8.543071785
2,1161,-5.389239951
2,1162,-1.171491545
2,1163,-2.905094208
2,1164,1.106294072
2,1165,-3.488255192
2,1166,7.004474227
2,1167,-1.215149063
2,1168,-8.461188983
2,1169,-3.958898072
2,1170,-12.17331566
2,1171,-0.218359659
2,1172,15.79563257
2,1173,-0.300298478
2,1174,-8.28665786
2,1175,6.827747307
2,1176,8.176874101
2,1177,1.067727908
2,1178,0.131828617
3,1001,-89.79513987
3,1002,64.99315791
3,1003,-81.26232837
3,1004,-57.16044828
3,1005,84.57127327
3,1006,19.43647235
3,1007,-21.89528346
3,1008,-21.4486682
3,1009,-18.73412328
3,1010,-17.72059903
3,1011,-11.03176876
3,1012,23.46014479
3,1013,-12.63747266
3,1014,48.66174746
3,1015,-9.701005817
3,1016,-5.569343109
3,1017,-2.722703894
3,1018,-0.982575919
3,1019,14.73198845
3,1020,14.97226877
3,1021,-12.48112737
3,1022,72.60954734
3,1023,-23.71669262
3,1024,-33.51629529
3,1025,-65.65441438
3,1026,3.43590601
3,1027,-62.79049484
3,1028,28.32812427
3,1029,-12.30364465
3,1030,38.94937302
3,1031,-27.44721376
3,1032,34.06478427
3,1033,41.48592565
3,1034,-14.93111008
3,1035,14.13573654
3,1036,35.89018892
3,1037,6.231317389
3,1038,10.21880076
3,1039,-11.49923071
3,1040,-11.6881466
3,1041,-11.56533415
3,1042,-10.85391777
3,1043,-4.491084491
3,1044,-9.446009948
3,1045,22.03525843
3,1046,63.26623398
3,1047,53.11838176
3,1048,-52.55229805
3,1049,47.17672121
3,1050,50.03111229
3,1051,-20.78960627
3,1052,-9.722143706
3,1053,-8.296944586
3,1054,-12.40279255
3,1055,17.91056074
3,1056,-10.9651897
3,1057,-12.80444041
3,1058,-13.56781841
3,1059,-14.99017864
3,1060,-18.14436467
3,1061,-0.963093444
3,1062,-0.532105264
3,1063,-16.81207554
3,1064,-16.38417572
3,1065,-16.73478166
3,1066,3.097787191
3,1067,98.27941282
3,1068,-73.32979932
3,1069,71.9498442
3,1070,73.26735344
3,1071,-91.18234842
3,1072,-78.41449991
3,1073,13.59280109
3,1074,-1.012818752
3,1075,52.39771804
3,1076,-21.54920053
3,1077,86.25368267
3,1078,-7.580077335
3,1079,-21.32105707
3,1080,-14.66630772
3,1081,28.77515262
3,1082,6.977315775
3,1083,-9.513903906
3,1084,-37.14776597
3,1085,-19.31144436
3,1086,3.955880965
3,1087,2.616460347
3,1088,18.44358746
3,1089,-6.937836074
3,1090,49.3259792
3,1091,-25.62895488
3,1092,-68.57806675
3,1093,-19.5712898
3,1094,-44.5738577
3,1095,24.62392518
3,1096,-5.266173535
3,1097,16.43897585
3,1098,22.54484409
3,1099,-15.69927503
3,1100,-2.93642053
3,1101,-26.68525304
3,1102,-15.58327777
3,1103,-7.395337816
3,1104,-21.68453994
3,1105,18.01395868
3,1106,16.97785113
3,1107,16.46436324
3,1108,-8.833542827
3,1109,12.86793857
3,1110,12.14974702
3,1111,-22.99413096
3,1112,48.5630121
3,1113,-10.64263478
3,1114,-23.41232573
3,1115,-30.86823104
3,1116,48.23906017
3,1117,8.937839521
3,1118,-10.75955722
3,1119,26.85393537
3,1120,-14.68946906
3,1121,20.91099531
3,1122,-12.4408363
3,1123,28.86847474
3,1124,22.59458637
3,1125,-5.659344276
3,1126,0.77105808
3,1127,-11.10194668
3,1128,-11.654051
3,1129,-23.09355868
3,1130,-13.55415294
3,1131,10.18342562
3,1132,5.072233375
3,1133,-11.90305821
3,1134,-2.658847553
3,1135,16.69631483
3,1136,-4.864627164
3,1137,3.126318561
3,1138,-9.404392936
3,1139,-21.1502555
3,1140,3.083003104
3,1141,1.576971737
3,1142,-0.706268532
3,1143,0.057957084
3,1144,-1.161617196
3,1145,6.988089777
3,1146,6.022021177
3,1147,1.518595939
3,1148,1.213996754
3,1149,-0.452656118
3,1150,2.477734802
3,1151,9.169995838
3,1152,6.799224875
3,1153,0.456443183
3,1154,-3.477092349
3,1155,2.415832674
3,1156,14.85813008
3,1157,7.705120562
3,1158,8.084669262
3,1159,7.293450693
3,1160,-4.184592418
3,1161,1.806314111
3,1162,1.23226807
3,1163,0.048472384
3,1164,0.090968937
3,1165,-1.002941946
3,1166,7.220941343
3,1167,1.739371041
3,1168,0.61739138
3,1169,0.943750149
3,1170,-4.816997772
3,1171,6.312156285
3,1172,20.84825725
3,1173,5.345851693
3,1174,2.637992602
3,1175,4.719188038
3,1176,13.17360058
3,1177,4.235903259
3,1178,0.048984749
4,1001,-86.36149384
4,1002,65.60852074
4,1003,-82.15858462
4,1004,-61.7859387
4,1005,94.32059703
4,1006,20.1973173
4,1007,-27.86765035
4,1008,-23.12271199
4,1009,-21.00772576
4,1010,-19.01138685
4,1011,-13.27555911
4,1012,21.49227681
4,1013,-10.99889696
4,1014,39.84640792
4,1015,-10.76073117
4,1016,-7.176040306
4,1017,-1.45648742
4,1018,-4.633074923
4,1019,11.6809863
4,1020,11.92126663
4,1021,-16.32813537
4,1022,84.86197218
4,1023,-25.2151233
4,1024,-38.9343469
4,1025,-66.32053013
4,1026,4.971541775
4,1027,-68.13228218
4,1028,26.55753963
4,1029,-7.892631462
4,1030,40.3009522
4,1031,-29.63889565
4,1032,33.26359208
4,1033,38.90756596
4,1034,-17.50300436
4,1035,12.01464465
4,1036,34.61837455
4,1037,4.626220817
4,1038,12.93740951
4,1039,-14.04987052
4,1040,-17.35893847
4,1041,-11.88220114
4,1042,-12.93109326
4,1043,-9.475980818
4,1044,-11.21156831
4,1045,20.26920531
4,1046,61.82688941
4,1047,52.9131926
4,1048,-54.57254449
4,1049,47.64471267
4,1050,47.38774802
4,1051,-23.23894909
4,1052,-10.16249557
4,1053,-7.828532401
4,1054,-16.97061315
4,1055,14.63690728
4,1056,-13.41402155
4,1057,-15.49693018
4,1058,-18.64084149
4,1059,-21.90923303
4,1060,-19.38812373
4,1061,1.242165092
4,1062,-2.20495406
4,1063,-19.42056732
4,1064,-22.38577302
4,1065,-21.40120482
4,1066,2.25879035
4,1067,89.25712179
4,1068,-78.46796025
4,1069,66.03328623
4,1070,62.76552325
4,1071,-95.80603538
4,1072,-80.88309419
4,1073,12.60649378
4,1074,-2.828070818
4,1075,68.45601402
4,1076,-26.12033066
4,1077,82.19651045
4,1078,-15.58896092
4,1079,-23.8140377
4,1080,-15.93512865
4,1081,30.32003164
4,1082,3.746812205
4,1083,-12.64648443
4,1084,-41.29984349
4,1085,-25.35851968
4,1086,2.239408803
4,1087,1.4063981
4,1088,20.78994169
4,1089,-7.968822057
4,1090,49.01849819
4,1091,-25.65406292
4,1092,-86.5433994
4,1093,-24.13063535
4,1094,-50.60420218
4,1095,27.7478597
4,1096,-4.052688765
4,1097,16.35806543
4,1098,23.0507569
4,1099,-17.42149011
4,1100,-6.272146175
4,1101,-29.55551434
4,1102,-18.14795713
4,1103,-8.583966289
4,1104,-25.1748145
4,1105,17.46002929
4,1106,17.09477935
4,1107,16.26237292
4,1108,-11.26525902
4,1109,13.78447343
4,1110,12.86514988
4,1111,-26.90050382
4,1112,48.26289163
4,1113,-29.89756081
4,1114,-28.59881717
4,1115,-36.29427586
4,1116,48.71873174
4,1117,12.94868403
4,1118,-14.26582669
4,1119,28.36346574
4,1120,-18.2069404
4,1121,17.01721503
4,1122,-16.7402652
4,1123,28.84564624
4,1124,25.28569413
4,1125,-11.64173553
4,1126,-1.353497463
4,1127,-14.42022736
4,1128,-10.89321541
4,1129,-27.70232836
4,1130,-20.65533113
4,1131,5.936282982
4,1132,6.129678044
4,1133,-14.43637145
4,1134,-2.575157512
4,1135,16.80861637
4,1136,-5.624508472
4,1137,4.795105351
4,1138,-9.388045156
4,1139,-22.77865756
4,1140,1.254340941
4,1141,0.65557323
4,1142,-0.421964662
4,1143,-0.062155407
4,1144,-2.731520462
4,1145,7.729837465
4,1146,5.268100663
4,1147,1.389446718
4,1148,2.005119106
4,1149,-1.790179907
4,1150,2.50229179
4,1151,11.05698976
4,1152,8.429217559
4,1153,4.077084758
4,1154,-4.092934173
4,1155,-0.335725052
4,1156,15.34482763
4,1157,5.985887994
4,1158,4.781862184
4,1159,10.270974
4,1160,-4.31202019
4,1161,5.05636424
4,1162,1.324441823
4,1163,3.291781602
4,1164,5.849284374
4,1165,-1.589756137
4,1166,11.95161624
4,1167,4.482359712
4,1168,-0.43625813
4,1169,0.847052465
4,1170,-7.475429238
4,1171,4.201831311
4,1172,18.94529866
4,1173,4.077540291
4,1174,2.13583901
4,1175,3.396916207
4,1176,12.9105623
4,1177,3.076826114
4,1178,2.773040936
5,1001,-73.41876574
5,1002,60.00595748
5,1003,-66.82151766
5,1004,-45.6259169
5,1005,78.20161887
5,1006,16.313297
5,1007,-18.92950343
5,1008,-17.9470527
5,1009,-20.40894748
5,1010,-20.78898898
5,1011,-13.18045612
5,1012,18.96155831
5,1013,-11.42371818
5,1014,45.68442269
5,1015,-5.610241299
5,1016,-7.174447417
5,1017,0.309163761
5,1018,-3.189917306
5,1019,10.46653028
5,1020,10.61158099
5,1021,-15.57638005
5,1022,64.61687178
5,1023,-20.47284684
5,1024,-30.23551109
5,1025,-56.01896883
5,1026,-0.274808348
5,1027,-52.16743975
5,1028,20.55323029
5,1029,-14.8795709
5,1030,34.14063937
5,1031,-24.19068321
5,1032,28.74350813
5,1033,35.69542255
5,1034,-17.11086677
5,1035,11.13007065
5,1036,31.28364132
5,1037,5.340550689
5,1038,1.969521871
5,1039,-13.89440287
5,1040,-14.04704549
5,1041,-11.20708633
5,1042,-12.26908104
5,1043,-6.544928968
5,1044,-8.240364234
5,1045,15.13974424
5,1046,48.30948102
5,1047,39.19486088
5,1048,-54.75154088
5,1049,38.39773105
5,1050,46.97848272
5,1051,-22.74847838
5,1052,-16.49137458
5,1053,-11.4441923
5,1054,-10.63316989
5,1055,14.25989202
5,1056,-12.99924212
5,1057,-14.41403618
5,1058,-13.65758239
5,1059,-21.66318074
5,1060,-27.95925129
5,1061,-0.944362532
5,1062,-8.449700243
5,1063,-14.77501192
5,1064,-20.19263876
5,1065,-16.48287085
5,1066,0.273672872
5,1067,71.2261705
5,1068,-73.39628519
5,1069,63.46352778
5,1070,55.20625804
5,1071,-85.67032012
5,1072,-79.94307693
5,1073,8.86009805
5,1074,-5.119745402
5,1075,33.2534648
5,1076,-21.19901011
5,1077,59.75111645
5,1078,-5.738409629
5,1079,-20.61186965
5,1080,-12.9301484
5,1081,22.5590229
5,1082,5.654297876
5,1083,-12.72734533
5,1084,-35.62995199
5,1085,-18.13933322
5,1086,1.782227258
5,1087,-2.544270215
5,1088,8.30510534
5,1089,-9.467829787
5,1090,40.64472223
5,1091,-24.13973397
5,1092,-51.38220208
5,1093,-17.54439486
5,1094,-38.79598718
5,1095,19.13970882
5,1096,-6.089130291
5,1097,9.165132828
5,1098,17.96279662
5,1099,-13.75774211
5,1100,-7.725175816
5,1101,-28.28269127
5,1102,-15.88119278
5,1103,-9.127358538
5,1104,-23.62825657
5,1105,12.31255144
5,1106,10.86104944
5,1107,8.055785362
5,1108,-12.61294747
5,1109,8.332132116
5,1110,2.243829334
5,1111,-16.85259968
5,1112,33.22445153
5,1113,-17.12868358
5,1114,-24.51433322
5,1115,-27.10431381
5,1116,29.78363613
5,1117,-3.697560285
5,1118,-13.66995879
5,1119,17.74588166
5,1120,-17.63649447
5,1121,19.89481659
5,1122,-14.31829074
5,1123,19.75552343
5,1124,16.08907797
5,1125,-8.48673429
5,1126,-2.087659682
5,1127,-11.74300658
5,1128,-8.635016557
5,1129,-20.85068872
5,1130,-11.72924192
5,1131,6.990326251
5,1132,4.3819433
5,1133,-13.0426998
5,1134,0.847889891
5,1135,16.71433042
5,1136,-6.377928497
5,1137,2.233486116
5,1138,-8.508074269
5,1139,-17.14225776
5,1140,1.862176684
5,1141,0.743966404
5,1142,-0.592151652
5,1143,2.153753288
5,1144,0.994546291
5,1145,5.820383371
5,1146,4.574108365
5,1147,0.345991485
5,1148,-0.792275947
5,1149,0.772848754
5,1150,0.02001273
5,1151,6.425529186
5,1152,4.90330235
5,1153,3.871436805
5,1154,-1.952225332
5,1155,2.578839772
5,1156,7.21854273
5,1157,4.654917442
5,1158,4.679909778
5,1159,4.452173085
5,1160,-2.020957458
5,1161,-0.36408363
5,1162,1.270513599
5,1163,-1.349233523
5,1164,1.338069841
5,1165,-4.796915387
5,1166,2.126958457
5,1167,1.311500216
5,1168,-2.624420802
5,1169,-1.854043513
5,1170,-4.561197202
5,1171,3.183440376
5,1172,16.50057507
5,1173,3.102459089
5,1174,-0.066206411
5,1175,-3.224109078
5,1176,3.722098821
5,1177,-1.649752252
5,1178,1.435520713
6,1001,-64.8003614
6,1002,55.94820566
6,1003,-58.87624337
6,1004,-34.72121183
6,1005,75.63498786
6,1006,15.62247876
6,1007,-12.0073304
6,1008,-10.8705891
6,1009,-10.00149684
6,1010,-8.609269023
6,1011,-8.186552915
6,1012,18.60531926
6,1013,-6.254359371
6,1014,34.80004504
6,1015,-3.679439098
6,1016,-7.292960648
6,1017,-1.651541087
6,1018,1.803824965
6,1019,9.57178696
6,1020,9.582893055
6,1021,-5.417766644
6,1022,69.43477227
6,1023,-13.94343066
6,1024,-22.92959511
6,1025,-50.54889429
6,1026,-1.334083368
6,1027,-48.10331173
6,1028,11.91713476
6,1029,-20.33056627
6,1030,34.67249073
6,1031,-15.56635664
6,1032,22.14834532
6,1033,36.68769186
6,1034,-3.818283642
6,1035,13.14015956
6,1036,23.17847628
6,1037,9.268791918
6,1038,1.628446626
6,1039,-6.300037504
6,1040,-5.308802426
6,1041,-5.706754914
6,1042,6.002914471
6,1043,6.155648541
6,1044,-5.909936205
6,1045,9.619104898
6,1046,35.71943696
6,1047,32.29680158
6,1048,-30.68214646
6,1049,31.52352809
6,1050,44.75299505
6,1051,-13.24409815
6,1052,-27.63909246
6,1053,-13.71816005
6,1054,-1.651131158
6,1055,15.6592055
6,1056,-6.391723287
6,1057,-9.611103518
6,1058,-5.613455924
6,1059,-1.766485911
6,1060,-31.31332366
6,1061,-1.818514729
6,1062,-10.04028415
6,1063,-10.15948712
6,1064,-12.64558097
6,1065,-9.255035446
6,1066,-1.03987156
6,1067,84.41111194
6,1068,-80.89360921
6,1069,72.57924052
6,1070,69.85982177
6,1071,-82.9803926
6,1072,-89.82822379
6,1073,10.98889498
6,1074,-3.885289089
6,1075,31.92917236
6,1076,-16.41600165
6,1077,75.30771239
6,1078,6.926242684
6,1079,-7.879181075
6,1080,-5.877395719
6,1081,14.87421605
6,1082,13.22161378
6,1083,-8.923228193
6,1084,-21.91545682
6,1085,-8.545971819
6,1086,4.802358451
6,1087,-3.252588971
6,1088,0.297253683
6,1089,-7.423845842
6,1090,33.48558637
6,1091,-22.79986082
6,1092,-27.24565308
6,1093,-9.5400495
6,1094,-27.08465073
6,1095,14.74211684
6,1096,-9.15800472
6,1097,7.93637666
6,1098,15.11996074
6,1099,-3.850127517
6,1100,-3.680958538
6,1101,-20.55449181
6,1102,-7.956960742
6,1103,-4.466719879
6,1104,-10.88555026
6,1105,12.73570514
6,1106,8.51317804
6,1107,0.467679954
6,1108,-11.35007591
6,1109,5.677530098
6,1110,-0.888700378
6,1111,-12.37882297
6,1112,9.048396403
6,1113,-14.57893116
6,1114,-4.901494882
6,1115,-2.281459138
6,1116,8.275157535
6,1117,-13.84464658
6,1118,-2.347889464
6,1119,3.863101686
6,1120,-0.424949756
6,1121,19.69839518
6,1122,-4.464290676
6,1123,14.8589683
6,1124,4.163583605
6,1125,0.261019428
6,1126,5.51548971
6,1127,-6.82845532
6,1128,-2.493980296
6,1129,-14.15001837
6,1130,-3.360357795
6,1131,10.25890311
6,1132,7.178994628
6,1133,0.815404249
6,1134,9.305636013
6,1135,21.3554474
6,1136,-4.144535362
6,1137,0.837450912
6,1138,-1.448910121
6,1139,-10.48331796
6,1140,3.604830635
6,1141,2.777596234
6,1142,0.359585756
6,1143,4.127985162
6,1144,3.682259405
6,1145,2.885628078
6,1146,5.768453895
6,1147,2.359044227
6,1148,-0.641404625
6,1149,4.636680787
6,1150,-0.500827348
6,1151,1.699630653
6,1152,2.454631607
6,1153,2.297645346
6,1154,1.480675491
6,1155,-1.026732057
6,1156,4.2263489
6,1157,11.4158039
6,1158,4.959505104
6,1159,3.122761563
6,1160,1.350425475
6,1161,0.408250308
6,1162,2.401865881
6,1163,-3.498939408
6,1164,-2.027782677
6,1165,-0.527920139
6,1166,-2.638332695
6,1167,-0.631902821
6,1168,2.103398258
6,1169,1.070451726
6,1170,-0.48800447
6,1171,9.404471098
6,1172,12.52960661
6,1173,4.272798922
6,1174,4.039989641
6,1175,-4.85012095
6,1176,-1.683014948
6,1177,-0.166259978
6,1178,-0.421582227
7,1001,-63.51153855
7,1002,34.35759375
7,1003,-60.26558278
7,1004,-40.45398346
7,1005,70.68026345
7,1006,5.216038602
7,1007,-5.738221791
7,1008,-10.07372271
7,1009,-11.52332357
7,1010,-9.001520185
7,1011,-6.463542564
7,1012,12.88378553
7,1013,-10.12588641
7,1014,25.33612945
7,1015,-6.642159006
7,1016,-1.238140663
7,1017,-1.038355522
7,1018,-1.884457153
7,1019,1.830881273
7,1020,1.841987368
7,1021,0.699525152
7,1022,52.97097413
7,1023,-16.00617599
7,1024,-24.64425447
7,1025,-55.98844593
7,1026,-6.80136315
7,1027,-38.62743768
7,1028,10.16413391
7,1029,-22.81936007
7,1030,25.82443995
7,1031,-15.73739727
7,1032,14.78668172
7,1033,24.92898657
7,1034,-3.797668316
7,1035,7.213089136
7,1036,18.19861821
7,1037,4.719816429
7,1038,0.318093788
7,1039,-7.913741446
7,1040,-5.821954196
7,1041,-3.784583677
7,1042,6.693052541
7,1043,7.919269621
7,1044,-2.917589673
7,1045,12.04966017
7,1046,29.67518333
7,1047,26.27435705
7,1048,-34.92408196
7,1049,16.60405392
7,1050,11.19573248
7,1051,-10.88503084
7,1052,-21.31194775
7,1053,-9.091265221
7,1054,-2.959664336
7,1055,10.45587461
7,1056,-5.612373298
7,1057,-5.619952169
7,1058,-4.137934987
7,1059,-5.469739979
7,1060,-18.07232331
7,1061,-4.940948391
7,1062,-6.963178098
7,1063,-6.976626498
7,1064,-12.61842503
7,1065,-9.873574582
7,1066,-3.87672901
7,1067,78.08625124
7,1068,-77.9952795
7,1069,64.81110931
7,1070,58.78564128
7,1071,-76.21386083
7,1072,-88.68376386
7,1073,4.113673578
7,1074,-3.433925709
7,1075,35.79610494
7,1076,-23.21421563
7,1077,70.95190996
7,1078,-10.89162037
7,1079,-11.38710599
7,1080,-9.164476585
7,1081,19.47987365
7,1082,9.173193112
7,1083,-7.844412027
7,1084,-23.28558405
7,1085,-12.33140364
7,1086,3.694510539
7,1087,-5.808052134
7,1088,2.28820163
7,1089,-5.447739919
7,1090,31.22921389
7,1091,-24.88919994
7,1092,-38.71507595
7,1093,-16.35729574
7,1094,-30.64540989
7,1095,15.7495098
7,1096,-10.05152768
7,1097,7.049399459
7,1098,10.43842488
7,1099,-5.924283053
7,1100,-6.423425662
7,1101,-21.20954371
7,1102,-10.8017677
7,1103,-11.42033802
7,1104,-13.55246571
7,1105,8.688977896
7,1106,3.04763498
7,1107,2.157960164
7,1108,-7.064996428
7,1109,1.287264527
7,1110,-0.933355903
7,1111,-12.37801717
7,1112,13.39058003
7,1113,-16.94671028
7,1114,-6.598176437
7,1115,-5.817457895
7,1116,12.99826868
7,1117,-5.438704904
7,1118,-2.92294816
7,1119,4.511027281
7,1120,-3.922368823
7,1121,14.68784009
7,1122,-6.419682512
7,1123,9.86665467
7,1124,0.454221868
7,1125,-5.368195247
7,1126,4.582962076
7,1127,-4.973962457
7,1128,-7.648253672
7,1129,-14.79194924
7,1130,-0.244010187
7,1131,8.087453726
7,1132,3.209199875
7,1133,-1.20973522
7,1134,7.33811505
7,1135,19.34646473
7,1136,-3.655410724
7,1137,-3.205676232
7,1138,-0.753160171
7,1139,-9.724254469
7,1140,2.197975869
7,1141,5.243728092
7,1142,-0.329113536
7,1143,2.533410076
7,1144,1.572091342
7,1145,2.347133246
7,1146,0.776335116
7,1147,1.907391436
7,1148,1.537689324
7,1149,0.451954046
7,1150,-0.064784379
7,1151,2.017072934
7,1152,-2.442078371
7,1153,-3.443364495
7,1154,-1.557471912
7,1155,3.817573526
7,1156,1.734188463
7,1157,6.338122807
7,1158,5.396647669
7,1159,3.824164339
7,1160,0.486264271
7,1161,3.973524624
7,1162,0.616136538
7,1163,-1.513757973
7,1164,0.230524963
7,1165,-0.143710921
7,1166,-0.467273877
7,1167,0.550528415
7,1168,1.709283631
7,1169,-2.945871744
7,1170,-2.934626982
7,1171,4.315076365
7,1172,3.635437058
7,1173,4.56576928
7,1174,2.458098641
7,1175,-1.135360495
7,1176,-0.081621792
7,1177,0.136185609
7,1178,-0.650698636
8,1001,-59.37133162
8,1002,32.02383709
8,1003,-54.03609172
8,1004,-33.62420931
8,1005,69.51077337
8,1006,5.991204333
8,1007,-7.800726768
8,1008,-9.930691527
8,1009,-9.123083197
8,1010,-7.277194909
8,1011,-5.064046318
8,1012,13.25317509
8,1013,-10.26797544
8,1014,24.66005752
8,1015,-7.521306714
8,1016,-7.992044248
8,1017,-1.182795939
8,1018,0.15194964
8,1019,3.639855309
8,1020,3.650961404
8,1021,-5.737895113
8,1022,47.55091675
8,1023,-14.49036349
8,1024,-22.74692083
8,1025,-45.72580468
8,1026,-6.29616413
8,1027,-39.24723283
8,1028,9.600402525
8,1029,-20.99520057
8,1030,26.87467736
8,1031,-14.14113018
8,1032,14.63777261
8,1033,27.14518581
8,1034,-3.660314493
8,1035,5.935527786
8,1036,17.04482442
8,1037,6.295860269
8,1038,-0.981422966
8,1039,-5.666927728
8,1040,-6.103597525
8,1041,-4.211951387
8,1042,3.949560175
8,1043,4.733209864
8,1044,-4.395593391
8,1045,10.13215117
8,1046,28.7209977
8,1047,25.74757329
8,1048,-18.50569825
8,1049,19.97944245
8,1050,24.82025393
8,1051,-12.02512524
8,1052,-21.2116305
8,1053,-12.17827058
8,1054,-0.500302736
8,1055,8.646401461
8,1056,-5.080961069
8,1057,-7.097856758
8,1058,-2.930273881
8,1059,-2.266326033
8,1060,-40.80138658
8,1061,-4.153858323
8,1062,-12.06176821
8,1063,-8.051131242
8,1064,-11.27791795
8,1065,-9.437136474
8,1066,-2.09112266
8,1067,67.56322027
8,1068,-69.16231766
8,1069,58.59176335
8,1070,51.3509395
8,1071,-69.85079931
8,1072,-83.8731541
8,1073,3.886219251
8,1074,-6.007665443
8,1075,24.79978243
8,1076,-17.93999831
8,1077,58.92733889
8,1078,-3.126442337
8,1079,-7.603404877
8,1080,-5.025634122
8,1081,14.10471009
8,1082,10.18333311
8,1083,-6.795941061
8,1084,-21.85873486
8,1085,-7.68050625
8,1086,4.401378282
8,1087,-6.159137979
8,1088,-2.359419394
8,1089,-6.535577448
8,1090,29.49401383
8,1091,-21.74313422
8,1092,-31.50979608
8,1093,-12.56848629
8,1094,-27.04283477
8,1095,9.716569252
8,1096,-10.36290607
8,1097,5.192132575
8,1098,8.999722085
8,1099,-3.604406181
8,1100,-5.557698692
8,1101,-20.90561022
8,1102,-8.793015976
8,1103,-12.16237959
8,1104,-12.67292709
8,1105,9.710118911
8,1106,4.692263756
8,1107,-0.649408187
8,1108,-4.370230361
8,1109,2.900174185
8,1110,-3.038201348
8,1111,-12.99810199
8,1112,10.29992353
8,1113,-7.986235124
8,1114,-7.36572647
8,1115,-3.741575581
8,1116,9.589774463
8,1117,-11.75787141
8,1118,-3.133685653
8,1119,0.942523888
8,1120,-1.609297959
8,1121,17.24292044
8,1122,-4.767386103
8,1123,8.424583432
8,1124,-3.633901786
8,1125,1.083743357
8,1126,3.201401573
8,1127,-5.717354352
8,1128,-7.720974993
8,1129,-14.11629049
8,1130,-3.068285241
8,1131,6.37758469
8,1132,2.85835447
8,1133,-2.550032078
8,1134,8.262789519
8,1135,21.81186719
8,1136,-6.381061268
8,1137,-3.141298098
8,1138,-1.232397824
8,1139,-7.940548786
8,1140,-0.182425264
8,1141,0.668276795
8,1142,-0.24528163
8,1143,0.842546315
8,1144,0.402097145
8,1145,0.912583996
8,1146,1.547516623
8,1147,-1.185399179
8,1148,-3.509478917
8,1149,1.234076338
8,1150,-3.764019511
8,1151,-1.739116231
8,1152,-1.825016249
8,1153,-1.201261163
8,1154,-1.56318452
8,1155,-0.251631497
8,1156,0.072557545
8,1157,4.912671936
8,1158,1.421033283
8,1159,-1.042554727
8,1160,0.084814308
8,1161,-2.717738236
8,1162,0.125332352
8,1163,-5.319714288
8,1164,-5.217136168
8,1165,-2.864607074
8,1166,-5.406496007
8,1167,-4.260622415
8,1168,-0.33087043
8,1169,1.002378829
8,1170,-4.550257017
8,1171,3.748341797
8,1172,6.03204382
8,1173,0.722098937
8,1174,2.314889087
8,1175,-5.973845912
8,1176,-2.140279593
8,1177,-1.204844379
8,1178,-3.421136914
9,1001,-64.24865551
9,1002,50.03052871
9,1003,-55.26678277
9,1004,-35.14580155
9,1005,75.2828171
9,1006,9.923491626
9,1007,-6.709451538
9,1008,-9.617912783
9,1009,-9.074395356
9,1010,-7.432144667
9,1011,-7.551132631
9,1012,13.03331363
9,1013,-3.176220499
9,1014,31.61823666
9,1015,-1.653001841
9,1016,-6.909473254
9,1017,1.903745655
9,1018,-2.196668089
9,1019,0.906908824
9,1020,0.918014919
9,1021,-4.85670462
9,1022,50.75872696
9,1023,-13.63333445
9,1024,-21.72538207
9,1025,-50.34422767
9,1026,-2.299562573
9,1027,-39.77306062
9,1028,12.29154316
9,1029,-19.20257112
9,1030,30.37690211
9,1031,-13.39920238
9,1032,16.18598403
9,1033,32.03867722
9,1034,-2.086564679
9,1035,8.259527093
9,1036,21.7823829
9,1037,10.46074001
9,1038,0.443348115
9,1039,-6.922963113
9,1040,-7.384800894
9,1041,-1.370634781
9,1042,4.774592246
9,1043,6.909694141
9,1044,-0.623651654
9,1045,12.57577926
9,1046,32.85259665
9,1047,27.90653662
9,1048,-65.69823158
9,1049,23.93393235
9,1050,26.0755239
9,1051,-11.71452802
9,1052,-22.94272025
9,1053,-7.785425055
9,1054,-0.148775228
9,1055,10.78737278
9,1056,-3.503030919
9,1057,-10.19415777
9,1058,-9.729028194
9,1059,-6.826055001
9,1060,-37.48645136
9,1061,-1.475547982
9,1062,-11.30599931
9,1063,-11.09350519
9,1064,-13.93856991
9,1065,-10.24227442
9,1066,-0.696018909
9,1067,77.74412523
9,1068,-77.72074377
9,1069,72.63452845
9,1070,64.14103135
9,1071,-81.94727911
9,1072,-84.42397696
9,1073,6.084273438
9,1074,-3.777912891
9,1075,35.45607953
9,1076,-20.54224448
9,1077,65.14474601
9,1078,-9.650970565
9,1079,-7.139220048
9,1080,-5.723806842
9,1081,15.01456
9,1082,12.86189896
9,1083,-7.813062102
9,1084,-20.77248989
9,1085,-9.767871489
9,1086,2.674780846
9,1087,-8.108456458
9,1088,3.887899784
9,1089,-7.072943955
9,1090,27.99277421
9,1091,-18.34208716
9,1092,-21.32837478
9,1093,-11.37536687
9,1094,-27.84601698
9,1095,17.00421451
9,1096,-6.132910103
9,1097,10.39469464
9,1098,13.82076251
9,1099,-2.314736892
9,1100,-3.312848778
9,1101,-17.18933136
9,1102,-8.558321654
9,1103,-4.154795727
9,1104,-10.69364437
9,1105,12.85055391
9,1106,6.39750625
9,1107,0.874688398
9,1108,-8.629477938
9,1109,5.825087305
9,1110,-0.063826753
9,1111,-10.0526046
9,1112,15.34224099
9,1113,-2.686292658
9,1114,-8.32311436
9,1115,-6.115511483
9,1116,14.09847769
9,1117,-8.146252671
9,1118,-4.152993584
9,1119,6.102375131
9,1120,0.246192071
9,1121,19.36331877
9,1122,-3.212845272
9,1123,9.98344915
9,1124,2.261475884
9,1125,-9.223764838
9,1126,4.633138188
9,1127,-6.208568598
9,1128,-1.120248405
9,1129,-12.26790969
9,1130,1.892184974
9,1131,11.90251574
9,1132,6.866725462
9,1133,1.182759946
9,1134,11.00990008
9,1135,22.63310345
9,1136,-4.074264148
9,1137,-0.099746783
9,1138,3.777072522
9,1139,-10.05145768
9,1140,2.008208464
9,1141,5.891819099
9,1142,1.412294655
9,1143,3.380873499
9,1144,3.254233239
9,1145,1.907012592
9,1146,2.586681709
9,1147,1.900594032
9,1148,1.999973996
9,1149,4.606953352
9,1150,0.922946478
9,1151,3.298722777
9,1152,0.813792456
9,1153,2.552760752
9,1154,2.206734992
9,1155,10.9971718
9,1156,3.408449423
9,1157,8.060210742
9,1158,6.81906122
9,1159,6.852786906
9,1160,3.551631212
9,1161,3.798917713
9,1162,0.522235214
9,1163,-0.720454475
9,1164,0.385527068
9,1165,1.907031033
9,1166,0.532606709
9,1167,3.562358542
9,1168,3.706088427
9,1169,-10.19668864
9,1170,2.256172708
9,1171,6.812134253
9,1172,9.122524676
9,1173,6.163254989
9,1174,4.189304748
9,1175,-4.161876362
9,1176,0.088563533
9,1177,-1.482203823
9,1178,2.837416863
10,1001,-82.19078945
10,1002,26.58043454
10,1003,-77.4490692
10,1004,-50.92885975
10,1005,82.31706102
10,1006,3.330847077
10,1007,-14.87372113
10,1008,-15.40115606
10,1009,-11.82699647
10,1010,-10.14665424
10,1011,-11.03984763
10,1012,12.11872094
10,1013,-9.420865019
10,1014,29.25445316
10,1015,-19.74315375
10,1016,-8.246329028
10,1017,-5.438742774
10,1018,-4.542005767
10,1019,-0.062453767
10,1020,-0.051347672
10,1021,-10.79408266
10,1022,36.820337
10,1023,-25.7083295
10,1024,-31.85847219
10,1025,-71.9988324
10,1026,-8.886049299
10,1027,-57.59618017
10,1028,9.207252705
10,1029,-29.60387785
10,1030,26.82352947
10,1031,-14.22106144
10,1032,13.11582842
10,1033,31.51748629
10,1034,-1.86682268
10,1035,2.807351707
10,1036,16.49690848
10,1037,3.477178009
10,1038,-3.361804208
10,1039,-14.74816444
10,1040,-10.26394566
10,1041,-14.03921229
10,1042,-3.587980118
10,1043,-2.784515441
10,1044,-9.239843365
10,1045,11.23505542
10,1046,32.69560808
10,1047,22.43208886
10,1048,-65.74507263
10,1049,21.82832099
10,1050,23.38995489
10,1051,-14.96792648
10,1052,-21.70488325
10,1053,-14.23453765
10,1054,-3.740646238
10,1055,7.86092924
10,1056,-8.357092012
10,1057,-10.86158288
10,1058,-13.10082965
10,1059,-7.278597764
10,1060,-26.54413774
10,1061,-10.83710848
10,1062,-9.425287411
10,1063,-15.54006046
10,1064,-20.00245078
10,1065,-19.28332068
10,1066,-7.140185347
10,1067,97.50658312
10,1068,-67.71890152
10,1069,72.16620303
10,1070,62.73664628
10,1071,-95.84864415
10,1072,-96.90168566
10,1073,3.732567663
10,1074,-11.54086498
10,1075,22.78159015
10,1076,-22.63551888
10,1077,83.89832864
10,1078,-13.80081835
10,1079,-13.38454242
10,1080,-12.92471565
10,1081,15.30260734
10,1082,8.631985155
10,1083,-11.00015287
10,1084,-26.68192791
10,1085,-16.46182061
10,1086,1.528652694
10,1087,-11.99390577
10,1088,1.714835377
10,1089,-6.752864976
10,1090,28.1552486
10,1091,-32.62247022
10,1092,-71.06300748
10,1093,-27.0363151
10,1094,-39.54879735
10,1095,10.22432917
10,1096,-13.55571247
10,1097,0.785000637
10,1098,8.573171859
10,1099,-10.58056445
10,1100,-8.66056164
10,1101,-31.44293265
10,1102,-13.72019811
10,1103,-25.67126272
10,1104,-25.82629788
10,1105,10.86796362
10,1106,1.681514509
10,1107,1.813676997
10,1108,-11.44398788
10,1109,2.684543105
10,1110,-2.144083694
10,1111,-24.24915633
10,1112,18.93848017
10,1113,-13.87644977
10,1114,-7.704119995
10,1115,-4.037139319
10,1116,12.65904587
10,1117,-4.327624921
10,1118,-11.15697232
10,1119,4.441218295
10,1120,-5.391969075
10,1121,17.71675138
10,1122,-10.59043816
10,1123,11.48289079
10,1124,1.154055795
10,1125,-13.57688459
10,1126,-0.045341572
10,1127,-10.72220502
10,1128,-20.07488124
10,1129,-30.780216
10,1130,-12.99352811
10,1131,1.382263453
10,1132,-2.420651902
10,1133,-6.492769892
10,1134,4.66162736
10,1135,18.97424949
10,1136,-11.69768328
10,1137,-11.56128187
10,1138,-11.18699509
10,1139,-15.31522047
10,1140,-3.001319051
10,1141,-2.200529483
10,1142,-3.003702621
10,1143,-6.993253677
10,1144,-5.012618885
10,1145,1.378341042
10,1146,-1.455070664
10,1147,-0.96633574
10,1148,-2.684680767
10,1149,-4.953269635
10,1150,-1.290097253
10,1151,0.976771835
10,1152,-4.304854428
10,1153,-8.722757044
10,1154,-10.190629
10,1155,0.740016963
10,1156,0.250520083
10,1157,-0.39976917
10,1158,0.558357321
10,1159,-1.381417856
10,1160,-6.543892009
10,1161,-2.613264687
10,1162,-4.092301255
10,1163,-5.999462802
10,1164,-0.144885387
10,1165,-6.200928787
10,1166,-5.055825426
10,1167,-4.825463442
10,1168,-1.887494882
10,1169,-9.867782428
10,1170,-9.607678424
10,1171,-2.267950411
10,1172,2.445178858
10,1173,-5.963850317
10,1174,-5.402965594
10,1175,-2.668747145
10,1176,0.087727414
10,1177,-1.769286888
10,1178,-7.009047449
11,1001,-62.32280869
11,1002,50.09902034
11,1003,-57.48721853
11,1004,-38.63367475
11,1005,62.21822717
11,1006,14.1387822
11,1007,-14.42548128
11,1008,-9.52907051
11,1009,-14.57554914
11,1010,-15.92435974
11,1011,-9.890677602
11,1012,13.91220429
11,1013,-6.885779423
11,1014,30.97338434
11,1015,-5.017501196
11,1016,-8.579008399
11,1017,-5.084421967
11,1018,-5.492067872
11,1019,6.021793108
11,1020,6.166843827
11,1021,-6.919664154
11,1022,58.39163086
11,1023,-17.07176316
11,1024,-23.75408809
11,1025,-53.06950312
11,1026,1.211334897
11,1027,-39.19135202
11,1028,16.85435068
11,1029,-15.56685881
11,1030,29.88318908
11,1031,-9.538706925
11,1032,19.16266157
11,1033,27.47357866
11,1034,-8.346385949
11,1035,10.45364572
11,1036,23.54659667
11,1037,6.686771979
11,1038,0.166544643
11,1039,-10.32188259
11,1040,-9.04126366
11,1041,-9.491902433
11,1042,-3.430231724
11,1043,-0.702400128
11,1044,-4.091471054
11,1045,8.832673896
11,1046,43.27322349
11,1047,31.42831136
11,1048,-53.78020951
11,1049,27.35272529
11,1050,34.2356619
11,1051,-13.29483317
11,1052,-20.04125619
11,1053,-10.64548618
11,1054,-3.020887764
11,1055,10.28246439
11,1056,-11.63197306
11,1057,-12.93714139
11,1058,-7.187732839
11,1059,-14.39448911
11,1060,-22.02687385
11,1061,-2.370496302
11,1062,-8.429818234
11,1063,-9.608034191
11,1064,-19.64249789
11,1065,-12.67010605
11,1066,-1.359868108
11,1067,61.54976256
11,1068,-70.762839
11,1069,56.37953679
11,1070,41.20415651
11,1071,-83.33012498
11,1072,-72.90634924
11,1073,4.415961357
11,1074,-4.034523315
11,1075,18.81072448
11,1076,-19.69917117
11,1077,50.38180003
11,1078,-2.562728808
11,1079,-14.07373648
11,1080,-10.26368284
11,1081,19.65501566
11,1082,6.042192248
11,1083,-11.71018738
11,1084,-25.47674781
11,1085,-16.46060782
11,1086,1.403188612
11,1087,-6.241663219
11,1088,2.385382966
11,1089,-5.787448579
11,1090,31.52045505
11,1091,-23.03213907
11,1092,-45.89559053
11,1093,-15.82199338
11,1094,-33.37692391
11,1095,17.52006918
11,1096,-7.824595676
11,1097,7.280066428
11,1098,14.34341206
11,1099,-10.39654257
11,1100,-6.209304128
11,1101,-20.30486562
11,1102,-11.85745427
11,1103,-11.42141116
11,1104,-17.12439353
11,1105,10.31809951
11,1106,7.333516161
11,1107,1.307137559
11,1108,-9.462616801
11,1109,3.375614213
11,1110,-2.538106973
11,1111,-14.35118241
11,1112,27.96372799
11,1113,-11.75309604
11,1114,-11.57637364
11,1115,-13.31028939
11,1116,20.59976318
11,1117,-7.862863141
11,1118,-8.282294523
11,1119,9.74993669
11,1120,-10.10978572
11,1121,13.20850204
11,1122,-8.662155255
11,1123,11.64944407
11,1124,8.985436283
11,1125,-10.41184402
11,1126,0.997264123
11,1127,-9.142538266
11,1128,-6.235690523
11,1129,-16.51936076
11,1130,-6.453574066
11,1131,8.774598665
11,1132,4.809009624
11,1133,-7.374748319
11,1134,4.76130115
11,1135,18.7172933
11,1136,-7.250755379
11,1137,-1.791715965
11,1138,-6.857066905
11,1139,-7.979708611
11,1140,1.127416691
11,1141,3.872013517
11,1142,2.305981738
11,1143,1.511302753
11,1144,1.240572394
11,1145,3.273742869
11,1146,1.153904227
11,1147,1.409394973
11,1148,-1.166714548
11,1149,-0.422178724
11,1150,-0.720990173
11,1151,0.720093177
11,1152,1.515462815
11,1153,1.254032089
11,1154,-1.208466232
11,1155,3.207230957
11,1156,3.310741138
11,1157,1.795388506
11,1158,3.587857654
11,1159,-0.326610154
11,1160,-0.096252296
11,1161,-1.829104981
11,1162,1.748856211
11,1163,-2.719252096
11,1164,-0.808315254
11,1165,-1.31396782
11,1166,-1.155968022
11,1167,-3.055692044
11,1168,-3.802924694
11,1169,-6.173843075
11,1170,-3.589905506
11,1171,0.167402647
11,1172,8.963174565
11,1173,0.575372312
11,1174,-2.641059495
11,1175,-3.382720921
11,1176,-0.177095265
11,1177,-1.925570305
11,1178,-1.094318744
12,1001,-66.32754182
12,1002,69.75565915
12,1003,-60.42703521
12,1004,-41.18237522
12,1005,62.7397733
12,1006,21.83586167
12,1007,-15.54479804
12,1008,-10.42056467
12,1009,-15.1289108
12,1010,-19.57710312
12,1011,-9.403894867
12,1012,16.20902337
12,1013,-4.712401011
12,1014,39.84959302
12,1015,-0.653974015
12,1016,-8.785839435
12,1017,-2.471154876
12,1018,-5.323237706
12,1019,8.351405379
12,1020,8.496456099
12,1021,-10.21854177
12,1022,73.50501336
12,1023,-14.25676226
12,1024,-24.76714111
12,1025,-53.74557497
12,1026,6.566626676
12,1027,-38.51894325
12,1028,19.41839067
12,1029,-17.89593494
12,1030,34.8485864
12,1031,-5.911488156
12,1032,21.75323429
12,1033,34.24449922
12,1034,-9.393636289
12,1035,15.07570456
12,1036,27.74236639
12,1037,8.441155578
12,1038,1.168195405
12,1039,-11.06904715
12,1040,-8.585111589
12,1041,-8.277916446
12,1042,-6.268320765
12,1043,-0.635185143
12,1044,-3.044968839
12,1045,10.98430901
12,1046,45.6317928
12,1047,34.44745408
12,1048,-63.41120453
12,1049,30.13990393
12,1050,38.56508634
12,1051,-14.46363652
12,1052,-22.58566186
12,1053,-12.03902067
12,1054,-0.19232918
12,1055,15.01958976
12,1056,-11.52622697
12,1057,-13.93436307
12,1058,-7.40570929
12,1059,-15.89173521
12,1060,-25.9385158
12,1061,-0.481223587
12,1062,-8.870397301
12,1063,-10.53791424
12,1064,-19.23343972
12,1065,-12.81952339
12,1066,-0.278454134
12,1067,63.15231298
12,1068,-83.42507199
12,1069,65.09080547
12,1070,42.46893504
12,1071,-95.40902626
12,1072,-80.38719142
12,1073,5.404682515
12,1074,-2.30540454
12,1075,19.84606583
12,1076,-23.95666683
12,1077,48.32334759
12,1078,-0.685838189
12,1079,-12.03404182
12,1080,-10.6870201
12,1081,19.23632328
12,1082,7.78037908
12,1083,-11.9434913
12,1084,-24.37894766
12,1085,-16.77437702
12,1086,3.15946829
12,1087,-4.843698665
12,1088,3.227379609
12,1089,-6.81779969
12,1090,33.97405817
12,1091,-22.26042007
12,1092,-44.4652019
12,1093,-15.24555331
12,1094,-36.57915456
12,1095,21.08366987
12,1096,-7.002647807
12,1097,10.28788547
12,1098,16.20632568
12,1099,-7.961085084
12,1100,-5.979889539
12,1101,-19.14962091
12,1102,-10.24350925
12,1103,-6.958142875
12,1104,-14.96210019
12,1105,10.43143117
12,1106,10.91588463
12,1107,3.406816985
12,1108,-10.28026094
12,1109,5.452987923
12,1110,0.145965619
12,1111,-14.80235717
12,1112,28.13865577
12,1113,-12.5470665
12,1114,-12.73343416
12,1115,-10.69586325
12,1116,21.71985745
12,1117,-9.865494756
12,1118,-10.60250094
12,1119,11.04505791
12,1120,-10.5100169
12,1121,17.61292066
12,1122,-8.819703694
12,1123,13.84952002
12,1124,10.79045057
12,1125,-10.83943242
12,1126,2.096530245
12,1127,-9.409913791
12,1128,-0.9557833
12,1129,-15.60497619
12,1130,-4.944607099
12,1131,13.06763064
12,1132,8.129782124
12,1133,-5.604480138
12,1134,8.035327157
12,1135,20.17136406
12,1136,-4.997020458
12,1137,2.591568897
12,1138,-6.735950523
12,1139,-9.85644982
12,1140,1.32204445
12,1141,5.371503017
12,1142,2.22859952
12,1143,2.893341911
12,1144,3.021380388
12,1145,4.300786331
12,1146,3.014569267
12,1147,2.007878529
12,1148,-1.43976722
12,1149,0.22693381
12,1150,-1.923112763
12,1151,1.80308414
12,1152,1.634933496
12,1153,5.475055669
12,1154,1.46026317
12,1155,3.282322635
12,1156,2.910681003
12,1157,4.473752054
12,1158,4.366740137
12,1159,0.94145138
12,1160,1.029947011
12,1161,-1.617881465
12,1162,2.58522859
12,1163,-2.307020026
12,1164,-1.400441201
12,1165,0.077209513
12,1166,-1.95888253
12,1167,-0.648523991
12,1168,-2.542336906
12,1169,-7.398684375
12,1170,-0.50532725
12,1171,2.318076498
12,1172,12.79448423
12,1173,3.080698651
12,1174,-0.832880961
12,1175,-4.50897633
12,1176,0.233128246
12,1177,-0.418119874
12,1178,2.336791973
13,1001,-67.53567141
13,1002,37.42399716
13,1003,-62.85405849
13,1004,-41.34990652
13,1005,65.77033667
13,1006,8.16436033
13,1007,-16.98189497
13,1008,-13.74218332
13,1009,-15.5142526
13,1010,-14.51583905
13,1011,-10.63785905
13,1012,11.62470492
13,1013,-8.382534244
13,1014,28.1255779
13,1015,-11.74294279
13,1016,-9.919545175
13,1017,-7.272870311
13,1018,-5.346077488
13,1019,0.768269058
13,1020,0.779375153
13,1021,-11.4676906
13,1022,46.1898955
13,1023,-20.6989415
13,1024,-27.59677447
13,1025,-57.32074198
13,1026,-4.446982027
13,1027,-45.08099379
13,1028,10.29104646
13,1029,-22.65694114
13,1030,29.24509046
13,1031,-15.31696603
13,1032,13.67530127
13,1033,27.95891477
13,1034,-8.612569359
13,1035,4.041980707
13,1036,16.79989779
13,1037,4.807967778
13,1038,-2.242523086
13,1039,-14.55594436
13,1040,-10.68897411
13,1041,-13.21922063
13,1042,-4.555347033
13,1043,-2.654027852
13,1044,-9.010300647
13,1045,8.007745244
13,1046,36.18487074
13,1047,27.53626099
13,1048,-59.18724558
13,1049,24.24027975
13,1050,25.98676637
13,1051,-15.80990203
13,1052,-20.82665054
13,1053,-12.725275
13,1054,-4.763336941
13,1055,7.770287466
13,1056,-12.11543444
13,1057,-14.37438574
13,1058,-13.28419752
13,1059,-8.257981981
13,1060,-39.78142419
13,1061,-7.580446325
13,1062,-10.69547362
13,1063,-15.39666431
13,1064,-18.79835899
13,1065,-15.77603524
13,1066,-5.706452409
13,1067,68.931665
13,1068,-67.58571734
13,1069,62.24214634
13,1070,52.4102956
13,1071,-83.95871186
13,1072,-80.90139499
13,1073,1.040009375
13,1074,-6.897172775
13,1075,23.25801214
13,1076,-22.97465342
13,1077,60.68928155
13,1078,-8.99732172
13,1079,-13.73501905
13,1080,-12.41163507
13,1081,14.39815488
13,1082,7.515080611
13,1083,-11.19453447
13,1084,-25.30092319
13,1085,-15.8289083
13,1086,-1.157903177
13,1087,-11.26618727
13,1088,-0.039248889
13,1089,-10.11022335
13,1090,25.88946123
13,1091,-26.6919808
13,1092,-50.61346693
13,1093,-20.64791565
13,1094,-33.41923296
13,1095,13.14753677
13,1096,-13.3070075
13,1097,3.931293515
13,1098,7.862565573
13,1099,-14.32911698
13,1100,-9.854540385
13,1101,-22.82565791
13,1102,-14.31699172
13,1103,-15.1212024
13,1104,-19.67869422
13,1105,7.581552333
13,1106,4.077067261
13,1107,-2.455757741
13,1108,-14.24615787
13,1109,1.322789598
13,1110,-2.996159375
13,1111,-18.04163713
13,1112,24.71697826
13,1113,-11.05447468
13,1114,-12.71720971
13,1115,-12.79491258
13,1116,19.78727483
13,1117,-9.630757556
13,1118,-12.02203211
13,1119,5.578342103
13,1120,-7.72763942
13,1121,16.21590363
13,1122,-10.0715864
13,1123,8.964377464
13,1124,3.864874639
13,1125,-11.94373999
13,1126,0.134453739
13,1127,-10.96882635
13,1128,-12.924755
13,1129,-23.84290533
13,1130,-9.471594369
13,1131,4.844076943
13,1132,-0.083395424
13,1133,-10.67092689
13,1134,2.178459403
13,1135,14.6980027
13,1136,-11.72341982
13,1137,-7.931369613
13,1138,-10.35294847
13,1139,-13.61446
13,1140,-2.76332097
13,1141,-1.184766868
13,1142,-1.740698904
13,1143,-3.90587465
13,1144,-3.55071254
13,1145,-0.303823932
13,1146,-1.90775772
13,1147,-2.567951091
13,1148,-3.531619745
13,1149,-2.510779763
13,1150,-3.426142373
13,1151,-0.102122174
13,1152,-1.977242462
13,1153,-2.71220713
13,1154,-5.517745713
13,1155,-0.212943269
13,1156,-0.341562732
13,1157,-0.412552918
13,1158,-0.553104433
13,1159,-2.392665169
13,1160,-3.095315454
13,1161,-3.206348218
13,1162,-2.558644161
13,1163,-5.274541813
13,1164,-2.747802008
13,1165,-4.602044155
13,1166,-3.869669334
13,1167,-3.327279631
13,1168,-3.693560293
13,1169,-10.92719073
13,1170,-7.984013378
13,1171,-1.732799783
13,1172,3.861542444
13,1173,-4.047536909
13,1174,-3.211074537
13,1175,-6.802903764
13,1176,-3.347300797
13,1177,-3.821377428
13,1178,-4.13525132
35,1001,-61.51007975
35,1002,50.66889171
35,1003,-56.74699719
35,1004,-37.96293697
35,1005,64.16632564
35,1006,13.41664795
35,1007,-10.56060315
35,1008,-9.69151186
35,1009,-11.16911281
35,1010,-11.58618256
35,1011,-8.128152031
35,1012,14.01175801
35,1013,-5.083947206
35,1014,28.32862426
35,1015,-2.40488507
35,1016,-3.257728586
35,1017,-2.554699667
35,1018,-4.071803471
35,1019,4.761592927
35,1020,4.769477004
35,1021,-6.061747703
35,1022,56.34564417
35,1023,-13.77297466
35,1024,-21.80721518
35,1025,-50.93361746
35,1026,0.596730193
35,1027,-37.57372444
35,1028,15.7528639
35,1029,-11.99506862
35,1030,30.35049272
35,1031,-13.19136709
35,1032,18.038621
35,1033,29.50596501
35,1034,-5.391304984
35,1035,9.622609922
35,1036,20.82639893
35,1037,7.351179237
35,1038,2.847848131
35,1039,-7.641937767
35,1040,-7.460331427
35,1041,-6.193516504
35,1042,1.082131815
35,1043,3.340166336
35,1044,-2.226236735
35,1045,9.381258089
35,1046,38.80350595
35,1047,29.26340174
35,1048,-34.87125771
35,1049,24.79237208
35,1050,29.69997904
35,1051,-9.652003159
35,1052,-17.54559652
35,1053,-7.682892543
35,1054,-3.612304901
35,1055,10.31418582
35,1056,-10.16905939
35,1057,-7.050271961
35,1058,-4.50189829
35,1059,-8.950131744
35,1060,-18.19774583
35,1061,-1.325794821
35,1062,-6.42558368
35,1063,-6.976360041
35,1064,-15.75399432
35,1065,-10.89398136
35,1066,-1.137871381
35,1067,71.61113699
35,1068,-68.17476148
35,1069,65.89405279
35,1070,52.0917068
35,1071,-74.82869512
35,1072,-76.79827664
35,1073,5.907970259
35,1074,-1.21239687
35,1075,30.16194532
35,1076,-18.3151258
35,1077,57.58139671
35,1078,-4.245332562
35,1079,-9.927653789
35,1080,-9.194242752
35,1081,14.37707901
35,1082,8.32762118
35,1083,-8.946864423
35,1084,-23.30868894
35,1085,-12.59773715
35,1086,1.916024013
35,1087,-3.954613774
35,1088,4.913270458
35,1089,-5.937283239
35,1090,30.17413688
35,1091,-20.9867705
35,1092,-36.80288332
35,1093,-13.77497611
35,1094,-31.55198016
35,1095,19.2659145
35,1096,-5.224965583
35,1097,9.707827476
35,1098,14.4473775
35,1099,-7.753687348
35,1100,-2.828836339
35,1101,-20.07876034
35,1102,-9.764516189
35,1103,-6.641747183
35,1104,-15.57641181
35,1105,11.11112465
35,1106,8.613458717
35,1107,2.905912453
35,1108,-6.793855787
35,1109,4.532408836
35,1110,1.997252078
35,1111,-13.49475222
35,1112,21.21323093
35,1113,-8.931516526
35,1114,-9.358070732
35,1115,-9.867085716
35,1116,18.59026704
35,1117,-7.44370104
35,1118,-4.399373326
35,1119,9.130943206
35,1120,-4.250742386
35,1121,15.02801123
35,1122,-7.442447886
35,1123,11.19334588
35,1124,7.191246334
35,1125,-4.156565068
35,1126,4.649753782
35,1127,-7.405275203
35,1128,-2.229637095
35,1129,-13.26904246
35,1130,-2.841525888
35,1131,10.52332982
35,1132,6.444432572
35,1133,-2.751919256
35,1134,5.597828636
35,1135,19.87207812
35,1136,-6.275662357
35,1137,-1.628559255
35,1138,-3.429872802
35,1139,-7.98052572
35,1140,1.673702861
35,1141,5.230431157
35,1142,0.782844262
35,1143,1.596679899
35,1144,1.509389939
35,1145,3.743569345
35,1146,1.951969798
35,1147,2.14268772
35,1148,0.215084199
35,1149,0.892840235
35,1150,0.079325032
35,1151,1.674103716
35,1152,1.419848223
35,1153,0.950285168
35,1154,-0.460742245
35,1155,3.037712086
35,1156,4.524776147
35,1157,4.125346292
35,1158,4.693887717
35,1159,3.240602563
35,1160,0.289462552
35,1161,-0.487188482
35,1162,0.158250207
35,1163,-1.728130437
35,1164,0.441763804
35,1165,-0.216568314
35,1166,-0.170006173
35,1167,-0.350879228
35,1168,-0.722959335
35,1169,-0.131631034
35,1170,-0.921408924
35,1171,2.533798617
35,1172,8.521740139
35,1173,1.537777324
35,1174,2.148810694
35,1175,-1.874056073
35,1176,0.449358712
35,1177,-0.432183393
35,1178,-0.883700245
36,1001,-71.95841265
36,1002,50.81457593
36,1003,-65.5115248
36,1004,-40.88527699
36,1005,74.3549748
36,1006,10.84027946
36,1007,-14.06851172
36,1008,-13.35384259
36,1009,-13.66985492
36,1010,-13.35269582
36,1011,-11.16795864
36,1012,14.20239022
36,1013,-6.805230957
36,1014,34.22673172
36,1015,-9.095525179
36,1016,-11.02110139
36,1017,-1.363045763
36,1018,-4.74416731
36,1019,3.822386286
36,1020,3.833492381
36,1021,-14.8451704
36,1022,52.19311011
36,1023,-20.21783083
36,1024,-28.93732187
36,1025,-60.7021064
36,1026,-2.283508368
36,1027,-50.82469346
36,1028,11.62790946
36,1029,-21.99167039
36,1030,31.92759085
36,1031,-15.15337748
36,1032,15.43537362
36,1033,33.04820592
36,1034,-4.19037141
36,1035,6.352529151
36,1036,20.73176918
36,1037,6.284796105
36,1038,0.374941891
36,1039,-13.49586151
36,1040,-14.01105076
36,1041,-9.283002018
36,1042,-6.05798117
36,1043,-2.949483129
36,1044,-5.287134588
36,1045,10.48144147
36,1046,38.87881646
36,1047,31.15446634
36,1048,-61.94905609
36,1049,28.79379085
36,1050,27.50520747
36,1051,-18.12344436
36,1052,-19.52754689
36,1053,-11.76517214
36,1054,-4.581431299
36,1055,9.198309609
36,1056,-8.082591658
36,1057,-13.05027599
36,1058,-15.33001514
36,1059,-11.05598442
36,1060,-53.61590839
36,1061,-3.291070412
36,1062,-14.23183206
36,1063,-15.40592418
36,1064,-19.76844662
36,1065,-18.16439167
36,1066,-3.88175379
36,1067,88.63860893
36,1068,-80.27685175
36,1069,77.13547408
36,1070,72.18260695
36,1071,-92.12178035
36,1072,-89.74952751
36,1073,1.445794157
36,1074,-9.029472106
36,1075,35.40003231
36,1076,-27.03904245
36,1077,74.85433332
36,1078,-11.4790155
36,1079,-11.91826637
36,1080,-13.11380148
36,1081,14.27651756
36,1082,10.58859965
36,1083,-11.60342529
36,1084,-25.59912273
36,1085,-15.72838553
36,1086,-0.300082023
36,1087,-11.63166147
36,1088,2.783851628
36,1089,-11.92151893
36,1090,30.1014907
36,1091,-26.0049566
36,1092,-48.1763265
36,1093,-20.3310696
36,1094,-36.29547878
36,1095,14.40054529
36,1096,-11.64137036
36,1097,6.669560085
36,1098,11.11015993
36,1099,-10.08440247
36,1100,-6.456893128
36,1101,-24.47273464
36,1102,-14.16535565
36,1103,-12.57317072
36,1104,-18.04725564
36,1105,10.4979033
36,1106,5.293077258
36,1107,1.029682978
36,1108,-15.53631615
36,1109,4.173938482
36,1110,1.090604456
36,1111,-16.87759669
36,1112,23.41928483
36,1113,-8.131154754
36,1114,-23.40009502
36,1115,-17.51992038
36,1116,22.04566987
36,1117,-8.644469524
36,1118,-12.91965401
36,1119,6.715242414
36,1120,-5.171392476
36,1121,18.08891228
36,1122,-9.668581342
36,1123,9.68823546
36,1124,3.952967293
36,1125,-14.60895599
36,1126,0.195566072
36,1127,-13.20179749
36,1128,-7.664092067
36,1129,-21.29542657
36,1130,-7.630635963
36,1131,7.126178847
36,1132,1.699917773
36,1133,-5.695481975
36,1134,6.591122665
36,1135,19.75129326
36,1136,-8.133366917
36,1137,-4.21877054
36,1138,-6.273168058
36,1139,-12.78648973
36,1140,0.953676694
36,1141,2.300809376
36,1142,1.109893183
36,1143,1.07580946
36,1144,-0.058343132
36,1145,3.488452414
36,1146,3.804121618
36,1147,2.211095199
36,1148,0.191107063
36,1149,1.873067344
36,1150,-0.823225268
36,1151,2.415301116
36,1152,1.247435461
36,1153,0.499588257
36,1154,0.08112215
36,1155,1.726268196
36,1156,0.659715875
36,1157,2.365802719
36,1158,2.762817117
36,1159,2.633232922
36,1160,1.125456234
36,1161,1.003073086
36,1162,-0.513457091
36,1163,-1.92958807
36,1164,-1.951307122
36,1165,-1.665504133
36,1166,-2.231296316
36,1167,-0.246657675
36,1168,0.646934522
36,1169,-8.142014643
36,1170,-2.793449255
36,1171,0.807505059
36,1172,7.95377797
36,1173,1.687955487
36,1174,0.687927813
36,1175,-9.419877208
36,1176,-0.973085245
36,1177,-2.687284378
36,1178,-1.914810631
14,1001,-80.26423135
14,1002,63.7134062
14,1003,-78.7527581
14,1004,-53.70893577
14,1005,86.53299321
14,1006,24.60755076
14,1007,-30.57339499
14,1008,-20.92643146
14,1009,-29.43932862
14,1010,-27.54851961
14,1011,-6.44817
14,1012,32.89214885
14,1013,-16.46458972
14,1014,59.15456783
14,1015,-5.909539694
14,1016,-3.053144949
14,1017,2.51058217
14,1018,3.124576377
14,1019,26.70787715
14,1020,26.81099083
14,1021,-17.86049452
14,1022,82.61914019
14,1023,-27.7080679
14,1024,-36.95755138
14,1025,-68.82730849
14,1026,5.798036194
14,1027,-68.7283263
14,1028,34.59304724
14,1029,-9.818736743
14,1030,45.91152411
14,1031,-45.8607923
14,1032,44.599462
14,1033,37.49237988
14,1034,-29.44728569
14,1035,22.43992513
14,1036,50.22001673
14,1037,6.019297537
14,1038,11.76157291
14,1039,-13.0806401
14,1040,-14.80625373
14,1041,-21.11699915
14,1042,-27.61492207
14,1043,-17.67668767
14,1044,-5.639634125
14,1045,22.66564242
14,1046,88.80734273
14,1047,69.74466538
14,1048,-77.77090018
14,1049,60.07675362
14,1050,69.04718654
14,1051,-36.53393406
14,1052,-2.95711911
14,1053,-15.07881081
14,1054,-24.23602668
14,1055,26.4406203
14,1056,-17.84431612
14,1057,-12.35825167
14,1058,-22.68276401
14,1059,-32.7597251
14,1060,-38.80504102
14,1061,3.953821167
14,1062,6.732889479
14,1063,-13.15745511
14,1064,-15.6325472
14,1065,-20.83712432
14,1066,4.480803887
14,1067,89.71949659
14,1068,-90.36880766
14,1069,50.92902619
14,1070,72.98744889
14,1071,-95.88175493
14,1072,-71.02537215
14,1073,3.821445718
14,1074,-0.974292056
14,1075,32.95851959
14,1076,-31.7293293
14,1077,80.63049575
14,1078,-0.306010085
14,1079,-34.29387169
14,1080,-26.26884121
14,1081,32.8917124
14,1082,0.992080207
14,1083,-8.754116519
14,1084,-50.97024993
14,1085,-24.7523132
14,1086,0.784453915
14,1087,9.369963086
14,1088,20.37886413
14,1089,-9.299844192
14,1090,70.88488
14,1091,-33.33484813
14,1092,-86.35281554
14,1093,-24.09577305
14,1094,-46.79488805
14,1095,25.04829382
14,1096,-4.907241395
14,1097,10.72509928
14,1098,22.61847152
14,1099,-30.99065704
14,1100,-3.996241015
14,1101,-25.82434571
14,1102,-24.56013923
14,1103,-14.19350419
14,1104,-23.62081517
14,1105,16.61692439
14,1106,25.13527121
14,1107,18.64878705
14,1108,-14.07004957
14,1109,13.57513826
14,1110,17.60666358
14,1111,-22.04411715
14,1112,79.23313164
14,1113,-64.98013526
14,1114,-59.38819444
14,1115,-64.86971495
14,1116,71.59221494
14,1117,9.782468428
14,1118,-12.12830032
14,1119,38.61633942
14,1120,-30.85174854
14,1121,17.36194413
14,1122,-22.18583305
14,1123,40.13311344
14,1124,34.64688528
14,1125,-14.67339103
14,1126,-3.363448913
14,1127,-12.49419999
14,1128,-15.15168023
14,1129,-32.51114514
14,1130,-22.92037801
14,1131,-1.24602912
14,1132,0.6984302
14,1133,-22.66756485
14,1134,-9.407991411
14,1135,23.51657285
14,1136,-2.926264565
14,1137,1.883722027
14,1138,-22.27220139
14,1139,-18.10175288
14,1140,5.51560579
14,1141,1.479414555
14,1142,1.213019458
14,1143,-1.84059027
14,1144,-1.201678033
14,1145,9.554106522
14,1146,12.63425989
14,1147,2.340949984
14,1148,0.419698056
14,1149,0.497668263
14,1150,1.577332087
14,1151,11.14474536
14,1152,14.06238842
14,1153,2.927222333
14,1154,-3.566933076
14,1155,-3.933697064
14,1156,18.27897439
14,1157,-0.441817691
14,1158,4.030519339
14,1159,0.840614787
14,1160,-4.955270567
14,1161,-0.688090785
14,1162,4.637812224
14,1163,-1.555694101
14,1164,-1.326454914
14,1165,-3.819176276
14,1166,5.770512726
14,1167,-1.568508012
14,1168,-4.420192133
14,1169,-4.058369712
14,1170,-8.548647339
14,1171,-1.826783921
14,1172,27.12176059
14,1173,1.627778673
14,1174,4.373081187
14,1175,4.143605555
14,1176,16.39668775
14,1177,6.861475492
14,1178,-2.336500628
15,1001,-74.39731558
15,1002,56.39480372
15,1003,-71.55737698
15,1004,-42.51045344
15,1005,82.31116427
15,1006,13.92367728
15,1007,-21.3551655
15,1008,-18.70542526
15,1009,-28.73644338
15,1010,-27.33216301
15,1011,-9.089246102
15,1012,23.14719802
15,1013,-19.83833166
15,1014,48.52167365
15,1015,-6.563922567
15,1016,-7.732441083
15,1017,0.859441282
15,1018,1.000057966
15,1019,18.44985786
15,1020,18.45774194
15,1021,-13.56552942
15,1022,74.12645933
15,1023,-24.45430873
15,1024,-33.37043304
15,1025,-71.16753758
15,1026,-3.849438049
15,1027,-65.37435905
15,1028,26.30967989
15,1029,-15.66908514
15,1030,34.82542594
15,1031,-44.16456645
15,1032,31.70694487
15,1033,28.71420306
15,1034,-25.29969825
15,1035,13.36603546
15,1036,39.25096444
15,1037,-1.341848314
15,1038,2.753865065
15,1039,-16.25799395
15,1040,-13.41589913
15,1041,-16.26720065
15,1042,-21.9191396
15,1043,-12.44497371
15,1044,-2.679710582
15,1045,16.20731765
15,1046,77.08848542
15,1047,60.89456483
15,1048,-69.36567936
15,1049,47.04070287
15,1050,57.90229009
15,1051,-30.18218112
15,1052,-7.327333413
15,1053,-18.51840864
15,1054,-24.10670213
15,1055,16.4540984
15,1056,-18.75704753
15,1057,-14.76002441
15,1058,-20.40776012
15,1059,-29.82257912
15,1060,-52.78529486
15,1061,-1.945930648
15,1062,-0.43246424
15,1063,-12.47049174
15,1064,-15.43244174
15,1065,-21.5574412
15,1066,-1.348736032
15,1067,79.01222623
15,1068,-84.68418679
15,1069,53.69025558
15,1070,55.90453788
15,1071,-90.51103511
15,1072,-76.99760568
15,1073,-1.351930861
15,1074,-3.218919304
15,1075,22.63870477
15,1076,-28.26168143
15,1077,67.88587331
15,1078,-3.738304355
15,1079,-33.95257831
15,1080,-27.04747287
15,1081,23.58830472
15,1082,-1.808355449
15,1083,-9.870635143
15,1084,-52.18545536
15,1085,-24.99789746
15,1086,-3.574914441
15,1087,4.355319015
15,1088,10.17208173
15,1089,-11.8791763
15,1090,65.28132445
15,1091,-34.08788967
15,1092,-73.27415793
15,1093,-25.13276697
15,1094,-46.0357321
15,1095,18.83065497
15,1096,-6.832857544
15,1097,8.577842873
15,1098,15.90031279
15,1099,-29.23930578
15,1100,-7.752269397
15,1101,-29.06404149
15,1102,-25.34646516
15,1103,-18.26460506
15,1104,-27.02596285
15,1105,7.541642023
15,1106,17.68266502
15,1107,8.625928925
15,1108,-17.38827336
15,1109,5.337842647
15,1110,7.73699312
15,1111,-21.55456386
15,1112,64.57339596
15,1113,-38.33040276
15,1114,-57.61120251
15,1115,-64.52293987
15,1116,58.81186197
15,1117,-3.790682908
15,1118,-16.50176211
15,1119,25.64911546
15,1120,-24.46068791
15,1121,11.82004793
15,1122,-22.92961735
15,1123,28.58356447
15,1124,23.76866614
15,1125,-14.66353557
15,1126,-0.667441224
15,1127,-12.73315931
15,1128,-11.76110414
15,1129,-28.10604527
15,1130,-11.91680237
15,1131,3.505064307
15,1132,-2.090018062
15,1133,-20.1670501
15,1134,-5.854996697
15,1135,27.48658756
15,1136,-2.258253673
15,1137,-2.286622241
15,1138,-17.30041029
15,1139,-15.46777602
15,1140,3.499912411
15,1141,3.412675984
15,1142,2.090102106
15,1143,1.883456445
15,1144,1.738393569
15,1145,9.822265458
15,1146,9.387020889
15,1147,4.701407476
15,1148,-1.221132741
15,1149,-0.709168064
15,1150,-0.612939846
15,1151,5.776410002
15,1152,8.851204682
15,1153,2.408039804
15,1154,-0.837104554
15,1155,-2.091260342
15,1156,11.15738456
15,1157,-1.737563097
15,1158,5.601961589
15,1159,-0.891575522
15,1160,-1.658917382
15,1161,-1.347473855
15,1162,4.065280794
15,1163,-2.391262261
15,1164,-2.694539713
15,1165,-3.397758907
15,1166,-0.021240972
15,1167,-3.055006856
15,1168,-3.866366528
15,1169,-5.518768427
15,1170,-7.772739473
15,1171,-2.744484403
15,1172,23.52943588
15,1173,2.277550446
15,1174,0.776864862
15,1175,-3.352069143
15,1176,11.39690678
15,1177,2.706521683
15,1178,-4.186145906
34,1001,-59.07160874
34,1002,55.30578277
34,1003,-53.75200812
34,1004,-29.05763173
34,1005,57.44241008
34,1006,13.92041423
34,1007,-16.25284058
34,1008,-17.37119202
34,1009,-29.74641721
34,1010,-22.50534848
34,1011,-11.74781269
34,1012,9.253375241
34,1013,-11.20382667
34,1014,43.27015102
34,1015,1.464534769
34,1016,-7.31491327
34,1017,-0.919843023
34,1018,-3.725964822
34,1019,4.304885047
34,1020,4.596916171
34,1021,-16.31464699
34,1022,56.53808931
34,1023,-17.88872248
34,1024,-21.47697455
34,1025,-47.77450761
34,1026,-0.268419758
34,1027,-41.64697921
34,1028,17.73231296
34,1029,-11.9504088
34,1030,30.28569192
34,1031,-35.1503465
34,1032,22.38391573
34,1033,34.75525852
34,1034,-25.95429658
34,1035,6.77850776
34,1036,26.27232263
34,1037,-1.714084786
34,1038,-0.448346951
34,1039,-12.71363465
34,1040,-12.81766708
34,1041,-16.77778088
34,1042,-14.25005045
34,1043,-7.093437708
34,1044,-6.340215886
34,1045,9.687023881
34,1046,47.40130679
34,1047,38.70691351
34,1048,-45.73559892
34,1049,33.9065223
34,1050,47.67919259
34,1051,-21.30441474
34,1052,-16.74019066
34,1053,-11.72391059
34,1054,-16.04346781
34,1055,6.730974082
34,1056,-22.09689723
34,1057,-16.82251025
34,1058,-14.78360347
34,1059,-23.10637777
34,1060,-35.12743945
34,1061,0.363579385
34,1062,-9.394403297
34,1063,-11.28229664
34,1064,-18.76538692
34,1065,-14.43689257
34,1066,-1.844057587
34,1067,50.655354
34,1068,-54.88254226
34,1069,56.7831428
34,1070,41.87891044
34,1071,-66.85522148
34,1072,-67.6772772
34,1073,2.28159421
34,1074,-0.679515468
34,1075,18.39988306
34,1076,-17.42266261
34,1077,38.6621733
34,1078,-1.208302145
34,1079,-25.24393644
34,1080,-19.36090004
34,1081,10.54094321
34,1082,-1.099284828
34,1083,-12.79904441
34,1084,-37.75887315
34,1085,-19.79119494
34,1086,-3.656558659
34,1087,-4.870508658
34,1088,2.190101514
34,1089,-13.8956822
34,1090,37.62694187
34,1091,-24.02450332
34,1092,-32.83943337
34,1093,-14.31579023
34,1094,-27.40373554
34,1095,15.64187768
34,1096,-5.960139967
34,1097,6.460006641
34,1098,12.44304921
34,1099,-23.51418553
34,1100,-9.4246373
34,1101,-27.89562924
34,1102,-20.49404766
34,1103,-8.979566271
34,1104,-22.60553306
34,1105,7.577060759
34,1106,10.37484469
34,1107,5.578275233
34,1108,-12.8420807
34,1109,6.338261672
34,1110,1.523221634
34,1111,-12.06066218
34,1112,34.4630317
34,1113,-16.26895188
34,1114,-27.21954663
34,1115,-36.2610184
34,1116,28.42278312
34,1117,-8.49217214
34,1118,-13.32378813
34,1119,16.20374279
34,1120,-21.81466717
34,1121,20.31195005
34,1122,-17.44411549
34,1123,14.67597239
34,1124,13.71835326
34,1125,-5.101798383
34,1126,-1.320729364
34,1127,-10.38165185
34,1128,-5.56005417
34,1129,-19.64510153
34,1130,-9.836149969
34,1131,6.297473799
34,1132,-0.295756458
34,1133,-20.04434102
34,1134,-5.927658472
34,1135,13.19923235
34,1136,-8.614487399
34,1137,0.612389973
34,1138,-14.9904244
34,1139,-15.4887825
34,1140,0.351273056
34,1141,0.083220815
34,1142,0.426295521
34,1143,1.755027814
34,1144,-0.342679885
34,1145,4.178749026
34,1146,6.392210164
34,1147,0.258742056
34,1148,-2.410223046
34,1149,0.34617503
34,1150,-2.348630935
34,1151,2.598291353
34,1152,5.400627418
34,1153,5.377262888
34,1154,-1.874079002
34,1155,-0.28919943
34,1156,2.714048427
34,1157,1.880251373
34,1158,0.220542017
34,1159,-1.313388441
34,1160,-1.537767856
34,1161,-3.508500098
34,1162,1.593851425
34,1163,-2.089479812
34,1164,-1.203302541
34,1165,-3.663590897
34,1166,-2.509924829
34,1167,-0.684159858
34,1168,-5.109794443
34,1169,-2.239597589
34,1170,-5.595268968
34,1171,1.706875774
34,1172,15.40370139
34,1173,0.108918433
34,1174,1.94336196
34,1175,-7.035098927
34,1176,0.682357864
34,1177,-5.890138302
34,1178,-1.774431533
17,1001,-70.27029514
17,1002,39.4398911
17,1003,-64.59628418
17,1004,-51.5727893
17,1005,54.3115192
17,1006,5.337619003
17,1007,-31.97675523
17,1008,-36.09258741
17,1009,-61.94321245
17,1010,-57.0903508
17,1011,-18.24176312
17,1012,5.825564046
17,1013,-30.08586545
17,1014,46.63332606
17,1015,0.056752041
17,1016,-14.87421693
17,1017,-11.00710555
17,1018,-14.59728739
17,1019,3.720451312
17,1020,4.139143756
17,1021,-28.76789065
17,1022,48.47662623
17,1023,-32.60933628
17,1024,-35.78709668
17,1025,-63.77966416
17,1026,-8.247907178
17,1027,-56.02058155
17,1028,16.07128542
17,1029,-11.6658302
17,1030,18.45798147
17,1031,-78.52508239
17,1032,22.56255472
17,1033,15.18810552
17,1034,-69.58094098
17,1035,-2.9096517
17,1036,24.41594073
17,1037,-22.6380409
17,1038,-1.086908969
17,1039,-26.23676844
17,1040,-28.21480306
17,1041,-38.27865664
17,1042,-36.36933615
17,1043,-26.48615338
17,1044,-22.13869176
17,1045,8.093969677
17,1046,56.69590287
17,1047,38.20681731
17,1048,-73.14720685
17,1049,31.97208942
17,1050,50.05347067
17,1051,-40.79875425
17,1052,-10.895067
17,1053,-15.16006569
17,1054,-50.94634438
17,1055,-0.778787944
17,1056,-49.39809367
17,1057,-27.2361212
17,1058,-33.36745858
17,1059,-75.7700107
17,1060,-52.68064842
17,1061,-4.051095697
17,1062,-8.940751715
17,1063,-19.16170441
17,1064,-24.53454465
17,1065,-22.69654035
17,1066,-3.427259888
17,1067,19.82147463
17,1068,-58.97521966
17,1069,23.62274563
17,1070,11.05038901
17,1071,-94.48444634
17,1072,-64.89370334
17,1073,-15.97609017
17,1074,-9.461072301
17,1075,7.423964132
17,1076,-35.53304945
17,1077,11.60271236
17,1078,-2.515425944
17,1079,-80.22546072
17,1080,-56.70118986
17,1081,6.563135481
17,1082,-32.22287167
17,1083,-23.29331377
17,1084,-79.59860774
17,1085,-43.6160849
17,1086,-23.62281979
17,1087,-1.647212989
17,1088,3.373811164
17,1089,-34.71417783
17,1090,38.83549167
17,1091,-40.23739282
17,1092,-55.34481493
17,1093,-26.02830975
17,1094,-45.08696965
17,1095,8.407218645
17,1096,-16.27684956
17,1097,-8.395781066
17,1098,6.88231741
17,1099,-65.66987115
17,1100,-24.84048026
17,1101,-46.35795719
17,1102,-53.83063687
17,1103,-24.82327219
17,1104,-36.59395864
17,1105,-9.843563691
17,1106,6.855583106
17,1107,7.1166605
17,1108,-24.06997473
17,1109,2.98375238
17,1110,0.188424611
17,1111,-18.54973296
17,1112,48.13792513
17,1113,-54.61763977
17,1114,-62.92045212
17,1115,-88.12004566
17,1116,35.54946403
17,1117,-4.897235935
17,1118,-29.61457595
17,1119,21.88155815
17,1120,-80.38589079
17,1121,0.561596807
17,1122,-48.85419894
17,1123,18.54329729
17,1124,21.00733401
17,1125,-22.26782796
17,1126,-11.66637884
17,1127,-18.85628734
17,1128,-19.74510024
17,1129,-34.83765437
17,1130,-31.05106203
17,1131,-12.066253
17,1132,-22.4414735
17,1133,-61.32335017
17,1134,-43.82039502
17,1135,-12.58106194
17,1136,-23.75315788
17,1137,-14.11794421
17,1138,-41.69199067
17,1139,-32.27871094
17,1140,-11.28862533
17,1141,-12.79101835
17,1142,-5.020941594
17,1143,-10.42949657
17,1144,-15.33606785
17,1145,1.397668875
17,1146,5.393857163
17,1147,-10.99169086
17,1148,-12.41322804
17,1149,-15.47945362
17,1150,-12.16159045
17,1151,-3.263727519
17,1152,5.585588272
17,1153,-4.063982977
17,1154,-13.47766761
17,1155,-21.57756308
17,1156,2.053947252
17,1157,-20.48713509
17,1158,-13.41107119
17,1159,-12.68604349
17,1160,-15.15293502
17,1161,-13.48163356
17,1162,-5.985415165
17,1163,-8.819202774
17,1164,-15.29354219
17,1165,-17.48634508
17,1166,-6.284273823
17,1167,-13.07046015
17,1168,-18.84854881
17,1169,-9.100988052
17,1170,-24.99599382
17,1171,-20.6163238
17,1172,13.25621414
17,1173,-11.8289147
17,1174,-8.373453932
17,1175,-11.88700808
17,1176,1.07135101
17,1177,-7.724470685
17,1178,-15.02575919
18,1001,-50.11410635
18,1002,22.40082279
18,1003,-45.2356047
18,1004,-31.29744481
18,1005,52.71380146
18,1006,9.144583184
18,1007,-11.01831634
18,1008,-12.04697264
18,1009,-17.82165437
18,1010,-15.46659492
18,1011,-7.308507205
18,1012,10.58015554
18,1013,-8.048322958
18,1014,12.85606635
18,1015,-7.395795157
18,1016,-7.873026057
18,1017,-4.784805808
18,1018,-3.34076156
18,1019,2.700568319
18,1020,2.85865482
18,1021,-8.288852621
18,1022,37.74862917
18,1023,-15.7191141
18,1024,-19.99345649
18,1025,-39.54096789
18,1026,-1.863533651
18,1027,-34.74450986
18,1028,11.88328085
18,1029,-14.8118607
18,1030,31.98314107
18,1031,-24.20563188
18,1032,14.91227108
18,1033,13.51293343
18,1034,-17.29258024
18,1035,6.077962017
18,1036,14.62869459
18,1037,3.875955105
18,1038,-1.11985355
18,1039,-8.923080138
18,1040,-11.3407028
18,1041,-13.1530018
18,1042,-7.946011874
18,1043,-4.594901839
18,1044,-6.432652334
18,1045,6.540818986
18,1046,36.1887338
18,1047,24.6638291
18,1048,-33.09835895
18,1049,18.79519375
18,1050,28.17006259
18,1051,-13.35744942
18,1052,-14.05082838
18,1053,-10.69839757
18,1054,-13.16050775
18,1055,6.64500589
18,1056,-14.68728909
18,1057,-11.08481394
18,1058,-11.23356548
18,1059,-18.64600338
18,1060,-27.89640176
18,1061,-3.437619681
18,1062,-5.905570166
18,1063,-9.460752129
18,1064,-13.41534576
18,1065,-12.26037133
18,1066,-2.955658229
18,1067,21.45967102
18,1068,-47.26306785
18,1069,32.04162299
18,1070,17.56306557
18,1071,-64.47792932
18,1072,-55.9904493
18,1073,-2.331892217
18,1074,-5.518691424
18,1075,20.11772523
18,1076,-16.49605343
18,1077,19.27855069
18,1078,-4.963279438
18,1079,-11.54142812
18,1080,-8.805459837
18,1081,7.362372267
18,1082,6.008459688
18,1083,-7.807892233
18,1084,-27.61805834
18,1085,-14.24104197
18,1086,-4.533088447
18,1087,-5.058750134
18,1088,0.22331403
18,1089,-8.803478615
18,1090,31.22968506
18,1091,-17.70911576
18,1092,-35.56868916
18,1093,-16.88882429
18,1094,-23.00603838
18,1095,13.32070065
18,1096,-6.147311623
18,1097,6.269850922
18,1098,4.666910316
18,1099,-19.84262358
18,1100,-11.92287248
18,1101,-19.7903005
18,1102,-16.37443328
18,1103,-7.989429381
18,1104,-15.28125612
18,1105,5.390298096
18,1106,2.968345483
18,1107,-0.742849796
18,1108,-9.97825151
18,1109,-0.281811859
18,1110,-0.78038676
18,1111,-14.98285928
18,1112,32.44528676
18,1113,-17.83559237
18,1114,-22.77148806
18,1115,-31.83446546
18,1116,23.707007
18,1117,-4.199466045
18,1118,-11.42410446
18,1119,12.65124595
18,1120,-9.652686118
18,1121,10.42808639
18,1122,-12.2985937
18,1123,12.64919988
18,1124,9.164543235
18,1125,-8.892665098
18,1126,-4.179837431
18,1127,-6.928823998
18,1128,-7.042553604
18,1129,-15.75356264
18,1130,-5.642518098
18,1131,3.221696604
18,1132,1.52345484
18,1133,-13.00042483
18,1134,-0.780026849
18,1135,17.62203627
18,1136,-12.94038675
18,1137,-6.375040521
18,1138,-9.813303142
18,1139,-9.93850885
18,1140,-2.694640222
18,1141,-1.088134813
18,1142,0.040329119
18,1143,-2.497628766
18,1144,-2.819498897
18,1145,1.387689035
18,1146,0.668860513
18,1147,-2.212129895
18,1148,-2.234727588
18,1149,-3.957244072
18,1150,-2.803924122
18,1151,0.651419428
18,1152,-0.370408263
18,1153,-2.386427876
18,1154,-4.726340565
18,1155,-3.394837128
18,1156,0.01059294
18,1157,-2.79852191
18,1158,-4.190865016
18,1159,-1.018910297
18,1160,-3.450741887
18,1161,-1.955951244
18,1162,0.879956611
18,1163,-0.188482206
18,1164,-0.72206047
18,1165,-2.804413217
18,1166,0.356564578
18,1167,-0.463698218
18,1168,-4.195391285
18,1169,-4.421719659
18,1170,-8.875927739
18,1171,-3.866467836
18,1172,0.244464683
18,1173,-0.656546108
18,1174,-0.375702267
18,1175,-5.913696585
18,1176,-1.547011463
18,1177,-1.575086524
18,1178,-1.344133074
46,1001,-57.53795249
46,1002,49.55335779
46,1003,-52.89539328
46,1004,-37.76390538
46,1005,74.68015704
46,1006,14.23836538
46,1007,-14.07882485
46,1008,-18.82602398
46,1009,-33.17167211
46,1010,-28.52625805
46,1011,-7.779043353
46,1012,20.39896885
46,1013,-15.48125382
46,1014,49.26548754
46,1015,0.741364504
46,1016,-9.068556994
46,1017,0.150509396
46,1018,-1.86578178
46,1019,15.60409402
46,1020,16.02278646
46,1021,-10.30583055
46,1022,61.92434118
46,1023,-19.82726081
46,1024,-25.10729156
46,1025,-52.73971978
46,1026,-0.552465029
46,1027,-44.91143587
46,1028,22.38814914
46,1029,-10.65334186
46,1030,31.0608863
46,1031,-43.3309442
46,1032,30.80847835
46,1033,25.36054584
46,1034,-30.27961576
46,1035,11.65130316
46,1036,42.89886624
46,1037,-0.196573071
46,1038,1.871978397
46,1039,-9.514924669
46,1040,-12.14892207
46,1041,-11.35718018
46,1042,-11.34165464
46,1043,-5.10105852
46,1044,-2.016506934
46,1045,12.96437885
46,1046,55.4326689
46,1047,45.36711628
46,1048,-49.00497744
46,1049,35.05644914
46,1050,45.51292689
46,1051,-22.74228039
46,1052,-8.842625273
46,1053,-11.64432919
46,1054,-27.59005646
46,1055,10.77207843
46,1056,-19.99994177
46,1057,-16.03794547
46,1058,-16.52299002
46,1059,-48.78802218
46,1060,-42.32255892
46,1061,2.161062816
46,1062,-6.056182914
46,1063,-8.891802589
46,1064,-13.15648591
46,1065,-13.29657777
46,1066,1.418605995
46,1067,44.82238753
46,1068,-66.62275726
46,1069,43.1645254
46,1070,29.72863011
46,1071,-77.21715389
46,1072,-68.92313355
46,1073,-5.275793113
46,1074,-4.186834547
46,1075,21.13118024
46,1076,-25.97313142
46,1077,36.11779808
46,1078,-4.002295119
46,1079,-33.15839376
46,1080,-23.68098363
46,1081,29.26824564
46,1082,-5.597655884
46,1083,-11.62922209
46,1084,-47.80645392
46,1085,-20.9794507
46,1086,-0.79633198
46,1087,0.743035298
46,1088,4.333191108
46,1089,-12.79024723
46,1090,48.6350013
46,1091,-25.30803742
46,1092,-41.72384934
46,1093,-15.36354859
46,1094,-35.32676507
46,1095,17.81731241
46,1096,-7.424140026
46,1097,9.112717047
46,1098,14.21176851
46,1099,-27.0251012
46,1100,-4.845266989
46,1101,-26.7042921
46,1102,-26.09353355
46,1103,-14.16735702
46,1104,-20.08724841
46,1105,6.054083032
46,1106,14.37720382
46,1107,7.737699183
46,1108,-11.90284479
46,1109,5.021063289
46,1110,3.82739635
46,1111,-11.77959804
46,1112,42.52673341
46,1113,-29.54004587
46,1114,-40.34411694
46,1115,-50.98551248
46,1116,38.12863718
46,1117,-3.089167681
46,1118,-11.54124011
46,1119,20.60698452
46,1120,-29.62512103
46,1121,10.51381676
46,1122,-20.22644953
46,1123,22.1753057
46,1124,18.22751397
46,1125,-7.419026027
46,1126,2.011032972
46,1127,-5.619472273
46,1128,-3.735152244
46,1129,-17.69614521
46,1130,-8.072719027
46,1131,6.023581116
46,1132,-2.855363344
46,1133,-23.84647828
46,1134,-11.48325175
46,1135,15.17629771
46,1136,-4.342299972
46,1137,-0.546868526
46,1138,-10.69341991
46,1139,-15.74700262
46,1140,0.778594129
46,1141,3.978840665
46,1142,2.795090695
46,1143,4.436075099
46,1144,0.88306696
46,1145,5.589718887
46,1146,6.872922937
46,1147,0.428501543
46,1148,-3.876180831
46,1149,-2.470267204
46,1150,-4.450907489
46,1151,-0.019381551
46,1152,7.475960214
46,1153,6.035114388
46,1154,1.783340898
46,1155,-5.075061149
46,1156,7.099296882
46,1157,-3.815278686
46,1158,2.46854248
46,1159,-2.74341989
46,1160,0.547794341
46,1161,-1.75089493
46,1162,2.969621701
46,1163,-2.44127056
46,1164,-5.534518585
46,1165,-2.189735247
46,1166,0.06236143
46,1167,-4.26733139
46,1168,-5.729062935
46,1169,-1.348054921
46,1170,-10.3815509
46,1171,-5.193714757
46,1172,19.93258291
46,1173,2.388300835
46,1174,-0.200477628
46,1175,-6.621770376
46,1176,4.506157801
46,1177,-2.280158948
46,1178,-3.052053749
19,1001,-51.12247766
19,1002,26.69021574
19,1003,-46.59608969
19,1004,-37.62358002
19,1005,49.08355591
19,1006,10.49148428
19,1007,-17.35100281
19,1008,-18.65558194
19,1009,-28.63402434
19,1010,-26.49858119
19,1011,-7.821115308
19,1012,13.76020074
19,1013,-14.79800502
19,1014,14.60793977
19,1015,-3.023814258
19,1016,-5.89469495
19,1017,-5.519395077
19,1018,-7.368623895
19,1019,8.794313179
19,1020,8.952399679
19,1021,-11.51434535
19,1022,38.71852963
19,1023,-17.67361149
19,1024,-21.75843956
19,1025,-40.18373784
19,1026,2.231996623
19,1027,-37.31096998
19,1028,11.99977889
19,1029,-9.898468341
19,1030,27.03186272
19,1031,-40.15960668
19,1032,18.61047259
19,1033,9.081645733
19,1034,-31.36345238
19,1035,6.488892093
19,1036,20.64463613
19,1037,1.611562338
19,1038,0.22049288
19,1039,-9.599098853
19,1040,-16.75344415
19,1041,-19.84405343
19,1042,-15.51488272
19,1043,-9.204389604
19,1044,-9.781627181
19,1045,5.830227392
19,1046,42.09668863
19,1047,28.58702332
19,1048,-42.69932277
19,1049,22.49059083
19,1050,32.03668667
19,1051,-21.2122545
19,1052,-8.252630018
19,1053,-12.44326798
19,1054,-25.78530152
19,1055,10.23237054
19,1056,-21.90557703
19,1057,-15.24593079
19,1058,-17.83413292
19,1059,-36.16646476
19,1060,-30.36673052
19,1061,-2.891906565
19,1062,-4.545214561
19,1063,-9.655898874
19,1064,-14.8866061
19,1065,-10.49734488
19,1066,-0.331578984
19,1067,8.590999591
19,1068,-42.6983611
19,1069,14.16354263
19,1070,6.481043434
19,1071,-66.18651905
19,1072,-48.44321124
19,1073,-5.521630913
19,1074,-3.324755345
19,1075,17.27707363
19,1076,-18.52580678
19,1077,5.690195145
19,1078,-5.232974763
19,1079,-31.51685949
19,1080,-17.61058965
19,1081,13.05710919
19,1082,-5.210241839
19,1083,-11.24298271
19,1084,-43.12418506
19,1085,-20.21608686
19,1086,-7.754679223
19,1087,-2.821332644
19,1088,1.859289722
19,1089,-14.92816008
19,1090,32.76106271
19,1091,-21.38285597
19,1092,-36.23045639
19,1093,-15.68335337
19,1094,-27.91815631
19,1095,10.38315694
19,1096,-7.700699076
19,1097,3.122585566
19,1098,4.985099945
19,1099,-32.46954393
19,1100,-12.71523242
19,1101,-22.7887882
19,1102,-23.7477418
19,1103,-12.00001275
19,1104,-17.48380604
19,1105,2.252756362
19,1106,6.312850535
19,1107,3.032176677
19,1108,-10.03701387
19,1109,3.120469921
19,1110,-0.198647161
19,1111,-12.70577888
19,1112,35.0529284
19,1113,-30.69514169
19,1114,-34.26590103
19,1115,-53.73770405
19,1116,23.92076763
19,1117,0.191814558
19,1118,-18.16342288
19,1119,15.0581645
19,1120,-34.41849673
19,1121,3.021235488
19,1122,-22.37833243
19,1123,17.48396067
19,1124,11.906817
19,1125,-9.774834959
19,1126,-7.950098598
19,1127,-8.333685817
19,1128,-9.0392229
19,1129,-19.80218419
19,1130,-9.184858394
19,1131,2.562144329
19,1132,-2.942307296
19,1133,-21.21160485
19,1134,-13.59101589
19,1135,6.751497571
19,1136,-14.79261662
19,1137,-7.776146123
19,1138,-17.33152503
19,1139,-16.38192143
19,1140,-2.32087677
19,1141,-2.269280618
19,1142,0.378920686
19,1143,-1.562993309
19,1144,-3.449750908
19,1145,4.919909057
19,1146,3.929770883
19,1147,-1.83308701
19,1148,-3.990589655
19,1149,-4.653669526
19,1150,-3.270108428
19,1151,0.581120587
19,1152,4.366857239
19,1153,1.5162979
19,1154,-2.820385018
19,1155,-4.366633044
19,1156,-0.369213597
19,1157,-7.821373567
19,1158,-3.642585433
19,1159,-2.139278831
19,1160,-3.119795993
19,1161,-1.160533386
19,1162,0.620690586
19,1163,-0.855691526
19,1164,-1.863051453
19,1165,-5.3838191
19,1166,0.656023039
19,1167,-0.210699965
19,1168,-5.585503323
19,1169,-2.437296896
19,1170,-8.890660465
19,1171,-7.587190005
19,1172,6.720937014
19,1173,-1.685301797
19,1174,-1.958459593
19,1175,-5.417717738
19,1176,0.98729338
19,1177,-2.051177947
19,1178,-4.240743721
20,1001,-50.81242092
20,1002,40.58157688
20,1003,-46.57562077
20,1004,-29.49684532
20,1005,67.91943198
20,1006,13.37839123
20,1007,-15.51103654
20,1008,-16.94730727
20,1009,-30.04323097
20,1010,-24.10974861
20,1011,-3.235247621
20,1012,18.75621801
20,1013,-13.18872905
20,1014,34.90800271
20,1015,2.056836122
20,1016,-5.470339635
20,1017,0.175655717
20,1018,-1.629336779
20,1019,11.94279241
20,1020,12.23482353
20,1021,-10.16090426
20,1022,56.23658215
20,1023,-18.65650594
20,1024,-22.51949401
20,1025,-39.97614474
20,1026,1.072564415
20,1027,-36.89488215
20,1028,22.29516823
20,1029,-7.439597248
20,1030,29.21217497
20,1031,-41.59917134
20,1032,30.40515684
20,1033,21.18751994
20,1034,-27.01662403
20,1035,11.24668326
20,1036,36.66049244
20,1037,4.292925113
20,1038,1.791137145
20,1039,-5.894398195
20,1040,-10.87671576
20,1041,-10.32731394
20,1042,-12.64275269
20,1043,-8.05542007
20,1044,-2.246596748
20,1045,13.69840094
20,1046,57.18355667
20,1047,45.26713458
20,1048,-41.72017799
20,1049,32.41721083
20,1050,44.82093158
20,1051,-18.87952194
20,1052,-5.525861914
20,1053,-11.71233036
20,1054,-22.42338659
20,1055,11.32378862
20,1056,-18.80205062
20,1057,-13.66971611
20,1058,-13.46610638
20,1059,-38.22288032
20,1060,-32.96145871
20,1061,1.268657057
20,1062,-2.106262907
20,1063,-7.388839655
20,1064,-11.03613766
20,1065,-8.715438892
20,1066,3.787791713
20,1067,26.75864891
20,1068,-50.26493453
20,1069,28.04258075
20,1070,14.97757389
20,1071,-60.78759077
20,1072,-54.16711644
20,1073,-1.794828135
20,1074,0.260469631
20,1075,22.37707711
20,1076,-17.03001911
20,1077,20.05764886
20,1078,-1.865070168
20,1079,-29.4181755
20,1080,-15.68547218
20,1081,24.10058848
20,1082,-2.294878639
20,1083,-5.859279462
20,1084,-45.9538142
20,1085,-18.91209655
20,1086,1.594634981
20,1087,3.765650524
20,1088,6.892331376
20,1089,-11.53126988
20,1090,47.83202379
20,1091,-16.21796532
20,1092,-35.65398308
20,1093,-10.96499906
20,1094,-27.30166723
20,1095,20.24329695
20,1096,-1.889324017
20,1097,12.02133769
20,1098,14.76299505
20,1099,-24.19146177
20,1100,-7.648370703
20,1101,-23.11619307
20,1102,-21.07307991
20,1103,-8.342154399
20,1104,-18.63120454
20,1105,8.617638694
20,1106,13.54498442
20,1107,7.084696473
20,1108,-9.135867135
20,1109,5.690518185
20,1110,2.980894275
20,1111,-10.11326875
20,1112,47.43996784
20,1113,-23.52742645
20,1114,-38.24847623
20,1115,-49.3128347
20,1116,38.0209263
20,1117,1.552938207
20,1118,-11.82207098
20,1119,21.99593616
20,1120,-25.02987791
20,1121,11.40185403
20,1122,-17.16891377
20,1123,22.37698616
20,1124,17.80723818
20,1125,-4.713253199
20,1126,0.010773807
20,1127,-3.163033235
20,1128,-2.059680171
20,1129,-17.92284705
20,1130,-4.486159141
20,1131,7.29647614
20,1132,1.723295489
20,1133,-17.98334646
20,1134,-8.836413811
20,1135,19.30310625
20,1136,-6.29689985
20,1137,0.136209701
20,1138,-9.709752442
20,1139,-12.8712632
20,1140,-0.829743068
20,1141,1.11187911
20,1142,1.036704181
20,1143,1.639549697
20,1144,-0.881776102
20,1145,5.43788712
20,1146,5.912792157
20,1147,0.219016026
20,1148,-1.881152921
20,1149,-3.615040279
20,1150,-1.932099554
20,1151,1.540019108
20,1152,6.165403299
20,1153,6.057398292
20,1154,1.558268723
20,1155,-2.768702201
20,1156,5.837485055
20,1157,-2.420016144
20,1158,0.608788613
20,1159,-1.216298045
20,1160,-1.112890369
20,1161,0.688797479
20,1162,1.65673875
20,1163,1.00511065
20,1164,0.171639768
20,1165,-3.943933764
20,1166,2.297521212
20,1167,0.056762896
20,1168,-4.874172866
20,1169,0.152285644
20,1170,-8.233193186
20,1171,-2.078791505
20,1172,15.41218156
20,1173,1.589447691
20,1174,2.966336845
20,1175,-4.805641558
20,1176,6.799075959
20,1177,-1.072853459
20,1178,-0.589389673
21,1001,-43.30452672
21,1002,23.75209188
21,1003,-39.77168811
21,1004,-23.64906442
21,1005,47.64591238
21,1006,8.820248461
21,1007,-11.72680879
21,1008,-10.90865448
21,1009,-26.02292644
21,1010,-21.62833237
21,1011,-1.791863754
21,1012,18.02255695
21,1013,-16.42078866
21,1014,23.78445336
21,1015,-2.382311623
21,1016,-8.021357529
21,1017,-1.007599064
21,1018,-4.240387941
21,1019,9.068682361
21,1020,9.226768861
21,1021,-6.611757595
21,1022,38.97686688
21,1023,-13.57775626
21,1024,-17.39597217
21,1025,-35.00148436
21,1026,-1.079938627
21,1027,-30.50715593
21,1028,14.49912437
21,1029,-10.0269436
21,1030,25.17670311
21,1031,-32.84209499
21,1032,22.83565073
21,1033,12.08187141
21,1034,-18.21847725
21,1035,9.601036297
21,1036,26.386133
21,1037,6.431852023
21,1038,-0.035124265
21,1039,-5.149005826
21,1040,-6.327022691
21,1041,-10.74285177
21,1042,-8.445345446
21,1043,-3.658050233
21,1044,-0.627767963
21,1045,6.714448288
21,1046,40.36527411
21,1047,28.35573812
21,1048,-30.21582721
21,1049,17.29805049
21,1050,28.9116941
21,1051,-20.99092651
21,1052,-9.528209922
21,1053,-13.10614375
21,1054,-16.64308824
21,1055,11.20747622
21,1056,-14.66716715
21,1057,-7.969136679
21,1058,-7.829510214
21,1059,-31.09471167
21,1060,-20.27033774
21,1061,0.541647006
21,1062,-3.894492918
21,1063,-2.218232622
21,1064,-7.389681581
21,1065,-3.948532272
21,1066,1.717748028
21,1067,18.36809764
21,1068,-43.51631779
21,1069,23.3671013
21,1070,5.286905458
21,1071,-51.29576286
21,1072,-51.51236818
21,1073,-4.305675298
21,1074,1.29406892
21,1075,4.187361183
21,1076,-12.97919099
21,1077,12.69919813
21,1078,-1.631217882
21,1079,-20.58870068
21,1080,-12.89876438
21,1081,25.02969797
21,1082,0.631470338
21,1083,-4.773819244
21,1084,-31.17528774
21,1085,-11.69725726
21,1086,-0.3360274
21,1087,3.760159556
21,1088,0.876590561
21,1089,-10.11546508
21,1090,35.50500169
21,1091,-19.89633884
21,1092,-25.14040611
21,1093,-6.752531986
21,1094,-25.53634791
21,1095,8.508712669
21,1096,-6.777168674
21,1097,3.463319954
21,1098,9.301796075
21,1099,-13.08928272
21,1100,-9.68207521
21,1101,-15.80795743
21,1102,-16.70620885
21,1103,-9.790497645
21,1104,-11.49313125
21,1105,3.640343256
21,1106,10.44581183
21,1107,5.950023813
21,1108,-4.619269113
21,1109,3.664106919
21,1110,1.363689057
21,1111,-4.274272484
21,1112,29.68376017
21,1113,-19.71550154
21,1114,-29.14319766
21,1115,-38.38984114
21,1116,21.25712444
21,1117,-3.372003915
21,1118,-10.48164055
21,1119,14.6429058
21,1120,-20.92482614
21,1121,8.811014164
21,1122,-10.20092062
21,1123,16.10076539
21,1124,8.478583201
21,1125,-3.375277755
21,1126,-1.301548207
21,1127,-1.503178256
21,1128,-4.401968084
21,1129,-15.10743343
21,1130,-2.243477187
21,1131,4.833492486
21,1132,2.829674006
21,1133,-5.965222544
21,1134,-2.738354556
21,1135,12.87233415
21,1136,-7.673284619
21,1137,-6.966798043
21,1138,-10.00123357
21,1139,-8.852175043
21,1140,1.488179186
21,1141,1.383091222
21,1142,1.241298117
21,1143,2.370787419
21,1144,2.719404355
21,1145,3.927902184
21,1146,2.71496122
21,1147,-1.475260294
21,1148,-4.627621362
21,1149,-1.063790421
21,1150,-1.957145002
21,1151,-1.578661543
21,1152,1.595169817
21,1153,-0.537672299
21,1154,1.150147597
21,1155,-0.596054528
21,1156,-0.138191397
21,1157,-2.679862645
21,1158,1.908642822
21,1159,-5.868880675
21,1160,-0.472499282
21,1161,-4.44182832
21,1162,1.823836179
21,1163,-1.866682813
21,1164,-4.150755509
21,1165,-3.899904831
21,1166,-2.565400124
21,1167,-1.941397623
21,1168,-7.414028752
21,1169,-0.965411957
21,1170,-6.286306489
21,1171,-3.144818406
21,1172,7.166817495
21,1173,0.00693492
21,1174,-2.834926181
21,1175,-1.98400255
21,1176,3.596733157
21,1177,1.253014764
21,1178,-0.964181302
22,1001,-50.62507249
22,1002,27.1732568
22,1003,-48.36918079
22,1004,-29.01754606
22,1005,47.88374027
22,1006,5.721040156
22,1007,-13.60854994
22,1008,-20.63726124
22,1009,-35.74060067
22,1010,-30.62264882
22,1011,-6.222341058
22,1012,11.34615574
22,1013,-20.38415893
22,1014,48.23600914
22,1015,-0.952594153
22,1016,-5.824068117
22,1017,-1.797446714
22,1018,-2.585102718
22,1019,11.66352956
22,1020,11.82161606
22,1021,-14.31007856
22,1022,42.59691086
22,1023,-19.2647084
22,1024,-20.79512264
22,1025,-46.12650708
22,1026,-5.767200686
22,1027,-42.55522341
22,1028,13.37560481
22,1029,-8.728087193
22,1030,18.65567347
22,1031,-56.11119377
22,1032,23.36876333
22,1033,22.24903345
22,1034,-46.23093659
22,1035,2.747361678
22,1036,28.36834014
22,1037,-5.362707307
22,1038,-2.08613879
22,1039,-13.03618194
22,1040,-15.59052816
22,1041,-31.37564419
22,1042,-22.97872551
22,1043,-11.83331708
22,1044,-8.220713478
22,1045,8.11908141
22,1046,47.86677706
22,1047,35.25315441
22,1048,-48.34268665
22,1049,30.88242483
22,1050,44.40389523
22,1051,-26.43043573
22,1052,-8.52832355
22,1053,-12.50913862
22,1054,-33.07411427
22,1055,2.359798372
22,1056,-25.82367681
22,1057,-14.8408609
22,1058,-20.41455465
22,1059,-39.1554859
22,1060,-42.76614594
22,1061,-1.231061706
22,1062,-4.968108798
22,1063,-8.345949101
22,1064,-10.09680983
22,1065,-13.64016331
22,1066,-0.358246105
22,1067,5.788264058
22,1068,-35.64472867
22,1069,22.03043262
22,1070,9.119493928
22,1071,-61.02035569
22,1072,-52.22143139
22,1073,-8.37296245
22,1074,-3.445823602
22,1075,7.385683077
22,1076,-20.29406604
22,1077,6.525827857
22,1078,0.154311662
22,1079,-44.53757281
22,1080,-27.71483278
22,1081,3.900604618
22,1082,-12.14068618
22,1083,-9.781557637
22,1084,-53.03403931
22,1085,-22.77772669
22,1086,-10.37049702
22,1087,-1.935693885
22,1088,-0.520365765
22,1089,-18.105404
22,1090,37.64218134
22,1091,-28.50689321
22,1092,-37.5814877
22,1093,-18.38011316
22,1094,-28.65261099
22,1095,7.137520139
22,1096,-9.727510655
22,1097,-2.984980369
22,1098,4.49286217
22,1099,-47.65507595
22,1100,-12.21020672
22,1101,-29.66288685
22,1102,-33.23915549
22,1103,-12.31827984
22,1104,-21.83809406
22,1105,-3.607889832
22,1106,9.670636464
22,1107,1.716326336
22,1108,-15.52130947
22,1109,2.049571368
22,1110,2.16193459
22,1111,-9.413818394
22,1112,44.07829438
22,1113,-29.58572599
22,1114,-42.05359118
22,1115,-65.47476368
22,1116,32.82044259
22,1117,-8.929715584
22,1118,-15.41656831
22,1119,21.91489255
22,1120,-41.41407348
22,1121,15.44256935
22,1122,-28.32113565
22,1123,17.76524373
22,1124,17.65183719
22,1125,-9.995891569
22,1126,-7.547032487
22,1127,-7.817091364
22,1128,-15.18834916
22,1129,-25.92739177
22,1130,-14.91767846
22,1131,-3.761636939
22,1132,-11.04494592
22,1133,-33.99228523
22,1134,-25.63481745
22,1135,1.621382258
22,1136,-17.37879004
22,1137,-9.807344372
22,1138,-28.67750314
22,1139,-18.0329491
22,1140,-2.570524347
22,1141,-3.560134785
22,1142,-0.049058062
22,1143,-2.27467545
22,1144,-5.20826729
22,1145,3.502295999
22,1146,6.442113944
22,1147,-2.015960882
22,1148,-3.298935846
22,1149,-4.111499772
22,1150,-2.827255295
22,1151,2.237409911
22,1152,5.703103995
22,1153,-0.060589532
22,1154,-3.486691183
22,1155,-8.783209543
22,1156,0.916297024
22,1157,-10.58166201
22,1158,-9.439137376
22,1159,-7.941665616
22,1160,-5.317693074
22,1161,-5.825956326
22,1162,0.624812831
22,1163,-1.761971754
22,1164,-6.271855151
22,1165,-7.512375315
22,1166,-0.862777289
22,1167,-6.036807886
22,1168,-8.094904235
22,1169,-1.541934662
22,1170,-12.89694343
22,1171,-9.88885482
22,1172,12.19161819
22,1173,-4.320346875
22,1174,-3.196058859
22,1175,-7.914371585
22,1176,-2.716255287
22,1177,-5.200228883
22,1178,-5.889360635
48,1001,-56.74552111
48,1002,42.28716436
48,1003,-52.89159151
48,1004,-31.78873239
48,1005,65.65380857
48,1006,10.46812982
48,1007,-14.53267636
48,1008,-21.59433506
48,1009,-35.45646528
48,1010,-31.351049
48,1011,-5.836150005
48,1012,14.28604554
48,1013,-17.84652478
48,1014,49.61949389
48,1015,1.551710094
48,1016,-5.759779583
48,1017,-0.307371974
48,1018,-0.027228739
48,1019,12.98977121
48,1020,13.14785771
48,1021,-17.32479191
48,1022,52.17192708
48,1023,-20.61198948
48,1024,-23.68705717
48,1025,-51.30379099
48,1026,-6.556220744
48,1027,-46.40015646
48,1028,19.3692074
48,1029,-10.55791559
48,1030,26.01542254
48,1031,-55.65518381
48,1032,25.04733612
48,1033,22.3289094
48,1034,-41.26391747
48,1035,4.698702836
48,1036,32.03615213
48,1037,-7.548233362
48,1038,-0.329641754
48,1039,-12.76416646
48,1040,-15.42400463
48,1041,-24.26124131
48,1042,-21.79788704
48,1043,-13.19836202
48,1044,-5.414993854
48,1045,10.93519834
48,1046,60.68575006
48,1047,44.18606208
48,1048,-57.41289873
48,1049,33.79752562
48,1050,50.74369723
48,1051,-27.38380099
48,1052,-5.430406032
48,1053,-12.86216719
48,1054,-32.32628329
48,1055,5.024196089
48,1056,-25.02301407
48,1057,-13.69384901
48,1058,-20.32946681
48,1059,-41.95803063
48,1060,-55.88484077
48,1061,1.207288494
48,1062,-4.340605899
48,1063,-10.31668216
48,1064,-11.06806591
48,1065,-14.37937776
48,1066,0.88015644
48,1067,31.3361663
48,1068,-49.93591998
48,1069,36.51817412
48,1070,26.37840584
48,1071,-69.83621847
48,1072,-60.99262396
48,1073,-9.606429467
48,1074,-5.245584232
48,1075,10.6212101
48,1076,-22.76925715
48,1077,21.89132612
48,1078,0.74963935
48,1079,-46.21182066
48,1080,-32.10387663
48,1081,7.910021542
48,1082,-14.19176877
48,1083,-10.21953572
48,1084,-60.24057751
48,1085,-25.39376818
48,1086,-10.32334722
48,1087,-0.610222904
48,1088,5.211459606
48,1089,-19.01575004
48,1090,49.32412366
48,1091,-26.70306126
48,1092,-44.24397428
48,1093,-18.2011073
48,1094,-31.03524641
48,1095,14.22726407
48,1096,-8.544659062
48,1097,3.724527075
48,1098,9.753306433
48,1099,-40.57582959
48,1100,-9.460276616
48,1101,-32.68590358
48,1102,-31.8851938
48,1103,-14.61823113
48,1104,-25.96950054
48,1105,2.552127337
48,1106,14.4270234
48,1107,4.97223992
48,1108,-16.5002197
48,1109,4.372171417
48,1110,4.791945545
48,1111,-12.88227618
48,1112,54.30447801
48,1113,-32.44622709
48,1114,-49.09723525
48,1115,-66.1394008
48,1116,44.26207047
48,1117,-8.012528313
48,1118,-17.43403547
48,1119,24.31966864
48,1120,-35.78882932
48,1121,8.278696752
48,1122,-30.43607989
48,1123,21.24565326
48,1124,19.51106561
48,1125,-12.15705106
48,1126,-6.054988863
48,1127,-8.289311368
48,1128,-7.144703055
48,1129,-23.23905979
48,1130,-11.53617082
48,1131,0.656242175
48,1132,-8.845599482
48,1133,-32.62221732
48,1134,-18.66518381
48,1135,17.09382217
48,1136,-12.38029279
48,1137,-9.193338071
48,1138,-24.62755524
48,1139,-17.48449275
48,1140,-1.730785
48,1141,-2.090737996
48,1142,1.281835293
48,1143,-0.629757649
48,1144,-3.294692126
48,1145,5.319886139
48,1146,8.41617119
48,1147,0.271816828
48,1148,-3.10510075
48,1149,-3.760400377
48,1150,-3.177981374
48,1151,1.388393988
48,1152,6.310440283
48,1153,2.952617633
48,1154,-1.737386799
48,1155,-6.475182463
48,1156,5.423789523
48,1157,-7.653736188
48,1158,-5.537840911
48,1159,-5.591429567
48,1160,-3.113513739
48,1161,-2.936459993
48,1162,0.739319594
48,1163,-2.09574725
48,1164,-5.076734325
48,1165,-7.496498694
48,1166,-2.491204486
48,1167,-6.439750775
48,1168,-5.414773579
48,1169,-3.258811881
48,1170,-11.51095515
48,1171,-7.664331973
48,1172,16.39364779
48,1173,-1.151427805
48,1174,0.048292978
48,1175,-9.477395358
48,1176,4.083748877
48,1177,-2.04386245
48,1178,-5.663185747
47,1001,-58.12569313
47,1002,45.20419546
47,1003,-52.0571064
47,1004,-37.05860447
47,1005,68.42992046
47,1006,14.63183201
47,1007,-20.0765708
47,1008,-19.84209431
47,1009,-35.01054891
47,1010,-28.91630482
47,1011,-6.480935732
47,1012,16.55787465
47,1013,-14.71319544
47,1014,29.82559129
47,1015,0.349693255
47,1016,-8.287611921
47,1017,-1.5080298
47,1018,-2.926526268
47,1019,9.17021795
47,1020,9.588910395
47,1021,-10.42543228
47,1022,60.05744457
47,1023,-22.65464769
47,1024,-26.72465922
47,1025,-46.619843
47,1026,0.381142353
47,1027,-41.56910649
47,1028,22.56541917
47,1029,-9.264660484
47,1030,33.25729866
47,1031,-45.9499688
47,1032,29.03710783
47,1033,20.36977729
47,1034,-30.51999367
47,1035,10.22209237
47,1036,32.22948665
47,1037,0.491476091
47,1038,5.249293917
47,1039,-10.30430328
47,1040,-13.03303733
47,1041,-11.83311583
47,1042,-14.13280938
47,1043,-9.629410081
47,1044,-5.503224819
47,1045,12.92542063
47,1046,61.92901979
47,1047,47.30261433
47,1048,-48.78667523
47,1049,35.13627556
47,1050,46.40067117
47,1051,-23.0972015
47,1052,-8.959863085
47,1053,-13.09478227
47,1054,-24.69890418
47,1055,11.75473072
47,1056,-22.33087909
47,1057,-14.41784306
47,1058,-16.11064712
47,1059,-39.67987374
47,1060,-32.6524488
47,1061,-0.483037551
47,1062,-3.308407397
47,1063,-10.53404699
47,1064,-13.80695737
47,1065,-12.57034099
47,1066,1.664015139
47,1067,38.61478623
47,1068,-56.09064602
47,1069,32.52110624
47,1070,21.87560045
47,1071,-71.28220485
47,1072,-59.55260657
47,1073,-2.695799947
47,1074,-3.597881269
47,1075,25.39061415
47,1076,-18.95366691
47,1077,30.08686504
47,1078,-3.49956761
47,1079,-34.32385631
47,1080,-21.76208586
47,1081,23.27388861
47,1082,-5.517918301
47,1083,-8.523110914
47,1084,-49.5777825
47,1085,-21.60995573
47,1086,-3.633460446
47,1087,2.838020139
47,1088,8.004153852
47,1089,-14.38113583
47,1090,49.59336161
47,1091,-20.28754198
47,1092,-39.76393548
47,1093,-13.42206786
47,1094,-30.92410326
47,1095,20.73857563
47,1096,-3.031810829
47,1097,12.26845834
47,1098,16.20705897
47,1099,-26.02441793
47,1100,-10.03176379
47,1101,-27.9483545
47,1102,-25.62409018
47,1103,-9.604555989
47,1104,-21.90290954
47,1105,8.657747695
47,1106,14.65104293
47,1107,9.643683835
47,1108,-10.4338719
47,1109,6.479262978
47,1110,5.90974045
47,1111,-12.45185539
47,1112,50.20384247
47,1113,-30.67143837
47,1114,-41.82768402
47,1115,-54.21659973
47,1116,41.56539409
47,1117,2.180731903
47,1118,-12.82252592
47,1119,23.81132212
47,1120,-31.93678642
47,1121,8.67883516
47,1122,-21.27571244
47,1123,22.86073257
47,1124,20.25513397
47,1125,-7.581072234
47,1126,-0.590645139
47,1127,-5.78448195
47,1128,-5.382187276
47,1129,-18.78325954
47,1130,-7.902518905
47,1131,5.901015457
47,1132,-0.819313787
47,1133,-22.10342453
47,1134,-9.273194796
47,1135,18.91905963
47,1136,-7.207510939
47,1137,-1.138788536
47,1138,-12.127981
47,1139,-16.53987181
47,1140,-1.958794731
47,1141,-1.547706748
47,1142,-0.698416133
47,1143,-0.365714778
47,1144,-2.204805458
47,1145,4.502133306
47,1146,4.510841868
47,1147,-2.586871281
47,1148,-3.074326358
47,1149,-5.113575727
47,1150,-3.273913216
47,1151,1.838573092
47,1152,5.020804709
47,1153,4.36225467
47,1154,-1.675165254
47,1155,-4.294284888
47,1156,7.466671578
47,1157,-1.551508287
47,1158,0.168641176
47,1159,-0.456430081
47,1160,-2.549010211
47,1161,-0.891606308
47,1162,0.310521344
47,1163,-0.270688662
47,1164,-0.951992853
47,1165,-4.937861073
47,1166,0.597829073
47,1167,0.115209391
47,1168,-5.372841418
47,1169,-2.718097955
47,1170,-11.12433248
47,1171,-2.109633799
47,1172,15.92106273
47,1173,1.645652433
47,1174,3.387624256
47,1175,-4.114637854
47,1176,9.183039584
47,1177,-1.396613444
47,1178,-1.52766503
23,1001,-47.3338161
23,1002,24.59343692
23,1003,-42.29433687
23,1004,-29.64466655
23,1005,53.00523618
23,1006,9.513066774
23,1007,-11.78845886
23,1008,-16.01033489
23,1009,-23.23929975
23,1010,-19.42195393
23,1011,-1.947445116
23,1012,17.59746521
23,1013,-10.57965427
23,1014,20.39183437
23,1015,-2.360371931
23,1016,-4.339773001
23,1017,-0.817371657
23,1018,-2.913705888
23,1019,10.01118641
23,1020,10.16927291
23,1021,-7.18039853
23,1022,42.18771101
23,1023,-16.56324039
23,1024,-20.89096602
23,1025,-38.31974659
23,1026,1.234684859
23,1027,-32.12381929
23,1028,13.20447848
23,1029,-7.050076189
23,1030,30.65525934
23,1031,-33.69979184
23,1032,24.50985109
23,1033,14.05627331
23,1034,-22.21322155
23,1035,11.43293827
23,1036,24.14007248
23,1037,7.341196748
23,1038,2.138574956
23,1039,-5.840701282
23,1040,-11.84265758
23,1041,-13.4825931
23,1042,-9.490799695
23,1043,-6.16353214
23,1044,-3.76941236
23,1045,8.874751293
23,1046,44.70226241
23,1047,31.90196252
23,1048,-36.31423886
23,1049,22.39348178
23,1050,32.07855455
23,1051,-15.83788979
23,1052,-9.599189915
23,1053,-7.733755122
23,1054,-19.50130378
23,1055,13.48313366
23,1056,-13.28681179
23,1057,-8.773709958
23,1058,-11.55085306
23,1059,-24.69070363
23,1060,-24.59230621
23,1061,0.109968362
23,1062,-2.543358403
23,1063,-4.084329989
23,1064,-10.03086703
23,1065,-8.464182853
23,1066,1.611198471
23,1067,13.38004664
23,1068,-46.05733082
23,1069,20.37007213
23,1070,9.409291808
23,1071,-67.64156507
23,1072,-46.48689948
23,1073,-2.435978933
23,1074,-1.477918195
23,1075,27.63416003
23,1076,-14.78783387
23,1077,13.58802523
23,1078,-4.056526447
23,1079,-19.26787879
23,1080,-8.924024724
23,1081,16.45303737
23,1082,5.617284324
23,1083,-5.164560989
23,1084,-35.31905744
23,1085,-15.22031272
23,1086,-1.512276187
23,1087,1.227739214
23,1088,5.944679282
23,1089,-10.74929905
23,1090,34.97274128
23,1091,-15.12911822
23,1092,-31.9247845
23,1093,-12.27435074
23,1094,-25.77248225
23,1095,14.61651373
23,1096,-3.50817587
23,1097,6.933827886
23,1098,7.882816307
23,1099,-22.65171031
23,1100,-7.021598341
23,1101,-18.11470576
23,1102,-17.94885329
23,1103,-5.666039603
23,1104,-14.01352037
23,1105,5.766627582
23,1106,10.36836358
23,1107,5.334925161
23,1108,-7.797759135
23,1109,4.80077489
23,1110,5.158112505
23,1111,-10.9351722
23,1112,40.66872256
23,1113,-24.74066944
23,1114,-28.98506648
23,1115,-44.06642313
23,1116,30.9565539
23,1117,1.476521153
23,1118,-9.620559538
23,1119,20.39169395
23,1120,-18.96733511
23,1121,11.67949289
23,1122,-13.47622239
23,1123,20.24403706
23,1124,13.45092024
23,1125,-7.055973803
23,1126,-3.14674428
23,1127,-3.12856985
23,1128,-4.691215169
23,1129,-15.94766828
23,1130,-4.300892441
23,1131,2.511220823
23,1132,1.811748736
23,1133,-13.48898683
23,1134,-5.61535279
23,1135,15.38416692
23,1136,-10.29598825
23,1137,-5.922722809
23,1138,-11.40154545
23,1139,-11.43410576
23,1140,-0.079076826
23,1141,0.007625579
23,1142,0.217670475
23,1143,-1.150860082
23,1144,-1.272517524
23,1145,4.094894898
23,1146,4.599300812
23,1147,-0.519916574
23,1148,0.024793851
23,1149,-1.829391599
23,1150,0.019635618
23,1151,2.216148163
23,1152,4.091488343
23,1153,0.788350816
23,1154,-1.111903627
23,1155,-1.57608889
23,1156,4.37853266
23,1157,-3.937206625
23,1158,-0.950975852
23,1159,1.318872086
23,1160,-2.369378425
23,1161,1.577202725
23,1162,1.055714756
23,1163,2.49401338
23,1164,1.72989334
23,1165,-3.080465697
23,1166,2.429948466
23,1167,-0.239901772
23,1168,-2.074275115
23,1169,-1.16465767
23,1170,-5.940384283
23,1171,-4.091359876
23,1172,6.773130352
23,1173,3.201307746
23,1174,3.310219006
23,1175,-2.113833893
23,1176,3.672286416
23,1177,-0.028756706
23,1178,1.375721422
24,1001,-62.60519043
24,1002,37.17998473
24,1003,-56.21450137
24,1004,-45.9332952
24,1005,59.80547231
24,1006,7.193001836
24,1007,-21.6975787
24,1008,-28.57923435
24,1009,-43.31214617
24,1010,-40.40863945
24,1011,-13.86082079
24,1012,6.180014789
24,1013,-20.58873728
24,1014,30.71439746
24,1015,1.00412097
24,1016,-12.72640989
24,1017,-8.043107542
24,1018,-11.88993045
24,1019,2.33646785
24,1020,2.628498975
24,1021,-21.65505545
24,1022,45.28102075
24,1023,-25.35261196
24,1024,-31.15333114
24,1025,-48.06040757
24,1026,-5.826768945
24,1027,-42.56522852
24,1028,15.51664018
24,1029,-11.01159066
24,1030,19.37686282
24,1031,-54.68372573
24,1032,18.70147761
24,1033,16.34441869
24,1034,-45.32946633
24,1035,-0.764807607
24,1036,23.18892445
24,1037,-11.18211649
24,1038,-0.244905005
24,1039,-14.39714256
24,1040,-22.12016917
24,1041,-20.97957852
24,1042,-23.66789969
24,1043,-15.76831679
24,1044,-14.92451555
24,1045,6.385714089
24,1046,51.1941947
24,1047,34.94451456
24,1048,-51.31331823
24,1049,23.59465369
24,1050,42.74126825
24,1051,-28.6481624
24,1052,-10.2496278
24,1053,-13.14989933
24,1054,-36.58322911
24,1055,-0.260862826
24,1056,-34.63099645
24,1057,-22.175941
24,1058,-20.7568175
24,1059,-56.86538301
24,1060,-46.36992916
24,1061,-2.925223457
24,1062,-8.528951249
24,1063,-15.5962113
24,1064,-18.47308717
24,1065,-15.32238237
24,1066,-1.285492991
24,1067,15.98511951
24,1068,-47.72022421
24,1069,23.8659479
24,1070,7.432384989
24,1071,-74.87646832
24,1072,-56.20228974
24,1073,-11.21486197
24,1074,-5.749946106
24,1075,16.02770356
24,1076,-24.83038395
24,1077,7.580006004
24,1078,-3.282693077
24,1079,-59.97905708
24,1080,-34.97167776
24,1081,14.78762145
24,1082,-19.26367589
24,1083,-18.69727811
24,1084,-64.87244535
24,1085,-30.71972986
24,1086,-12.43855114
24,1087,-4.305106004
24,1088,4.206629248
24,1089,-26.61164171
24,1090,34.37141063
24,1091,-25.6641155
24,1092,-40.11074776
24,1093,-18.78375489
24,1094,-34.67722301
24,1095,12.05231564
24,1096,-12.16727185
24,1097,0.575422783
24,1098,9.247690721
24,1099,-42.97764207
24,1100,-17.95462135
24,1101,-32.86544371
24,1102,-35.89816319
24,1103,-15.52689753
24,1104,-27.1651726
24,1105,-1.83773093
24,1106,5.52914381
24,1107,5.790224042
24,1108,-16.51301627
24,1109,4.477389579
24,1110,-2.971367099
24,1111,-14.17699014
24,1112,41.79124782
24,1113,-32.85499519
24,1114,-39.65214408
24,1115,-58.60908828
24,1116,31.37933625
24,1117,-3.340992924
24,1118,-21.28798097
24,1119,17.8163544
24,1120,-58.20451826
24,1121,1.451398108
24,1122,-33.79777578
24,1123,13.08017393
24,1124,15.14482327
24,1125,-12.29150656
24,1126,-8.047637554
24,1127,-12.59676647
24,1128,-8.170659824
24,1129,-20.02251981
24,1130,-16.49463898
24,1131,-1.890840289
24,1132,-10.24361191
24,1133,-38.95442638
24,1134,-24.922484
24,1135,1.673307933
24,1136,-17.8925806
24,1137,-10.49472329
24,1138,-24.80770739
24,1139,-24.58450105
24,1140,-7.595320398
24,1141,-7.466222007
24,1142,-1.22116012
24,1143,-3.827300929
24,1144,-9.162207174
24,1145,3.343427733
24,1146,4.316834441
24,1147,-3.918434248
24,1148,-7.012535742
24,1149,-9.846887338
24,1150,-6.929731613
24,1151,-1.791540338
24,1152,5.185890287
24,1153,1.112737724
24,1154,-4.876859663
24,1155,-12.0590822
24,1156,2.998834756
24,1157,-12.19342268
24,1158,-8.22914567
24,1159,-5.604408166
24,1160,-6.981654609
24,1161,-4.95742097
24,1162,-3.035904094
24,1163,-2.100564181
24,1164,-7.546028716
24,1165,-11.1466272
24,1166,-2.171546321
24,1167,-5.712392056
24,1168,-10.45278135
24,1169,0.083193884
24,1170,-16.90895984
24,1171,-11.65240054
24,1172,11.19888072
24,1173,-4.508683913
24,1174,-0.236807211
24,1175,-11.63575537
24,1176,-0.739755138
24,1177,-4.441936475
24,1178,-10.00305584
29,1001,-40.27040282
29,1002,24.51652708
29,1003,-36.38316783
29,1004,-26.50007424
29,1005,49.66289433
29,1006,9.126428152
29,1007,-10.57941131
29,1008,-12.68072521
29,1009,-26.37478086
29,1010,-23.66926459
29,1011,-2.692644032
29,1012,13.44163863
29,1013,-12.89120207
29,1014,20.42148453
29,1015,0.541606766
29,1016,-1.788466038
29,1017,-0.528996156
29,1018,-4.753640734
29,1019,7.518070603
29,1020,7.676157104
29,1021,-8.623293848
29,1022,38.53073088
29,1023,-14.43029074
29,1024,-15.83240565
29,1025,-34.50784054
29,1026,2.023976683
29,1027,-27.57296335
29,1028,13.80113573
29,1029,-6.828306453
29,1030,26.08896897
29,1031,-37.07579983
29,1032,21.64527495
29,1033,10.39783265
29,1034,-27.35449427
29,1035,10.30497219
29,1036,22.72677478
29,1037,2.611539519
29,1038,2.893399223
29,1039,-6.605155914
29,1040,-9.455271541
29,1041,-17.13322004
29,1042,-10.66133158
29,1043,-5.814072175
29,1044,-4.677757556
29,1045,8.622527204
29,1046,43.01144596
29,1047,30.26890116
29,1048,-34.74747154
29,1049,24.51477708
29,1050,33.3094979
29,1051,-19.98105124
29,1052,-7.270946201
29,1053,-7.580738125
29,1054,-20.48599298
29,1055,10.78618996
29,1056,-16.64676173
29,1057,-8.610619737
29,1058,-12.22335833
29,1059,-31.0421543
29,1060,-19.94965691
29,1061,1.343510314
29,1062,-4.62021498
29,1063,-3.352428777
29,1064,-9.822114433
29,1065,-6.300423956
29,1066,1.848664429
29,1067,10.69722131
29,1068,-36.32877712
29,1069,16.76952376
29,1070,4.429028123
29,1071,-52.0524239
29,1072,-45.28375349
29,1073,-3.188486181
29,1074,1.291463797
29,1075,14.53775447
29,1076,-13.44257381
29,1077,6.401101643
29,1078,-2.001231361
29,1079,-23.56898215
29,1080,-13.09171715
29,1081,11.33366167
29,1082,-2.491346827
29,1083,-6.60356664
29,1084,-35.18644007
29,1085,-15.77520985
29,1086,-4.390306631
29,1087,1.282067282
29,1088,2.103874918
29,1089,-9.632192233
29,1090,34.62429032
29,1091,-19.85154737
29,1092,-24.13256923
29,1093,-11.18949845
29,1094,-22.05059676
29,1095,11.51494404
29,1096,-5.982358713
29,1097,3.776416659
29,1098,9.116298994
29,1099,-23.66686735
29,1100,-10.21141227
29,1101,-19.09944504
29,1102,-19.56643697
29,1103,-8.718007516
29,1104,-14.00654675
29,1105,4.49615282
29,1106,8.820074263
29,1107,5.414306087
29,1108,-6.831312556
29,1109,4.985751324
29,1110,2.714133471
29,1111,-5.587938503
29,1112,35.9694703
29,1113,-25.72752959
29,1114,-29.35713767
29,1115,-47.34816438
29,1116,25.50050955
29,1117,1.019661844
29,1118,-11.74005577
29,1119,17.72117402
29,1120,-26.38935627
29,1121,7.356827275
29,1122,-17.76637542
29,1123,17.5431909
29,1124,12.14708042
29,1125,-6.834655914
29,1126,-4.769689193
29,1127,-2.569425367
29,1128,-7.834578614
29,1129,-17.39954745
29,1130,-6.40890369
29,1131,2.310511248
29,1132,-0.162376448
29,1133,-16.18067158
29,1134,-10.61058027
29,1135,8.274062488
29,1136,-12.70468786
29,1137,-6.182010732
29,1138,-15.22441094
29,1139,-9.65356702
29,1140,-0.508659873
29,1141,-0.825576433
29,1142,0.205863499
29,1143,-0.746656534
29,1144,-1.126910973
29,1145,4.710464982
29,1146,3.054867532
29,1147,-1.221022144
29,1148,-3.125327384
29,1149,-1.884251513
29,1150,-2.145374038
29,1151,1.719802009
29,1152,3.565950116
29,1153,1.803389943
29,1154,-2.240237703
29,1155,-1.918714042
29,1156,0.209883319
29,1157,-3.211445035
29,1158,-0.861796891
29,1159,-2.889948859
29,1160,-3.415328931
29,1161,-2.37065975
29,1162,0.657110885
29,1163,-1.440104471
29,1164,-1.187995228
29,1165,-5.820855713
29,1166,1.161888193
29,1167,-0.532276772
29,1168,-6.789768109
29,1169,-1.916203182
29,1170,-6.326697145
29,1171,-3.625203314
29,1172,6.929158527
29,1173,0.18470675
29,1174,1.188277607
29,1175,-2.686388436
29,1176,2.480536339
29,1177,-1.165688328
29,1178,-0.613250607
49,1001,-60.17824607
49,1002,45.93933374
49,1003,-52.72091441
49,1004,-35.23708568
49,1005,74.68758713
49,1006,12.75346831
49,1007,-16.00767389
49,1008,-19.62147889
49,1009,-28.65615175
49,1010,-24.4200988
49,1011,-5.540285519
49,1012,14.73045953
49,1013,-16.23568964
49,1014,25.25653778
49,1015,0.324449913
49,1016,-7.432816467
49,1017,0.075550756
49,1018,-0.846969435
49,1019,8.530599359
49,1020,8.822630484
49,1021,-9.966484444
49,1022,60.09513932
49,1023,-21.30566038
49,1024,-26.17745141
49,1025,-46.95330316
49,1026,-2.468298308
49,1027,-43.3376902
49,1028,21.22707145
49,1029,-9.126876722
49,1030,31.766989
49,1031,-41.61494502
49,1032,24.39603639
49,1033,16.88050783
49,1034,-25.72916525
49,1035,7.457437039
49,1036,29.41470377
49,1037,-0.797789964
49,1038,2.863453868
49,1039,-8.244138952
49,1040,-12.77372568
49,1041,-9.323550752
49,1042,-12.86358892
49,1043,-8.094857696
49,1044,-3.174970093
49,1045,9.66343293
49,1046,64.74904798
49,1047,49.56313117
49,1048,-48.25442556
49,1049,33.36423233
49,1050,46.7078217
49,1051,-19.98994241
49,1052,-5.290075341
49,1053,-13.38438286
49,1054,-26.717628
49,1055,8.506209315
49,1056,-18.31972505
49,1057,-13.85067622
49,1058,-15.54415717
49,1059,-35.87334569
49,1060,-43.59296083
49,1061,-0.114399362
49,1062,-3.654195753
49,1063,-10.81008561
49,1064,-12.56172521
49,1065,-12.54810366
49,1066,1.894963731
49,1067,39.53442782
49,1068,-56.17512576
49,1069,29.79769526
49,1070,23.24502353
49,1071,-71.53100051
49,1072,-58.50492564
49,1073,-4.79480535
49,1074,-1.273328786
49,1075,24.04333778
49,1076,-19.40507092
49,1077,29.5534687
49,1078,-3.21205503
49,1079,-34.73449242
49,1080,-19.7359755
49,1081,16.93778421
49,1082,-6.700361386
49,1083,-9.300074022
49,1084,-51.78005476
49,1085,-21.38387885
49,1086,-4.611546982
49,1087,1.114116725
49,1088,7.656578652
49,1089,-14.41268744
49,1090,50.57425864
49,1091,-17.87555858
49,1092,-42.92530368
49,1093,-12.90479071
49,1094,-30.33379088
49,1095,18.76209845
49,1096,-3.750186126
49,1097,12.23506711
49,1098,16.53501887
49,1099,-24.44917711
49,1100,-9.37715586
49,1101,-27.15935251
49,1102,-24.02726061
49,1103,-10.40292354
49,1104,-21.52387128
49,1105,7.36584199
49,1106,15.51474876
49,1107,8.834897364
49,1108,-11.00156088
49,1109,4.945117286
49,1110,3.939874871
49,1111,-12.27447752
49,1112,53.13911145
49,1113,-25.94625582
49,1114,-41.73933101
49,1115,-54.51725002
49,1116,44.39592621
49,1117,0.672299197
49,1118,-15.11231701
49,1119,22.97494139
49,1120,-23.03779535
49,1121,3.086005676
49,1122,-23.28472299
49,1123,20.19120803
49,1124,18.93561679
49,1125,-7.022832607
49,1126,-0.172939156
49,1127,-4.975017508
49,1128,-4.132996916
49,1129,-16.95056394
49,1130,-4.667326996
49,1131,7.529332231
49,1132,0.723993226
49,1133,-17.013545
49,1134,-6.592876942
49,1135,26.02694333
49,1136,-6.864848201
49,1137,-3.520225132
49,1138,-10.12651952
49,1139,-13.9500933
49,1140,-2.297450064
49,1141,-0.58075315
49,1142,-0.992503705
49,1143,0.790503709
49,1144,-3.381038088
49,1145,4.335456555
49,1146,4.507228654
49,1147,-0.060008929
49,1148,-2.123708599
49,1149,-5.925948465
49,1150,-2.72323358
49,1151,1.138643434
49,1152,4.79476473
49,1153,5.707512779
49,1154,-0.688969515
49,1155,-4.397021583
49,1156,7.009940881
49,1157,-2.564417618
49,1158,-0.092803366
49,1159,-0.126365724
49,1160,-1.442105615
49,1161,-0.451989316
49,1162,0.117615829
49,1163,-0.574329848
49,1164,-1.180005906
49,1165,-6.190744009
49,1166,1.342252902
49,1167,-1.084213552
49,1168,-4.92253179
49,1169,-1.250510404
49,1170,-8.008150119
49,1171,-2.584051293
49,1172,16.28998328
49,1173,2.015006663
49,1174,3.381412774
49,1175,-5.537110603
49,1176,8.380104823
49,1177,-1.173565626
49,1178,-2.383570401
26,1001,-55.4713964
26,1002,46.09767335
26,1003,-49.69207319
26,1004,-33.09350358
26,1005,68.09688862
26,1006,13.48265458
26,1007,-15.48752659
26,1008,-18.1906433
26,1009,-30.53994535
26,1010,-25.31767329
26,1011,-5.041564332
26,1012,12.91259869
26,1013,-15.19608296
26,1014,24.09148119
26,1015,-0.745279887
26,1016,-6.535861362
26,1017,-1.551822414
26,1018,-2.960741654
26,1019,6.578014492
26,1020,6.870045616
26,1021,-10.00785293
26,1022,59.10275996
26,1023,-18.97055338
26,1024,-23.81121287
26,1025,-46.33436564
26,1026,0.767541501
26,1027,-40.44655767
26,1028,19.76284601
26,1029,-8.772249086
26,1030,29.2034801
26,1031,-39.47842574
26,1032,23.11910658
26,1033,17.24210114
26,1034,-26.35026931
26,1035,8.521217217
26,1036,24.91961885
26,1037,-2.012658025
26,1038,3.155236082
26,1039,-8.994542383
26,1040,-12.41457617
26,1041,-9.279367576
26,1042,-12.81379436
26,1043,-8.941520664
26,1044,-4.082862485
26,1045,8.910744133
26,1046,59.15621296
26,1047,46.36841135
26,1048,-47.88097587
26,1049,32.50588586
26,1050,42.41996844
26,1051,-19.63556246
26,1052,-6.49068822
26,1053,-13.41420618
26,1054,-25.48235848
26,1055,7.811211225
26,1056,-19.77830514
26,1057,-12.84266643
26,1058,-16.23429711
26,1059,-33.68616922
26,1060,-37.50485064
26,1061,0.587626588
26,1062,-4.003111379
26,1063,-10.14727679
26,1064,-12.96438783
26,1065,-12.18846198
26,1066,1.397859963
26,1067,38.05757928
26,1068,-55.72262418
26,1069,29.90804573
26,1070,21.85418907
26,1071,-70.13868364
26,1072,-57.66849083
26,1073,-4.642785438
26,1074,-3.108972352
26,1075,22.53140182
26,1076,-20.05161801
26,1077,29.37699861
26,1078,-3.454471557
26,1079,-34.14293892
26,1080,-21.76906929
26,1081,16.34563664
26,1082,-6.098854838
26,1083,-8.946295534
26,1084,-48.47396298
26,1085,-21.62427504
26,1086,-5.636781475
26,1087,0.273130745
26,1088,7.420008495
26,1089,-15.57389903
26,1090,47.29265453
26,1091,-18.47011656
26,1092,-40.20358268
26,1093,-13.79370754
26,1094,-30.0039814
26,1095,17.74859063
26,1096,-4.068015472
26,1097,9.580278018
26,1098,14.62046147
26,1099,-25.13880039
26,1100,-7.120422158
26,1101,-25.68155951
26,1102,-24.19959448
26,1103,-9.453048262
26,1104,-20.74631967
26,1105,6.257274829
26,1106,12.67145497
26,1107,7.612851599
26,1108,-10.33060691
26,1109,5.190207714
26,1110,3.724251953
26,1111,-13.46315298
26,1112,46.44545599
26,1113,-24.31551103
26,1114,-39.47644184
26,1115,-51.07189371
26,1116,37.66223038
26,1117,1.467268572
26,1118,-12.44075823
26,1119,20.80139926
26,1120,-28.86167922
26,1121,1.721695378
26,1122,-22.87220923
26,1123,18.4708424
26,1124,16.64910752
26,1125,-9.490830716
26,1126,-0.589288343
26,1127,-4.362739223
26,1128,-4.667313534
26,1129,-17.89957286
26,1130,-4.595237168
26,1131,5.96019823
26,1132,-0.332800074
26,1133,-18.9787133
26,1134,-10.41718327
26,1135,16.70893727
26,1136,-7.520519437
26,1137,-1.955295131
26,1138,-10.65218062
26,1139,-13.7529613
26,1140,-3.234738589
26,1141,-0.826075871
26,1142,-1.22262541
26,1143,0.599460348
26,1144,-4.787354208
26,1145,3.281512905
26,1146,3.016804317
26,1147,-1.966017186
26,1148,-2.508010769
26,1149,-6.086271834
26,1150,-2.947188469
26,1151,0.824703884
26,1152,4.054925615
26,1153,5.020252913
26,1154,-1.623516994
26,1155,-5.731781254
26,1156,6.669673489
26,1157,-2.849591577
26,1158,-1.619650316
26,1159,-0.21720714
26,1160,-2.616289431
26,1161,-1.954711194
26,1162,-1.393116062
26,1163,-1.584286366
26,1164,-1.599183125
26,1165,-7.062738253
26,1166,0.880326127
26,1167,-0.566715502
26,1168,-5.271697866
26,1169,-2.372664811
26,1170,-8.352058848
26,1171,-2.936002904
26,1172,15.17711764
26,1173,0.10389118
26,1174,1.897040021
26,1175,-5.506263286
26,1176,6.735894895
26,1177,-1.082580944
26,1178,-2.747908638
27,1001,-60.23904668
27,1002,44.13999166
27,1003,-52.39759459
27,1004,-40.75900717
27,1005,72.65280559
27,1006,12.11946094
27,1007,-19.24184782
27,1008,-23.65980274
27,1009,-35.65337521
27,1010,-31.43484347
27,1011,-9.981044254
27,1012,11.48653155
27,1013,-18.38147899
27,1014,24.77128343
27,1015,1.859114115
27,1016,-6.946174893
27,1017,-2.870814384
27,1018,-5.451905213
27,1019,7.177316853
27,1020,7.469347977
27,1021,-13.79264875
27,1022,57.41248774
27,1023,-22.85739586
27,1024,-28.16325418
27,1025,-48.36537576
27,1026,-2.611153859
27,1027,-43.34564424
27,1028,20.21294127
27,1029,-6.996175013
27,1030,27.75350661
27,1031,-50.44200993
27,1032,22.92444866
27,1033,14.46777394
27,1034,-35.81836435
27,1035,5.659810806
27,1036,24.87190086
27,1037,-7.354498496
27,1038,2.042758948
27,1039,-11.90524682
27,1040,-16.99670392
27,1041,-13.22704787
27,1042,-16.47966694
27,1043,-11.11758871
27,1044,-8.218798253
27,1045,8.779802389
27,1046,64.68538012
27,1047,47.80396814
27,1048,-49.90000572
27,1049,33.96490959
27,1050,48.96171249
27,1051,-23.2905128
27,1052,-5.297421862
27,1053,-13.03007279
27,1054,-32.93908142
27,1055,6.16179036
27,1056,-24.87568011
27,1057,-16.38207692
27,1058,-19.11654517
27,1059,-43.30555536
27,1060,-45.81218602
27,1061,-1.082464756
27,1062,-4.317501505
27,1063,-11.95332766
27,1064,-16.56940014
27,1065,-14.87291952
27,1066,0.685019001
27,1067,30.63536968
27,1068,-54.09562222
27,1069,23.36285886
27,1070,17.83266188
27,1071,-71.44493063
27,1072,-56.60161111
27,1073,-7.481698742
27,1074,-2.372818071
27,1075,20.58669691
27,1076,-21.95663441
27,1077,20.63472661
27,1078,-3.09087504
27,1079,-46.64308259
27,1080,-27.30987127
27,1081,8.819873425
27,1082,-14.34338685
27,1083,-15.51461369
27,1084,-58.91042165
27,1085,-27.04317047
27,1086,-8.967747212
27,1087,-0.723418121
27,1088,7.742643227
27,1089,-18.10198462
27,1090,48.82056095
27,1091,-21.29478927
27,1092,-44.21397458
27,1093,-16.60011677
27,1094,-32.45484224
27,1095,16.14292808
27,1096,-5.135286427
27,1097,8.654644538
27,1098,14.14021672
27,1099,-32.48728159
27,1100,-12.78996281
27,1101,-30.28398029
27,1102,-29.84502773
27,1103,-14.07638714
27,1104,-26.82217488
27,1105,4.284580867
27,1106,12.1484821
27,1107,8.08725077
27,1108,-12.32628607
27,1109,5.236959023
27,1110,2.147189821
27,1111,-13.08218038
27,1112,53.52436637
27,1113,-35.5848788
27,1114,-44.39398351
27,1115,-63.3186022
27,1116,42.03012411
27,1117,0.608300386
27,1118,-18.96395467
27,1119,23.06331495
27,1120,-37.13898618
27,1121,-1.300499945
27,1122,-30.38177022
27,1123,19.03728428
27,1124,19.04787993
27,1125,-10.09389642
27,1126,-3.136935996
27,1127,-8.837442718
27,1128,-7.041151517
27,1129,-19.48713719
27,1130,-8.48465478
27,1131,3.211908638
27,1132,-3.144530142
27,1133,-25.99178557
27,1134,-13.47305024
27,1135,17.37599897
27,1136,-9.227209733
27,1137,-6.187245159
27,1138,-14.32357001
27,1139,-19.10847653
27,1140,-3.22540567
27,1141,-1.769734306
27,1142,-0.54525278
27,1143,-1.156105771
27,1144,-5.179496887
27,1145,4.160376803
27,1146,5.972768591
27,1147,-1.251599174
27,1148,-3.176179879
27,1149,-6.833650127
27,1150,-4.861665885
27,1151,0.839252865
27,1152,6.401027618
27,1153,4.705332114
27,1154,-2.451543787
27,1155,-6.732369973
27,1156,6.285198361
27,1157,-5.623499248
27,1158,-2.878359084
27,1159,-1.392035781
27,1160,-4.209449804
27,1161,-2.237246442
27,1162,-0.17329572
27,1163,-1.417674129
27,1164,-2.472833825
27,1165,-8.863628282
27,1166,1.992111026
27,1167,-1.292136539
27,1168,-7.136561843
27,1169,-0.052399038
27,1170,-10.10420316
27,1171,-5.623791152
27,1172,16.25585741
27,1173,0.694652568
27,1174,4.020222734
27,1175,-6.237083447
27,1176,7.035447269
27,1177,-3.072026119
27,1178,-5.736316284
28,1001,-45.79424549
28,1002,39.36964057
28,1003,-42.28971298
28,1004,-28.90239009
28,1005,73.16004467
28,1006,10.95472993
28,1007,-11.22785922
28,1008,-22.56643077
28,1009,-39.07174831
28,1010,-31.84198442
28,1011,-4.394479221
28,1012,15.78693408
28,1013,-16.15521032
28,1014,71.37666357
28,1015,6.778578255
28,1016,0.097332587
28,1017,1.845395036
28,1018,-0.163396698
28,1019,16.85623605
28,1020,17.14826718
28,1021,-17.5403176
28,1022,62.66882049
28,1023,-18.37036569
28,1024,-17.07968124
28,1025,-39.74049528
28,1026,-3.577067693
28,1027,-38.15446057
28,1028,23.59240594
28,1029,-0.048386598
28,1030,24.73329833
28,1031,-68.67918879
28,1032,35.3007684
28,1033,29.81434804
28,1034,-59.01376321
28,1035,9.399400961
28,1036,41.5025839
28,1037,-5.596116871
28,1038,-1.29913972
28,1039,-11.7710413
28,1040,-15.03003122
28,1041,-35.88112156
28,1042,-21.67759322
28,1043,-15.6912537
28,1044,-9.326298026
28,1045,15.91740617
28,1046,66.29047219
28,1047,52.79154109
28,1048,-48.6062483
28,1049,51.32149372
28,1050,65.68515401
28,1051,-24.92589018
28,1052,-1.29575285
28,1053,-5.729020841
28,1054,-36.10404165
28,1055,6.71404101
28,1056,-25.9282056
28,1057,-12.78870425
28,1058,-23.17184214
28,1059,-45.09999053
28,1060,-46.60929741
28,1061,3.442840321
28,1062,-1.903904953
28,1063,-9.79095696
28,1064,-9.517001493
28,1065,-12.05236541
28,1066,2.769933444
28,1067,6.388437518
28,1068,-30.20520777
28,1069,28.7492311
28,1070,9.460438606
28,1071,-49.21072303
28,1072,-52.30413549
28,1073,-6.362238866
28,1074,-0.618457487
28,1075,19.08108375
28,1076,-23.24538829
28,1077,2.817918806
28,1078,-0.262217302
28,1079,-48.11039232
28,1080,-25.87514205
28,1081,-4.216213206
28,1082,-19.63254116
28,1083,-9.544497221
28,1084,-59.84599102
28,1085,-25.11093764
28,1086,-8.568373072
28,1087,4.075364735
28,1088,9.416169387
28,1089,-14.01916589
28,1090,52.4807305
28,1091,-22.59195029
28,1092,-31.38208646
28,1093,-14.75338356
28,1094,-25.99334176
28,1095,17.37838454
28,1096,-2.443375188
28,1097,3.445818188
28,1098,11.74177239
28,1099,-51.5574762
28,1100,-8.835904656
28,1101,-37.13314685
28,1102,-33.05982011
28,1103,-7.895984988
28,1104,-29.13233601
28,1105,1.107437884
28,1106,18.42429549
28,1107,6.307094692
28,1108,-15.97423343
28,1109,7.553528419
28,1110,7.853118565
28,1111,-7.960074707
28,1112,60.72011603
28,1113,-32.11763162
28,1114,-47.96276714
28,1115,-79.76727217
28,1116,47.76679006
28,1117,-1.179691555
28,1118,-16.64427582
28,1119,30.9129557
28,1120,-39.41616268
28,1121,22.67439376
28,1122,-32.21663043
28,1123,27.47343041
28,1124,27.69622095
28,1125,-9.004048899
28,1126,-5.075710992
28,1127,-7.546306885
28,1128,-7.416530977
28,1129,-22.7744266
28,1130,-16.49611547
28,1131,-1.282656656
28,1132,-5.653358506
28,1133,-43.65195749
28,1134,-30.45781551
28,1135,6.465523564
28,1136,-13.0630251
28,1137,-1.463621077
28,1138,-30.73434137
28,1139,-21.13054935
28,1140,1.246577945
28,1141,1.338697133
28,1142,1.539549398
28,1143,0.361581468
28,1144,-3.53575426
28,1145,6.073848196
28,1146,10.68426715
28,1147,-0.452444872
28,1148,0.008631995
28,1149,-0.544546375
28,1150,-1.013084316
28,1151,6.064345391
28,1152,9.667463852
28,1153,9.159432392
28,1154,-2.671460024
28,1155,-6.370489589
28,1156,11.5673885
28,1157,-7.290882047
28,1158,-7.253488887
28,1159,-0.853910067
28,1160,-3.959997342
28,1161,0.474250874
28,1162,2.955411165
28,1163,0.62954557
28,1164,-3.131961114
28,1165,-7.133920851
28,1166,0.853365534
28,1167,-3.399602479
28,1168,-3.734800619
28,1169,-0.328117017
28,1170,-10.71533709
28,1171,-6.838864858
28,1172,22.07385606
28,1173,0.594045547
28,1174,6.300048235
28,1175,-5.761335049
28,1176,4.398444348
28,1177,-4.184350842
28,1178,-1.040919589
30,1001,-56.80541624
30,1002,39.9198289
30,1003,-51.2838062
30,1004,-34.84844965
30,1005,69.31462739
30,1006,10.91350507
30,1007,-14.77458379
30,1008,-19.39317031
30,1009,-29.2084903
30,1010,-25.53676489
30,1011,-3.17952686
30,1012,15.93271935
30,1013,-14.32849224
30,1014,25.23905657
30,1015,0.776552853
30,1016,-6.138125806
30,1017,-0.426251063
30,1018,-1.630061947
30,1019,8.849428963
30,1020,9.141460088
30,1021,-10.04937501
30,1022,53.61611107
30,1023,-21.01344735
30,1024,-25.13142704
30,1025,-44.93134858
30,1026,-3.744559214
30,1027,-40.23537397
30,1028,19.33075963
30,1029,-9.832567156
30,1030,29.78169295
30,1031,-41.4088902
30,1032,25.03867954
30,1033,16.45521426
30,1034,-26.05916465
30,1035,7.161563283
30,1036,28.23168378
30,1037,-0.373598848
30,1038,1.435140325
30,1039,-7.540613568
30,1040,-11.62721687
30,1041,-9.286442914
30,1042,-11.70231446
30,1043,-6.26759065
30,1044,-3.404249579
30,1045,11.11723939
30,1046,58.5088402
30,1047,43.82020909
30,1048,-47.15329901
30,1049,28.82082763
30,1050,41.35114
30,1051,-20.40285865
30,1052,-4.723144108
30,1053,-12.24469367
30,1054,-23.47476943
30,1055,9.342479742
30,1056,-18.56373037
30,1057,-13.39402642
30,1058,-15.63152924
30,1059,-35.11732561
30,1060,-40.22121846
30,1061,-0.271840039
30,1062,-2.794456447
30,1063,-9.958773772
30,1064,-11.6706117
30,1065,-11.34040717
30,1066,1.732614251
30,1067,35.68359696
30,1068,-51.23851455
30,1069,32.20311884
30,1070,22.48625896
30,1071,-64.87420053
30,1072,-57.41379716
30,1073,-4.742180711
30,1074,-2.986475716
30,1075,22.78278218
30,1076,-18.01860346
30,1077,27.4178076
30,1078,-3.791872279
30,1079,-32.13493943
30,1080,-20.22535236
30,1081,19.97940092
30,1082,-5.40625824
30,1083,-6.920366717
30,1084,-48.32978231
30,1085,-19.36924654
30,1086,-4.758054756
30,1087,0.547617263
30,1088,6.789013947
30,1089,-14.85582303
30,1090,46.429189
30,1091,-18.83738275
30,1092,-38.01773888
30,1093,-14.03989165
30,1094,-28.49662394
30,1095,17.78145102
30,1096,-3.85638758
30,1097,12.37498366
30,1098,14.64205741
30,1099,-23.40003156
30,1100,-9.985313778
30,1101,-24.76281178
30,1102,-23.00155161
30,1103,-10.87115533
30,1104,-20.43401786
30,1105,8.049062665
30,1106,12.85486363
30,1107,6.151937092
30,1108,-10.55986871
30,1109,3.394341236
30,1110,3.535822789
30,1111,-12.73487077
30,1112,48.23861212
30,1113,-26.11899554
30,1114,-38.35646735
30,1115,-51.08141177
30,1116,38.95266427
30,1117,0.1076874
30,1118,-12.12406073
30,1119,20.62680318
30,1120,-22.75691374
30,1121,4.840497575
30,1122,-20.28390206
30,1123,20.54340102
30,1124,16.41699302
30,1125,-6.99770008
30,1126,0.74750158
30,1127,-5.435043245
30,1128,-4.048125374
30,1129,-17.58616405
30,1130,-3.299867481
30,1131,6.401593418
30,1132,-0.180867582
30,1133,-17.64743049
30,1134,-6.421703455
30,1135,23.2127964
30,1136,-8.200062975
30,1137,-5.627021803
30,1138,-9.688143953
30,1139,-15.25637128
30,1140,-0.899682215
30,1141,0.477293804
30,1142,0.081690353
30,1143,0.522152086
30,1144,-2.242601109
30,1145,4.242555349
30,1146,5.152924081
30,1147,0.213854769
30,1148,-1.701472881
30,1149,-4.230035761
30,1150,-2.23309911
30,1151,0.602052895
30,1152,3.79901578
30,1153,2.960221174
30,1154,-0.189943454
30,1155,-4.493705625
30,1156,6.870368303
30,1157,-2.080624056
30,1158,-0.102214395
30,1159,-0.631875964
30,1160,-1.26253319
30,1161,0.984408364
30,1162,-0.144462111
30,1163,0.566607974
30,1164,-0.625403654
30,1165,-4.36083304
30,1166,1.601512397
30,1167,-0.832032318
30,1168,-3.841784609
30,1169,-2.987494965
30,1170,-8.292764974
30,1171,-1.884046411
30,1172,13.27457194
30,1173,1.368357373
30,1174,2.930067461
30,1175,-5.782181126
30,1176,5.914556619
30,1177,-0.841916438
30,1178,-2.695603032
50,1001,-54.12191272
50,1002,27.05526013
50,1003,-51.29295275
50,1004,-35.30066468
50,1005,53.95346989
50,1006,3.517682203
50,1007,-16.49094213
50,1008,-20.55295818
50,1009,-31.83710172
50,1010,-28.19711451
50,1011,-9.081850832
50,1012,4.952527896
50,1013,-19.29543532
50,1014,27.12858204
50,1015,-4.61154918
50,1016,-8.006968925
50,1017,-2.649520258
50,1018,-5.546706427
50,1019,3.480465287
50,1020,3.638551787
50,1021,-12.15572189
50,1022,37.69828832
50,1023,-17.977044
50,1024,-21.276622
50,1025,-47.39945242
50,1026,-8.698239525
50,1027,-44.50377009
50,1028,11.61943799
50,1029,-12.7084206
50,1030,17.93278614
50,1031,-49.23917878
50,1032,14.71472492
50,1033,7.600432524
50,1034,-40.00075011
50,1035,0.778720619
50,1036,19.11140726
50,1037,-10.07359896
50,1038,-2.791676916
50,1039,-14.94780045
50,1040,-15.91821537
50,1041,-22.17474972
50,1042,-21.40683796
50,1043,-10.1227175
50,1044,-6.014051427
50,1045,4.974134165
50,1046,48.11243715
50,1047,30.35495056
50,1048,-51.83663487
50,1049,20.36647654
50,1050,36.66863503
50,1051,-26.47955585
50,1052,-8.115163119
50,1053,-14.35241664
50,1054,-29.64159635
50,1055,-1.516130552
50,1056,-23.81985696
50,1057,-14.45402176
50,1058,-18.14210102
50,1059,-43.96632113
50,1060,-46.98504928
50,1061,-2.805965879
50,1062,-4.179564386
50,1063,-9.351315378
50,1064,-11.24611441
50,1065,-14.48987048
50,1066,-2.545166351
50,1067,6.77993051
50,1068,-44.94811234
50,1069,13.13293009
50,1070,2.385059741
50,1071,-64.87146469
50,1072,-53.08336858
50,1073,-9.130601148
50,1074,-7.773359553
50,1075,5.654447483
50,1076,-21.24617924
50,1077,-0.226623273
50,1078,-2.617717543
50,1079,-48.08316685
50,1080,-28.47001363
50,1081,0.143354423
50,1082,-16.1274136
50,1083,-12.19569029
50,1084,-57.46728369
50,1085,-27.49874511
50,1086,-14.32832318
50,1087,-6.039024784
50,1088,-2.939957187
50,1089,-15.75713411
50,1090,34.87659729
50,1091,-24.90056871
50,1092,-39.42056613
50,1093,-17.91784064
50,1094,-29.72700591
50,1095,5.051171766
50,1096,-9.424562262
50,1097,-4.418131191
50,1098,2.173683235
50,1099,-36.84004839
50,1100,-12.04889009
50,1101,-30.6462379
50,1102,-32.03966186
50,1103,-14.81357459
50,1104,-23.49294481
50,1105,-2.178415366
50,1106,6.026501446
50,1107,1.766629433
50,1108,-13.93816945
50,1109,0.347383699
50,1110,-0.928277739
50,1111,-12.71706116
50,1112,41.18415017
50,1113,-32.20500745
50,1114,-44.16410933
50,1115,-64.03072653
50,1116,30.45278737
50,1117,-7.089754554
50,1118,-17.0293245
50,1119,20.93438728
50,1120,-46.57614467
50,1121,-1.896267044
50,1122,-30.52511
50,1123,13.55846493
50,1124,13.69489768
50,1125,-11.67502645
50,1126,-9.410431001
50,1127,-6.886109125
50,1128,-11.8537468
50,1129,-21.41668251
50,1130,-12.03351476
50,1131,-3.662837777
50,1132,-8.379278751
50,1133,-30.84059364
50,1134,-19.49345714
50,1135,11.30898788
50,1136,-16.40169157
50,1137,-15.604308
50,1138,-23.87038047
50,1139,-18.66770339
50,1140,-5.222430525
50,1141,-2.09876348
50,1142,-1.784978698
50,1143,-2.613795467
50,1144,-6.644001669
50,1145,5.244138749
50,1146,3.527155321
50,1147,-1.574118941
50,1148,-3.111531061
50,1149,-6.650357677
50,1150,-2.611964155
50,1151,0.556331537
50,1152,0.396785852
50,1153,0.615053531
50,1154,-3.35907586
50,1155,-6.99991081
50,1156,0.751134526
50,1157,-12.21036916
50,1158,-6.41091618
50,1159,-5.702533275
50,1160,-4.441126824
50,1161,-4.270538305
50,1162,-0.642691151
50,1163,-2.335209218
50,1164,-8.828046326
50,1165,-10.07639609
50,1166,-3.291879612
50,1167,-7.345882429
50,1168,-6.964543867
50,1169,-2.345201224
50,1170,-13.42157003
50,1171,-12.1323742
50,1172,9.295125913
50,1173,-4.132788105
50,1174,-3.641254022
50,1175,-8.249509857
50,1176,0.641136577
50,1177,-2.199578519
50,1178,-8.593273172
31,1001,-46.14749506
31,1002,33.72748513
31,1003,-41.72258562
31,1004,-31.50983398
31,1005,63.62127162
31,1006,10.90839954
31,1007,-13.02575564
31,1008,-23.07126116
31,1009,-38.10667753
31,1010,-29.4978995
31,1011,-5.008638161
31,1012,18.42189511
31,1013,-10.12842878
31,1014,47.50020066
31,1015,6.210391964
31,1016,-2.339289879
31,1017,-1.505107104
31,1018,-3.137272441
31,1019,12.38155999
31,1020,12.67359112
31,1021,-16.70143047
31,1022,50.85872049
31,1023,-20.82407265
31,1024,-21.29129852
31,1025,-32.52219566
31,1026,-1.673113977
31,1027,-28.94027253
31,1028,18.55988182
31,1029,-2.261173895
31,1030,28.57799699
31,1031,-56.87690412
31,1032,34.19565761
31,1033,27.30410509
31,1034,-46.8771772
31,1035,8.0912682
31,1036,36.12025908
31,1037,1.420406673
31,1038,2.908528375
31,1039,-6.799965466
31,1040,-14.33180774
31,1041,-23.00854277
31,1042,-14.39924909
31,1043,-11.46474578
31,1044,-10.62953956
31,1045,14.09066135
31,1046,50.38311709
31,1047,41.39089405
31,1048,-37.50263946
31,1049,37.48082891
31,1050,52.12815967
31,1051,-18.18538847
31,1052,-5.903984711
31,1053,-4.571084768
31,1054,-27.71658837
31,1055,11.21295638
31,1056,-27.03135346
31,1057,-14.74073781
31,1058,-17.59089815
31,1059,-36.98784547
31,1060,-30.86077588
31,1061,2.882327156
31,1062,-4.093057562
31,1063,-11.02387743
31,1064,-12.77623706
31,1065,-8.836682265
31,1066,3.517163512
31,1067,7.067591804
31,1068,-24.27110092
31,1069,28.84183743
31,1070,9.138174374
31,1071,-48.77024861
31,1072,-46.84006497
31,1073,-2.169035166
31,1074,-0.327259018
31,1075,27.19171368
31,1076,-14.08964279
31,1077,6.500918885
31,1078,-0.165354103
31,1079,-36.00039437
31,1080,-17.23904877
31,1081,18.44643371
31,1082,-9.098091403
31,1083,-9.622370284
31,1084,-49.66811345
31,1085,-19.06291719
31,1086,-3.52770913
31,1087,3.644720427
31,1088,9.135832927
31,1089,-15.59798947
31,1090,41.43197203
31,1091,-16.3271098
31,1092,-23.75361897
31,1093,-13.19939075
31,1094,-20.71400432
31,1095,19.62986629
31,1096,-1.334890269
31,1097,8.280422082
31,1098,11.23857085
31,1099,-42.07480984
31,1100,-11.33946808
31,1101,-28.20050873
31,1102,-27.81714647
31,1103,-4.364430907
31,1104,-21.43289159
31,1105,3.971485234
31,1106,12.92520272
31,1107,9.832344921
31,1108,-11.29279475
31,1109,8.616306455
31,1110,3.883948024
31,1111,-7.383424879
31,1112,46.92229417
31,1113,-22.72029612
31,1114,-28.43921757
31,1115,-53.64815415
31,1116,35.55406017
31,1117,3.368006961
31,1118,-12.42967041
31,1119,24.12360233
31,1120,-34.97799614
31,1121,22.01625823
31,1122,-22.15557074
31,1123,25.81294291
31,1124,20.57956951
31,1125,-4.963002777
31,1126,-1.450871154
31,1127,-5.899835033
31,1128,-5.398553511
31,1129,-18.37628331
31,1130,-10.18978327
31,1131,2.515225445
31,1132,-3.020687617
31,1133,-34.6567045
31,1134,-23.02501286
31,1135,4.772965695
31,1136,-13.82217595
31,1137,0.338839929
31,1138,-18.59488086
31,1139,-20.4446748
31,1140,-0.959301205
31,1141,-2.000270781
31,1142,0.546496473
31,1143,-1.799614243
31,1144,-3.536298166
31,1145,6.04872763
31,1146,7.322525079
31,1147,-1.978472651
31,1148,-1.366239965
31,1149,-0.747393645
31,1150,-1.665800177
31,1151,3.929970553
31,1152,7.602569588
31,1153,6.525934957
31,1154,-2.38472322
31,1155,-5.936533177
31,1156,8.412823865
31,1157,-3.910224536
31,1158,-4.161377527
31,1159,1.945127323
31,1160,-3.722362926
31,1161,1.384920399
31,1162,0.979902547
31,1163,3.100504481
31,1164,1.789482474
31,1165,-4.519990884
31,1166,2.390584502
31,1167,1.245574506
31,1168,-3.315630707
31,1169,-0.833492629
31,1170,-11.69731768
31,1171,-3.079037419
31,1172,14.17462629
31,1173,1.620312275
31,1174,5.932408445
31,1175,-5.337201149
31,1176,1.698138031
31,1177,-5.308279121
31,1178,0.8979208
25,1001,-53.73399505
25,1002,20.21990369
25,1003,-50.92869722
25,1004,-33.11406635
25,1005,43.51563746
25,1006,2.482896946
25,1007,-13.78465168
25,1008,-21.46569138
25,1009,-31.80565642
25,1010,-26.50384283
25,1011,-4.473493259
25,1012,13.66600579
25,1013,-22.19475926
25,1014,30.02786601
25,1015,-6.739809924
25,1016,-4.518320384
25,1017,-6.073876372
25,1018,-5.676232755
25,1019,7.32228832
25,1020,7.46945454
25,1021,-12.50981484
25,1022,36.78892484
25,1023,-23.16060939
25,1024,-26.06647256
25,1025,-43.5166246
25,1026,-7.450945629
25,1027,-40.01012956
25,1028,8.665401693
25,1029,-12.80494164
25,1030,20.23567837
25,1031,-46.97662988
25,1032,22.83805259
25,1033,16.89309046
25,1034,-31.72257074
25,1035,4.682723026
25,1036,21.53174451
25,1037,-0.318451285
25,1038,-0.996658545
25,1039,-9.805832654
25,1040,-14.53733294
25,1041,-20.11399484
25,1042,-14.2416589
25,1043,-9.523661193
25,1044,-8.781063235
25,1045,6.428907979
25,1046,42.69427083
25,1047,29.35419688
25,1048,-43.98909485
25,1049,20.44324168
25,1050,31.43239307
25,1051,-22.89317555
25,1052,-9.696651194
25,1053,-12.95741723
25,1054,-27.36611551
25,1055,7.685405942
25,1056,-22.53116505
25,1057,-14.8568594
25,1058,-17.15880937
25,1059,-30.48843378
25,1060,-35.26709213
25,1061,-2.800076201
25,1062,-5.523891326
25,1063,-7.838326124
25,1064,-11.99606889
25,1065,-10.94787011
25,1066,1.107570718
25,1067,12.72730116
25,1068,-37.48509224
25,1069,19.37907139
25,1070,11.83363767
25,1071,-59.53892408
25,1072,-46.95973999
25,1073,-6.877496522
25,1074,-5.706034703
25,1075,13.89157454
25,1076,-16.41997879
25,1077,15.10049153
25,1078,-0.896495899
25,1079,-35.77063619
25,1080,-20.39994321
25,1081,21.18447865
25,1082,0.448719822
25,1083,-8.42056319
25,1084,-46.17968289
25,1085,-17.25530716
25,1086,-6.321656417
25,1087,-2.280904051
25,1088,1.75469825
25,1089,-19.02379866
25,1090,31.4121814
25,1091,-22.10874239
25,1092,-42.18702491
25,1093,-17.98017668
25,1094,-29.35138772
25,1095,6.950934814
25,1096,-9.012696279
25,1097,0.025691643
25,1098,2.467535969
25,1099,-34.0601675
25,1100,-13.14892761
25,1101,-21.98496852
25,1102,-25.21190385
25,1103,-11.63645509
25,1104,-16.64290191
25,1105,-0.218248188
25,1106,4.247044755
25,1107,4.36133286
25,1108,-12.38706966
25,1109,1.582926246
25,1110,0.135136128
25,1111,-13.22973729
25,1112,41.4066261
25,1113,-24.43301094
25,1114,-34.57182815
25,1115,-53.09079062
25,1116,30.38586778
25,1117,-3.467257721
25,1118,-13.56580453
25,1119,16.33008765
25,1120,-33.35084038
25,1121,11.00800726
25,1122,-18.46101892
25,1123,17.91459197
25,1124,10.20910588
25,1125,-10.2975713
25,1126,-4.901819889
25,1127,-8.205596832
25,1128,-10.94975539
25,1129,-21.86468075
25,1130,-10.24949991
25,1131,-3.349149261
25,1132,-6.819842138
25,1133,-22.71092821
25,1134,-16.59997966
25,1135,4.938943083
25,1136,-15.74549862
25,1137,-12.8691061
25,1138,-20.98472651
25,1139,-18.6714403
25,1140,-1.350304596
25,1141,-2.473447839
25,1142,-0.686702473
25,1143,-2.769387783
25,1144,-4.608707646
25,1145,4.512089631
25,1146,3.235126698
25,1147,-1.352225167
25,1148,-4.631213173
25,1149,-2.929809534
25,1150,-4.412176405
25,1151,-0.587459124
25,1152,3.242944873
25,1153,-4.378517133
25,1154,-4.831276605
25,1155,-6.690033538
25,1156,2.448045317
25,1157,-5.540147065
25,1158,-4.218327641
25,1159,-3.672911176
25,1160,-4.173877569
25,1161,-2.331728597
25,1162,-0.867775738
25,1163,0.568536403
25,1164,-4.809438983
25,1165,-4.564462853
25,1166,-1.755171187
25,1167,-4.815367604
25,1168,-6.48817998
25,1169,-3.39005684
25,1170,-11.29297827
25,1171,-5.384564762
25,1172,3.608718627
25,1173,-1.38686146
25,1174,-1.760775767
25,1175,-7.402288295
25,1176,-2.307534553
25,1177,-2.726666571
25,1178,-5.309411204
32,1001,-49.03627046
32,1002,39.61590303
32,1003,-46.90775108
32,1004,-29.27539119
32,1005,65.73662839
32,1006,13.18929772
32,1007,-12.63977249
32,1008,-17.63075999
32,1009,-31.15025331
32,1010,-25.01057094
32,1011,-2.243818031
32,1012,20.00690931
32,1013,-11.45431029
32,1014,56.61306078
32,1015,1.500966926
32,1016,-2.60524423
32,1017,-0.406218926
32,1018,2.569727329
32,1019,16.91995098
32,1020,17.2119821
32,1021,-12.97656579
32,1022,59.07510476
32,1023,-18.31200825
32,1024,-21.39871308
32,1025,-37.36627112
32,1026,0.321538377
32,1027,-38.53715701
32,1028,20.25067375
32,1029,-8.28665606
32,1030,30.4961905
32,1031,-47.90863027
32,1032,34.3374954
32,1033,31.14546228
32,1034,-38.08983737
32,1035,13.62631829
32,1036,39.83348013
32,1037,3.589149814
32,1038,1.445871633
32,1039,-8.588045985
32,1040,-9.427824591
32,1041,-23.68637606
32,1042,-13.03256727
32,1043,-11.21418244
32,1044,-6.879160088
32,1045,14.36439664
32,1046,55.63629666
32,1047,43.81399559
32,1048,-45.46420699
32,1049,41.51423952
32,1050,54.79109904
32,1051,-19.81595396
32,1052,-7.940277489
32,1053,-9.205636444
32,1054,-19.37876347
32,1055,13.56631241
32,1056,-20.08641799
32,1057,-12.1089805
32,1058,-16.98299584
32,1059,-26.25243578
32,1060,-39.99155481
32,1061,0.972713942
32,1062,-3.322740325
32,1063,-9.739573092
32,1064,-8.969161682
32,1065,-10.05886088
32,1066,2.032043191
32,1067,24.5097165
32,1068,-37.94177745
32,1069,36.4995396
32,1070,22.32194093
32,1071,-51.85389466
32,1072,-54.76666055
32,1073,-2.332989057
32,1074,-1.88117726
32,1075,19.76754878
32,1076,-17.73070233
32,1077,22.09970447
32,1078,3.86641815
32,1079,-29.73929231
32,1080,-18.7969143
32,1081,15.78881841
32,1082,-4.921762216
32,1083,-5.548243352
32,1084,-43.87895814
32,1085,-17.23721217
32,1086,-1.445450509
32,1087,1.761643321
32,1088,4.813251807
32,1089,-10.6989174
32,1090,47.84578744
32,1091,-20.24549538
32,1092,-32.09424261
32,1093,-12.16619387
32,1094,-24.50654242
32,1095,16.76727524
32,1096,-4.093165181
32,1097,6.594669087
32,1098,10.64646776
32,1099,-33.57026678
32,1100,-8.281723842
32,1101,-27.14237377
32,1102,-21.78208738
32,1103,-7.183984649
32,1104,-20.24616694
32,1105,8.840332663
32,1106,16.37488229
32,1107,5.332243985
32,1108,-13.04526656
32,1109,5.760836622
32,1110,4.834996212
32,1111,-9.088068242
32,1112,46.6054341
32,1113,-21.64378004
32,1114,-31.58082373
32,1115,-50.34530799
32,1116,36.64383743
32,1117,-4.603654265
32,1118,-11.40561403
32,1119,21.34254177
32,1120,-22.64320446
32,1121,23.4875855
32,1122,-18.78809727
32,1123,26.98561031
32,1124,19.37135817
32,1125,-7.181885466
32,1126,-2.643409254
32,1127,-4.292770275
32,1128,-6.817380815
32,1129,-20.84718262
32,1130,-11.29100911
32,1131,3.315083631
32,1132,-0.222028557
32,1133,-27.82562644
32,1134,-16.90726013
32,1135,12.24274487
32,1136,-9.329183833
32,1137,0.680553345
32,1138,-19.07730196
32,1139,-16.65128203
32,1140,2.546794671
32,1141,2.043480043
32,1142,1.036866593
32,1143,1.357114165
32,1144,-0.479230603
32,1145,6.839970815
32,1146,8.344861687
32,1147,1.279773919
32,1148,-2.096014874
32,1149,1.650440588
32,1150,-1.863148189
32,1151,4.328975551
32,1152,7.310249768
32,1153,6.557737248
32,1154,-0.057008997
32,1155,-4.1336137
32,1156,9.206020967
32,1157,-0.079168268
32,1158,-3.012729928
32,1159,-1.920541791
32,1160,-1.139130938
32,1161,-0.204988756
32,1162,2.532127612
32,1163,0.373952499
32,1164,-2.841191393
32,1165,-3.415957783
32,1166,-1.468848836
32,1167,-1.904002796
32,1168,-1.988380037
32,1169,-2.534561543
32,1170,-10.19466269
32,1171,-0.82355902
32,1172,14.91364081
32,1173,0.759110181
32,1174,4.518898064
32,1175,-5.38881772
32,1176,4.89157035
32,1177,-0.250429752
32,1178,-0.791302067
33,1001,-72.23647939
33,1002,53.18142745
33,1003,-67.00229318
33,1004,-52.46487712
33,1005,72.25181812
33,1006,14.74427275
33,1007,-27.71861472
33,1008,-24.05428986
33,1009,-36.11064228
33,1010,-37.53512649
33,1011,-13.3127221
33,1012,15.67099637
33,1013,-24.07543274
33,1014,51.05846348
33,1015,-9.243981351
33,1016,-12.69240729
33,1017,-4.685962352
33,1018,-8.553406218
33,1019,11.96152167
33,1020,12.201802
33,1021,-21.35407058
33,1022,63.16926806
33,1023,-24.80500631
33,1024,-32.84232133
33,1025,-62.38345041
33,1026,-3.103196917
33,1027,-60.05564147
33,1028,23.83431584
33,1029,-13.35119249
33,1030,28.07118222
33,1031,-50.38616562
33,1032,28.2207508
33,1033,24.43113598
33,1034,-42.32899715
33,1035,5.703531192
33,1036,37.10130267
33,1037,-6.080465768
33,1038,-0.190958494
33,1039,-19.14934775
33,1040,-20.59714149
33,1041,-23.9727906
33,1042,-28.80095802
33,1043,-17.68808692
33,1044,-11.5136544
33,1045,12.70645245
33,1046,62.37318225
33,1047,45.80980113
33,1048,-67.04817262
33,1049,39.32870311
33,1050,54.7139349
33,1051,-33.08823591
33,1052,-10.14343116
33,1053,-16.49944669
33,1054,-31.97717512
33,1055,7.275164362
33,1056,-26.9375054
33,1057,-22.96120342
33,1058,-23.32653554
33,1059,-55.26565416
33,1060,-39.98126666
33,1061,-2.92917503
33,1062,-5.229197606
33,1063,-15.88478644
33,1064,-21.15020152
33,1065,-20.65780565
33,1066,-0.447429357
33,1067,43.06194401
33,1068,-71.48311017
33,1069,32.46453708
33,1070,24.10045871
33,1071,-92.58598741
33,1072,-68.70793332
33,1073,-4.030779556
33,1074,-7.02318266
33,1075,14.0341385
33,1076,-32.54953175
33,1077,31.38933344
33,1078,-6.138803279
33,1079,-50.43197825
33,1080,-30.44155233
33,1081,22.89719196
33,1082,-11.32811159
33,1083,-14.88853511
33,1084,-59.05514914
33,1085,-31.97140798
33,1086,-6.32868351
33,1087,0.949144925
33,1088,7.152502477
33,1089,-17.59784993
33,1090,47.58346607
33,1091,-34.34966774
33,1092,-65.73343939
33,1093,-23.65478562
33,1094,-47.07743809
33,1095,12.59484562
33,1096,-10.50398222
33,1097,1.172212211
33,1098,11.8951962
33,1099,-40.66575613
33,1100,-12.5821353
33,1101,-30.97676764
33,1102,-32.49506536
33,1103,-18.35090371
33,1104,-26.17575133
33,1105,2.841343554
33,1106,13.20949918
33,1107,7.816000578
33,1108,-16.48986433
33,1109,5.694938905
33,1110,3.583873929
33,1111,-21.84740672
33,1112,52.25861307
33,1113,-44.93921583
33,1114,-51.32381097
33,1115,-67.49205814
33,1116,46.27553068
33,1117,-1.491755256
33,1118,-22.02305203
33,1119,24.76945083
33,1120,-46.38034213
33,1121,8.522995731
33,1122,-28.9971469
33,1123,25.04276439
33,1124,23.39568372
33,1125,-17.32210307
33,1126,-5.721490478
33,1127,-15.17992389
33,1128,-14.58842713
33,1129,-27.95508718
33,1130,-22.96678217
33,1131,-3.327329024
33,1132,-6.087188621
33,1133,-36.03015238
33,1134,-19.42304474
33,1135,9.585600784
33,1136,-11.65351159
33,1137,-5.179647546
33,1138,-24.20815857
33,1139,-21.27004282
33,1140,-2.411269464
33,1141,-3.316514824
33,1142,1.92347828
33,1143,-1.413319395
33,1144,-5.333730586
33,1145,5.670336297
33,1146,5.387225563
33,1147,-2.70235947
33,1148,-4.574188976
33,1149,-7.264136843
33,1150,-4.507449927
33,1151,3.368194052
33,1152,6.018516259
33,1153,2.335271598
33,1154,-5.06769579
33,1155,-9.039602901
33,1156,4.69324576
33,1157,-10.38326923
33,1158,-2.006001723
33,1159,-4.599005731
33,1160,-7.250512922
33,1161,-5.795314854
33,1162,2.07894295
33,1163,-1.77933017
33,1164,-6.226206655
33,1165,-6.512100583
33,1166,0.096448148
33,1167,-6.979541074
33,1168,-11.3730606
33,1169,-3.552247282
33,1170,-13.36280391
33,1171,-11.52919887
33,1172,19.23098391
33,1173,-0.019498661
33,1174,-4.889955377
33,1175,-4.711730707
33,1176,5.734686072
33,1177,-1.45144518
33,1178,-5.518352545
51,1001,-35.80147281
51,1002,42.15155499
51,1003,-29.53626332
51,1004,-12.80544448
51,1005,68.01125845
51,1006,13.93488357
51,1007,0.751848344
51,1008,-5.430838032
51,1009,-16.99502253
51,1010,-11.8173347
51,1011,-0.332008906
51,1012,12.29714607
51,1013,-7.703721226
51,1014,25.47100547
51,1015,12.58554326
51,1016,3.089573463
51,1017,6.1071067
51,1018,0.467662097
51,1019,7.219654287
51,1020,7.325989988
51,1021,2.920370057
51,1022,55.12864703
51,1023,-5.283426663
51,1024,-6.541509806
51,1025,-28.58344709
51,1026,5.379730716
51,1027,-16.53013097
51,1028,23.18414341
51,1029,-0.138312759
51,1030,25.44865418
51,1031,-22.24157419
51,1032,21.48895234
51,1033,23.00359084
51,1034,-12.26593918
51,1035,10.55120189
51,1036,25.90877734
51,1037,2.078200011
51,1038,9.350451037
51,1039,-0.924578897
51,1040,2.290361628
51,1041,0.428895391
51,1042,5.252353883
51,1043,8.763845218
51,1044,6.787672858
51,1045,15.0703456
51,1046,48.14684147
51,1047,40.16355506
51,1048,-19.3487799
51,1049,30.20878039
51,1050,37.62774992
51,1051,-7.974365312
51,1052,-2.152174128
51,1053,1.233148797
51,1054,-6.712682933
51,1055,10.98029616
51,1056,-6.805972789
51,1057,-1.754679315
51,1058,0.135832374
51,1059,-15.14608717
51,1060,-3.959129541
51,1061,7.957654142
51,1062,1.080827752
51,1063,3.837295454
51,1064,-1.899555825
51,1065,1.470032425
51,1066,3.872180106
51,1067,42.94756419
51,1068,-38.45183134
51,1069,40.63461552
51,1070,28.94479591
51,1071,-42.67923549
51,1072,-55.5721683
51,1073,6.526253242
51,1074,11.19572106
51,1075,24.80905701
51,1076,-7.425467768
51,1077,35.68481187
51,1078,1.77746059
51,1079,-11.57791652
51,1080,-7.454227986
51,1081,20.13289331
51,1082,1.989896777
51,1083,-1.483032086
51,1084,-23.2300244
51,1085,-7.364596717
51,1086,4.300196341
51,1087,6.759919396
51,1088,8.645135771
51,1089,2.322709752
51,1090,43.62642979
51,1091,-12.08138999
51,1092,-2.367814302
51,1093,2.703516273
51,1094,-14.98574977
51,1095,21.24806551
51,1096,1.695567666
51,1097,14.5460187
51,1098,22.27540594
51,1099,-5.390708605
51,1100,-2.237524435
51,1101,-15.69815905
51,1102,-9.420695198
51,1103,-4.145928868
51,1104,-6.148341498
51,1105,10.46234465
51,1106,12.38869083
51,1107,11.54476511
51,1108,1.576163464
51,1109,11.1492361
51,1110,5.65091675
51,1111,3.96837546
51,1112,34.2345599
51,1113,-6.942968721
51,1114,-13.63484336
51,1115,-23.02040398
51,1116,28.16671583
51,1117,2.729365976
51,1118,2.55119096
51,1119,18.92609399
51,1120,-9.431790102
51,1121,9.498269068
51,1122,-6.888010704
51,1123,16.26206466
51,1124,16.41170333
51,1125,2.895422489
51,1126,9.879347708
51,1127,4.786229052
51,1128,3.635130767
51,1129,-3.915177144
51,1130,6.821836292
51,1131,14.47616436
51,1132,10.4362038
51,1133,-5.315997917
51,1134,3.281161623
51,1135,15.84005849
51,1136,1.791437924
51,1137,8.553957896
51,1138,2.832312058
51,1139,-2.883132437
51,1140,7.276608246
51,1141,8.463319387
51,1142,6.233641164
51,1143,8.082069969
51,1144,8.440099284
51,1145,6.962994044
51,1146,6.761034049
51,1147,4.0636341
51,1148,3.397614181
51,1149,5.287981499
51,1150,2.895719418
51,1151,5.838105209
51,1152,7.734663465
51,1153,12.99840639
51,1154,7.242079844
51,1155,11.34641213
51,1156,10.72357199
51,1157,7.647198862
51,1158,8.299563386
51,1159,2.477169893
51,1160,5.392374848
51,1161,2.725814849
51,1162,7.266150512
51,1163,3.452056096
51,1164,5.367408357
51,1165,5.905844963
51,1166,5.826342663
51,1167,7.41132785
51,1168,0.117845934
51,1169,7.076336953
51,1170,0.836043711
51,1171,6.828200726
51,1172,18.1233988
51,1173,8.009276745
51,1174,8.724581061
51,1175,5.637156441
51,1176,7.529110335
51,1177,4.967349792
51,1178,8.261880824
52,1001,-79.56874224
52,1002,62.21344298
52,1003,-75.54374212
52,1004,-37.32135654
52,1005,91.40014223
52,1006,10.5618418
52,1007,-21.73739871
52,1008,-20.99848639
52,1009,-28.88882912
52,1010,-25.90256428
52,1011,-10.96855065
52,1012,22.48222267
52,1013,-27.79948558
52,1014,48.55553684
52,1015,-13.86594339
52,1016,-8.349236636
52,1017,-1.778113185
52,1018,1.440186258
52,1019,16.00234936
52,1020,16.14740008
52,1021,-10.471936
52,1022,85.92395404
52,1023,-28.74745254
52,1024,-37.56681951
52,1025,-80.28664422
52,1026,-8.159216812
52,1027,-81.43785168
52,1028,26.00900318
52,1029,-19.88599064
52,1030,34.77972114
52,1031,-45.62422924
52,1032,31.61745578
52,1033,29.91509202
52,1034,-23.45404196
52,1035,10.88895152
52,1036,36.67115623
52,1037,-4.856806915
52,1038,0.864468648
52,1039,-20.29935837
52,1040,-13.7709563
52,1041,-18.23410007
52,1042,-23.72263881
52,1043,-14.14344975
52,1044,0.843140909
52,1045,15.32033681
52,1046,90.21535567
52,1047,72.13926827
52,1048,-87.04867636
52,1049,53.84425074
52,1050,65.41128571
52,1051,-35.83924994
52,1052,-9.92374362
52,1053,-23.83490142
52,1054,-29.4990078
52,1055,11.88717284
52,1056,-16.51868049
52,1057,-17.47997746
52,1058,-26.53461195
52,1059,-13.12403796
52,1060,-70.61743495
52,1061,-2.979539104
52,1062,-1.501535203
52,1063,-17.70717255
52,1064,-14.25253397
52,1065,-26.54430699
52,1066,-1.943825699
52,1067,97.33363506
52,1068,-96.72652849
52,1069,51.47587212
52,1070,48.27885072
52,1071,-98.84581784
52,1072,-86.60677162
52,1073,-0.067882438
52,1074,-7.313603026
52,1075,18.60550448
52,1076,-30.30698203
52,1077,86.09004967
52,1078,-6.449185523
52,1079,-38.06030508
52,1080,-31.84725211
52,1081,19.84573334
52,1082,-4.876302725
52,1083,-12.41794708
52,1084,-56.43612034
52,1085,-28.76401879
52,1086,-7.408606572
52,1087,3.202881528
52,1088,8.741853911
52,1089,-13.5890067
52,1090,79.07011833
52,1091,-38.28446684
52,1092,-90.23379615
52,1093,-29.48222243
52,1094,-52.98090261
52,1095,11.72601492
52,1096,-8.696867398
52,1097,7.95870261
52,1098,18.96440749
52,1099,-34.89219454
52,1100,-7.685328025
52,1101,-33.35822539
52,1102,-27.06125322
52,1103,-21.84560035
52,1104,-30.91678079
52,1105,8.887322451
52,1106,17.37444093
52,1107,8.353820595
52,1108,-21.6209572
52,1109,2.16344834
52,1110,6.021392073
52,1111,-27.58291315
52,1112,75.42416956
52,1113,-30.37232001
52,1114,-69.43248742
52,1115,-82.42569424
52,1116,67.83659623
52,1117,-9.572084522
52,1118,-21.97084543
52,1119,24.78549946
52,1120,-16.76954322
52,1121,7.938338655
52,1122,-25.35968898
52,1123,30.94640929
52,1124,24.62474765
52,1125,-19.99149926
52,1126,-3.117494824
52,1127,-16.35816332
52,1128,-17.91359158
52,1129,-35.45956372
52,1130,-13.22330983
52,1131,-0.019614438
52,1132,-2.632039665
52,1133,-20.67533862
52,1134,-7.239833062
52,1135,30.16726373
52,1136,-1.140286345
52,1137,-1.856444237
52,1138,-18.79298668
52,1139,-18.26731543
52,1140,3.341966865
52,1141,1.84671443
52,1142,0.520283689
52,1143,0.677037329
52,1144,-0.486223675
52,1145,10.78877026
52,1146,7.068481815
52,1147,6.1842657
52,1148,-0.281265542
52,1149,-0.671690762
52,1150,-0.331830199
52,1151,7.889868379
52,1152,5.916172798
52,1153,-1.062446088
52,1154,-2.578140161
52,1155,-0.264524941
52,1156,11.76857468
52,1157,0.055383645
52,1158,2.916602929
52,1159,-2.732089212
52,1160,-2.664430762
52,1161,-0.320446196
52,1162,4.260430146
52,1163,-1.90277064
52,1164,-2.669583437
52,1165,-1.784752454
52,1166,-1.778839313
52,1167,-6.198671565
52,1168,-1.501882979
52,1169,-8.319210767
52,1170,-9.923755356
52,1171,-1.276753001
52,1172,22.8106922
52,1173,1.728210745
52,1174,-0.242677548
52,1175,-6.10259859
52,1176,12.38286079
52,1177,2.989822445
52,1178,-4.555312664
53,1001,-56.12453123
53,1002,24.26406207
53,1003,-53.44870884
53,1004,-37.4326756
53,1005,42.25253789
53,1006,9.376058267
53,1007,-17.48544463
53,1008,-18.31924726
53,1009,-29.28387487
53,1010,-28.46597613
53,1011,-8.357129274
53,1012,24.03642018
53,1013,-17.64943583
53,1014,39.32054666
53,1015,-6.722686793
53,1016,-8.978874556
53,1017,-3.957672229
53,1018,-4.288840928
53,1019,17.43395203
53,1020,17.58111825
53,1021,-14.54436333
53,1022,37.82357007
53,1023,-20.9926183
53,1024,-26.96241408
53,1025,-47.9741634
53,1026,-0.958010595
53,1027,-46.61906219
53,1028,10.86597738
53,1029,-16.41925422
53,1030,28.65482881
53,1031,-41.06624613
53,1032,26.01994833
53,1033,16.63375546
53,1034,-31.52002969
53,1035,11.14935685
53,1036,31.77712374
53,1037,4.173078391
53,1038,-7.285596425
53,1039,-12.69741455
53,1040,-16.76419575
53,1041,-25.5092808
53,1042,-21.77039581
53,1043,-10.9910306
53,1044,-5.163639516
53,1045,6.136366443
53,1046,39.32305673
53,1047,27.16882211
53,1048,-49.50031068
53,1049,24.82149045
53,1050,36.49706811
53,1051,-29.17193026
53,1052,-13.09565995
53,1053,-18.70751134
53,1054,-22.9830691
53,1055,15.2695447
53,1056,-22.63109724
53,1057,-15.12867524
53,1058,-17.78595485
53,1059,-35.66690008
53,1060,-35.01108795
53,1061,-4.936302561
53,1062,-0.033690426
53,1063,-8.135766568
53,1064,-13.64637184
53,1065,-15.41501024
53,1066,-4.382504692
53,1067,4.028847509
53,1068,-54.88994558
53,1069,22.82697603
53,1070,9.794774755
53,1071,-72.7758685
53,1072,-56.18874241
53,1073,-8.818944905
53,1074,-8.363867789
53,1075,0.130837653
53,1076,-23.26640838
53,1077,7.542875588
53,1078,-4.919722814
53,1079,-28.63755596
53,1080,-22.97743317
53,1081,20.94366251
53,1082,0.3103832
53,1083,-11.19246227
53,1084,-38.77000241
53,1085,-18.65243156
53,1086,-4.61768929
53,1087,-2.454935635
53,1088,-3.557716661
53,1089,-14.38459593
53,1090,33.59891236
53,1091,-30.49986277
53,1092,-46.75240808
53,1093,-19.70438087
53,1094,-35.07061272
53,1095,7.924784877
53,1096,-8.432700364
53,1097,-2.367274579
53,1098,0.507048487
53,1099,-33.2484396
53,1100,-10.01718256
53,1101,-18.69188271
53,1102,-25.4092133
53,1103,-16.01016212
53,1104,-16.70304557
53,1105,-1.470161688
53,1106,8.065741916
53,1107,-0.447808202
53,1108,-15.31141091
53,1109,-2.834802724
53,1110,-1.17004593
53,1111,-14.42487301
53,1112,34.42885284
53,1113,-36.51566531
53,1114,-38.88270999
53,1115,-51.53976442
53,1116,22.45574953
53,1117,-10.80715338
53,1118,-16.35939245
53,1119,12.78508157
53,1120,-32.67854642
53,1121,12.67516223
53,1122,-16.49571845
53,1123,18.8805095
53,1124,12.05375255
53,1125,-13.22538022
53,1126,-9.597891637
53,1127,-9.932966322
53,1128,-13.34300463
53,1129,-25.46684494
53,1130,-12.63144788
53,1131,-1.829445708
53,1132,-5.537392938
53,1133,-22.10732008
53,1134,-14.0556584
53,1135,7.374474935
53,1136,-13.99472398
53,1137,-9.581466586
53,1138,-23.32130576
53,1139,-16.99545123
53,1140,0.540286893
53,1141,-1.515115234
53,1142,-0.662136444
53,1143,-2.146191744
53,1144,-0.038522078
53,1145,3.267598752
53,1146,4.042391863
53,1147,-3.267163675
53,1148,-6.32864548
53,1149,-1.502688229
53,1150,-4.858954142
53,1151,-1.472374367
53,1152,2.995904475
53,1153,-4.769915924
53,1154,-5.132710684
53,1155,-5.373740369
53,1156,-0.171683129
53,1157,-10.6664225
53,1158,-3.626230975
53,1159,-9.663012986
53,1160,-4.371866762
53,1161,-6.295128752
53,1162,1.182188915
53,1163,-4.538261621
53,1164,-8.150399177
53,1165,-3.399062649
53,1166,-5.16668173
53,1167,-5.639796681
53,1168,-8.682254857
53,1169,-10.18888489
53,1170,-12.78814657
53,1171,-10.81261551
53,1172,5.972052518
53,1173,-4.676714442
53,1174,-8.939063096
53,1175,-4.738713644
53,1176,-2.302821363
53,1177,-1.790797841
53,1178,-5.197413082
54,1001,-46.64862782
54,1002,3.976868319
54,1003,-44.13762247
54,1004,-28.34318868
54,1005,40.02221819
54,1006,0.262979911
54,1007,-10.91146625
54,1008,-14.88517425
54,1009,-23.0720733
54,1010,-18.73284683
54,1011,-1.934600573
54,1012,13.83143602
54,1013,-14.24946033
54,1014,31.06791292
54,1015,-8.28449269
54,1016,-5.324454313
54,1017,-4.131819396
54,1018,-2.630092379
54,1019,8.740855904
54,1020,8.888022123
54,1021,-10.03609057
54,1022,25.93517583
54,1023,-19.81681414
54,1024,-20.69438657
54,1025,-37.69794068
54,1026,-7.584109659
54,1027,-33.69873099
54,1028,9.113962691
54,1029,-12.82339081
54,1030,20.01967125
54,1031,-35.10273783
54,1032,18.64666747
54,1033,17.27967058
54,1034,-23.63207942
54,1035,6.978323328
54,1036,21.58492489
54,1037,5.81546186
54,1038,-4.321618942
54,1039,-6.211417391
54,1040,-9.523745215
54,1041,-18.67892584
54,1042,-10.52193908
54,1043,-6.710368349
54,1044,-7.852784575
54,1045,7.173930057
54,1046,37.49831505
54,1047,24.85201332
54,1048,-36.3094933
54,1049,16.47567383
54,1050,27.30365869
54,1051,-16.07664449
54,1052,-11.15236117
54,1053,-10.70270322
54,1054,-16.26948988
54,1055,6.772785688
54,1056,-15.65235832
54,1057,-12.78888714
54,1058,-13.84934308
54,1059,-23.44869625
54,1060,-29.527076
54,1061,-2.871626901
54,1062,-5.710873107
54,1063,-6.908213076
54,1064,-10.20762392
54,1065,-8.758110283
54,1066,0.055408324
54,1067,1.017190612
54,1068,-34.24199328
54,1069,20.82157173
54,1070,8.163198164
54,1071,-51.95060506
54,1072,-45.45551768
54,1073,-5.532775996
54,1074,-6.750477464
54,1075,11.80394517
54,1076,-13.23844847
54,1077,7.459103761
54,1078,-0.147562228
54,1079,-21.08393504
54,1080,-11.27434076
54,1081,11.62569492
54,1082,11.89364976
54,1083,-4.479106988
54,1084,-32.29745903
54,1085,-9.183966545
54,1086,-1.37510734
54,1087,-4.874614128
54,1088,0.238357393
54,1089,-12.23401983
54,1090,26.57981833
54,1091,-20.41739983
54,1092,-34.01951052
54,1093,-15.52738731
54,1094,-21.88047336
54,1095,8.203710767
54,1096,-6.461971431
54,1097,1.543036901
54,1098,-1.845937797
54,1099,-25.55538403
54,1100,-10.83029455
54,1101,-15.25306642
54,1102,-19.224255
54,1103,-9.761027782
54,1104,-13.57211971
54,1105,0.652507231
54,1106,2.856437662
54,1107,1.268007359
54,1108,-9.884382187
54,1109,0.842729844
54,1110,-0.04831817
54,1111,-11.27785014
54,1112,41.73355293
54,1113,-20.28607664
54,1114,-23.9789698
54,1115,-38.79224387
54,1116,29.38536698
54,1117,-5.811481945
54,1118,-10.62848826
54,1119,15.51274826
54,1120,-18.83206033
54,1121,17.17988449
54,1122,-9.667032386
54,1123,13.4111769
54,1124,8.643470654
54,1125,-8.599015857
54,1126,-7.525644811
54,1127,-6.137232721
54,1128,-10.80542179
54,1129,-19.64322707
54,1130,-9.326557689
54,1131,-2.731886369
54,1132,-3.122235961
54,1133,-16.56052324
54,1134,-8.994962176
54,1135,9.944984851
54,1136,-15.09580458
54,1137,-12.32524424
54,1138,-16.18831996
54,1139,-12.97818172
54,1140,-0.071617907
54,1141,-2.923807556
54,1142,-1.260054858
54,1143,-4.183926086
54,1144,-2.374679768
54,1145,0.527009572
54,1146,1.295853327
54,1147,-2.214062486
54,1148,-3.178104733
54,1149,-1.219036527
54,1150,-2.736123191
54,1151,-1.201596639
54,1152,-0.61117694
54,1153,-5.310306841
54,1154,-4.74587726
54,1155,-2.787205401
54,1156,0.103797963
54,1157,-4.817302856
54,1158,-5.839502089
54,1159,-3.90932438
54,1160,-5.462733656
54,1161,-2.44928765
54,1162,-0.3940206
54,1163,-0.41599292
54,1164,-3.092556654
54,1165,-3.658031258
54,1166,-0.779134225
54,1167,-3.837501583
54,1168,-5.581467746
54,1169,-5.119411946
54,1170,-10.11182612
54,1171,-4.72111836
54,1172,-0.101050035
54,1173,-1.735156166
54,1174,-2.744519265
54,1175,-4.589572582
54,1176,-2.853431115
54,1177,-3.144789161
54,1178,-2.730153775
55,1001,-48.26990386
55,1002,18.24455195
55,1003,-42.48165893
55,1004,-22.49783039
55,1005,44.82450634
55,1006,-0.665797407
55,1007,-3.196296837
55,1008,-2.427028333
55,1009,-7.084170398
55,1010,-7.988924917
55,1011,-2.974587561
55,1012,6.914867096
55,1013,-9.231349613
55,1014,16.24406922
55,1015,-2.265363676
55,1016,-1.725108425
55,1017,-1.017087893
55,1018,-3.893652899
55,1019,-0.568247664
55,1020,-0.56806185
55,1021,5.084457275
55,1022,32.19973075
55,1023,-10.85186957
55,1024,-14.79300764
55,1025,-42.53046885
55,1026,-7.880421912
55,1027,-25.47292859
55,1028,9.215415959
55,1029,-13.57642616
55,1030,16.28492268
55,1031,-12.53962491
55,1032,8.753343118
55,1033,15.34857362
55,1034,-0.175183025
55,1035,3.541582796
55,1036,14.52181351
55,1037,3.670372448
55,1038,0.714068781
55,1039,-2.004773406
55,1040,-2.204476499
55,1041,-3.609387512
55,1042,8.469176529
55,1043,9.639585534
55,1044,3.226799472
55,1045,7.510380031
55,1046,29.49388599
55,1047,15.37471206
55,1048,-19.52411923
55,1049,-0.172522062
55,1050,11.90818682
55,1051,-9.743995415
55,1052,-18.11518711
55,1053,-5.224715073
55,1054,0.0532271
55,1055,5.26281495
55,1056,-5.861166031
55,1057,-3.878539132
55,1058,2.082149514
55,1059,-6.156217825
55,1060,-2.948587406
55,1061,-1.502546903
55,1062,-5.327108252
55,1063,0.161416399
55,1064,-9.653611643
55,1065,0.009411007
55,1066,-2.161480123
55,1067,60.00776243
55,1068,-66.86243812
55,1069,45.39566049
55,1070,19.12106293
55,1071,-48.73716219
55,1072,-74.34941981
55,1073,2.492100453
55,1074,-0.025638523
55,1075,18.1695344
55,1076,-12.87030196
55,1077,42.38335794
55,1078,-9.553413741
55,1079,-7.691269839
55,1080,-6.164159551
55,1081,16.60560424
55,1082,8.088151773
55,1083,-3.584653717
55,1084,-19.08065582
55,1085,-1.990735449
55,1086,3.018935983
55,1087,-1.549408513
55,1088,0.824246706
55,1089,-1.234853425
55,1090,23.79013217
55,1091,-20.19956623
55,1092,-11.21225703
55,1093,-7.089598691
55,1094,-22.55251709
55,1095,10.27670998
55,1096,-5.941581262
55,1097,5.890752794
55,1098,8.863202958
55,1099,-1.593107934
55,1100,-3.895786001
55,1101,-17.36372066
55,1102,-5.536242348
55,1103,-8.949708831
55,1104,-8.500950984
55,1105,5.358259047
55,1106,5.113290672
55,1107,4.448445404
55,1108,-3.913872213
55,1109,4.559457402
55,1110,-0.139198888
55,1111,-4.029895551
55,1112,8.541415843
55,1113,-10.14142286
55,1114,-5.794969752
55,1115,-4.618754288
55,1116,6.061137782
55,1117,-8.062255315
55,1118,2.792483524
55,1119,3.247261067
55,1120,-0.695445164
55,1121,8.84343203
55,1122,-2.951699323
55,1123,5.843564504
55,1124,-1.623308636
55,1125,-0.032049074
55,1126,3.797878196
55,1127,-1.32951412
55,1128,-4.7763603
55,1129,-8.197503478
55,1130,2.338287719
55,1131,4.492645046
55,1132,2.365138493
55,1133,0.903921468
55,1134,6.968566601
55,1135,20.33429409
55,1136,-5.908036836
55,1137,-6.089270134
55,1138,-1.905698059
55,1139,0.887708518
55,1140,2.86020291
55,1141,6.452693505
55,1142,-0.685569959
55,1143,2.196162357
55,1144,3.614864084
55,1145,2.406207939
55,1146,-0.524630383
55,1147,3.344531823
55,1148,0.557650395
55,1149,2.344215028
55,1150,1.166618524
55,1151,-1.220114619
55,1152,-3.492726495
55,1153,-3.82694106
55,1154,0.659178388
55,1155,7.472686964
55,1156,2.193417089
55,1157,4.182594275
55,1158,5.889547735
55,1159,-0.303822648
55,1160,1.375026918
55,1161,-0.590841073
55,1162,-0.809032985
55,1163,-2.26528613
55,1164,-2.163130487
55,1165,2.56095045
55,1166,-2.52289552
55,1167,-1.821377533
55,1168,-0.809995497
55,1169,2.694806495
55,1170,-1.893097072
55,1171,3.400182872
55,1172,4.78869191
55,1173,2.591564116
55,1174,2.726077444
55,1175,0.78970607
55,1176,-0.372916722
55,1177,-0.976583054
55,1178,-2.025747556
56,1001,-35.6841654
56,1002,21.51613678
56,1003,-31.2548541
56,1004,-9.78634313
56,1005,49.4548071
56,1006,0.926946821
56,1007,3.995124824
56,1008,3.23748957
56,1009,-3.442809152
56,1010,-3.551762579
56,1011,1.272008837
56,1012,5.558626268
56,1013,-6.962012729
56,1014,16.26419919
56,1015,3.159248835
56,1016,1.106540181
56,1017,1.993661179
56,1018,-2.533489458
56,1019,-0.652306009
56,1020,-0.652120195
56,1021,6.102547112
56,1022,30.84041105
56,1023,-4.34719601
56,1024,-6.578575909
56,1025,-30.2367917
56,1026,-6.609973224
56,1027,-17.54556483
56,1028,8.074214212
56,1029,-9.105592853
56,1030,13.98096585
56,1031,-10.08320266
56,1032,7.269917923
56,1033,15.48491617
56,1034,1.422216189
56,1035,2.300108557
56,1036,13.74811578
56,1037,5.4182565
56,1038,1.51100587
56,1039,0.475070781
56,1040,0.873030537
56,1041,0.156062042
56,1042,11.23820787
56,1043,11.74905929
56,1044,5.388039414
56,1045,6.186471254
56,1046,16.19323836
56,1047,10.36303098
56,1048,-6.645230495
56,1049,1.895906491
56,1050,12.40351241
56,1051,-5.143338823
56,1052,-15.81514075
56,1053,-3.204317351
56,1054,2.965979022
56,1055,2.738985813
56,1056,-2.410199187
56,1057,-2.322717333
56,1058,5.316520511
56,1059,-2.84587747
56,1060,-7.806445644
56,1061,0.084991605
56,1062,-6.518959043
56,1063,3.350896014
56,1064,-5.098719209
56,1065,2.203910998
56,1066,-1.353313288
56,1067,22.07719171
56,1068,-43.19846666
56,1069,41.14760736
56,1070,18.85124091
56,1071,-31.20347417
56,1072,-64.3307692
56,1073,2.746294965
56,1074,3.490360721
56,1075,17.56643156
56,1076,-5.706630171
56,1077,18.20719658
56,1078,-4.819978638
56,1079,-3.277918474
56,1080,-1.934223782
56,1081,11.34068488
56,1082,9.082629073
56,1083,0.640699429
56,1084,-13.17747145
56,1085,1.804172204
56,1086,4.594382548
56,1087,-2.516786536
56,1088,-2.326810024
56,1089,-0.09982941
56,1090,22.78185253
56,1091,-14.41130334
56,1092,-7.259038661
56,1093,-3.691526198
56,1094,-16.84863478
56,1095,12.65333547
56,1096,-2.601294971
56,1097,6.307123138
56,1098,8.724578225
56,1099,1.062694728
56,1100,-4.461215908
56,1101,-13.41940447
56,1102,-2.923386249
56,1103,-4.415859436
56,1104,-5.795204827
56,1105,5.433319381
56,1106,4.651417387
56,1107,-0.104635441
56,1108,-1.001161018
56,1109,2.915130216
56,1110,-2.090343048
56,1111,-1.179653385
56,1112,1.570809006
56,1113,7.578030025
56,1114,-5.196734163
56,1115,-3.66400158
56,1116,-0.313123641
56,1117,-13.51267706
56,1118,6.287083439
56,1119,5.741916719
56,1120,3.268470398
56,1121,10.96840335
56,1122,0.662152082
56,1123,3.669533754
56,1124,0.435282928
56,1125,4.072183698
56,1126,6.768359133
56,1127,2.193891508
56,1128,-0.557356685
56,1129,-4.233707971
56,1130,7.550287902
56,1131,7.099194744
56,1132,4.924457615
56,1133,4.183949407
56,1134,8.828612561
56,1135,20.19055114
56,1136,-1.865100791
56,1137,-3.267107862
56,1138,4.066366929
56,1139,3.434561142
56,1140,-1.16784019
56,1141,5.131130184
56,1142,0.94571431
56,1143,3.526266595
56,1144,3.046964206
56,1145,1.465705936
56,1146,-0.087716578
56,1147,0.359553567
56,1148,-2.402754165
56,1149,0.003948803
56,1150,-1.991670215
56,1151,-2.153005724
56,1152,-2.009489981
56,1153,-0.215864185
56,1154,2.153888984
56,1155,8.116153682
56,1156,0.603273766
56,1157,6.392812478
56,1158,4.161042363
56,1159,-0.923131234
56,1160,3.089068804
56,1161,0.001926152
56,1162,0.443451937
56,1163,-1.708628408
56,1164,-0.778922838
56,1165,3.097406117
56,1166,-1.918828573
56,1167,1.94771208
56,1168,-1.423428906
56,1169,3.897169158
56,1170,-0.391848609
56,1171,5.433327516
56,1172,3.583907835
56,1173,2.846065541
56,1174,1.73939079
56,1175,0.296883923
56,1176,-3.439962247
56,1177,-0.958874826
56,1178,0.119727787
57,1001,-72.47254091
57,1002,44.54519419
57,1003,-68.02835343
57,1004,-48.84592889
57,1005,79.90887613
57,1006,7.776032389
57,1007,-6.251605581
57,1008,-15.52442302
57,1009,-12.06874217
57,1010,-11.13558065
57,1011,-9.512103702
57,1012,13.65106502
57,1013,-5.714329196
57,1014,28.76037557
57,1015,-8.73600031
57,1016,-3.041693719
57,1017,-1.966105515
57,1018,-3.654694004
57,1019,0.643744014
57,1020,0.654850109
57,1021,-3.708200924
57,1022,62.18183984
57,1023,-19.84566513
57,1024,-30.07701974
57,1025,-63.59421494
57,1026,-4.071248821
57,1027,-37.8161763
57,1028,10.95923734
57,1029,-23.4170058
57,1030,29.83070147
57,1031,-15.94164278
57,1032,14.6004467
57,1033,30.25429708
57,1034,-4.560363348
57,1035,7.349909904
57,1036,18.74833633
57,1037,5.377057496
57,1038,1.311942596
57,1039,-10.98470387
57,1040,-9.525670473
57,1041,-5.211640519
57,1042,9.76213167
57,1043,7.890605613
57,1044,-4.875104273
57,1045,12.46649619
57,1046,26.68882961
57,1047,27.59392634
57,1048,-45.88822657
57,1049,20.04963013
57,1050,6.114076798
57,1051,-9.943572203
57,1052,-22.20072861
57,1053,-6.748756725
57,1054,-4.70154657
57,1055,12.54364231
57,1056,-6.657025423
57,1057,-8.987658405
57,1058,-7.995671429
57,1059,-4.875462619
57,1060,-25.78736022
57,1061,-5.650019451
57,1062,-9.962842525
57,1063,-11.85717654
57,1064,-18.27639129
57,1065,-14.43540607
57,1066,-4.70645395
57,1067,94.6593933
57,1068,-85.92194335
57,1069,77.84067128
57,1070,82.66307926
57,1071,-92.55606594
57,1072,-95.83428919
57,1073,2.265621176
57,1074,-6.26506183
57,1075,46.64919333
57,1076,-29.06644607
57,1077,89.31689493
57,1078,-16.30646925
57,1079,-12.48777303
57,1080,-11.15732594
57,1081,16.93171854
57,1082,9.920860397
57,1083,-10.95246351
57,1084,-26.24155687
57,1085,-15.52422704
57,1086,2.692337354
57,1087,-9.015370076
57,1088,5.387434383
57,1089,-7.435581783
57,1090,30.40088344
57,1091,-23.96136919
57,1092,-47.86134482
57,1093,-19.49670644
57,1094,-36.85706004
57,1095,19.31365874
57,1096,-11.91247633
57,1097,8.734545185
57,1098,12.18473105
57,1099,-7.192478065
57,1100,-6.776823192
57,1101,-24.90572476
57,1102,-12.68288752
57,1103,-9.794421319
57,1104,-17.95617393
57,1105,9.781590823
57,1106,2.134747363
57,1107,2.018728366
57,1108,-11.73901101
57,1109,3.499523076
57,1110,0.132581289
57,1111,-16.94448392
57,1112,10.55515428
57,1113,-18.63735091
57,1114,-5.427712043
57,1115,-3.77788046
57,1116,14.12076522
57,1117,-3.772886817
57,1118,-5.805967109
57,1119,3.340939315
57,1120,-3.597807324
57,1121,17.62037714
57,1122,-8.353992252
57,1123,9.403049199
57,1124,-0.219090448
57,1125,-6.511396195
57,1126,6.158151671
57,1127,-9.302834842
57,1128,-5.637586908
57,1129,-17.10911428
57,1130,-1.638999574
57,1131,10.1408472
57,1132,3.228662828
57,1133,-2.234618505
57,1134,6.815797293
57,1135,20.31303492
57,1136,-5.081631126
57,1137,-4.270654479
57,1138,-1.680866611
57,1139,-14.323984
57,1140,2.408638756
57,1141,5.798382983
57,1142,-0.087013346
57,1143,1.306916942
57,1144,1.155248348
57,1145,2.524605154
57,1146,1.854472268
57,1147,0.910072924
57,1148,1.369253224
57,1149,1.66110615
57,1150,-0.430604777
57,1151,2.954491218
57,1152,-1.208613601
57,1153,-3.91624145
57,1154,-2.220956884
57,1155,4.187035047
57,1156,1.940675336
57,1157,6.379256826
57,1158,5.680582833
57,1159,5.284026773
57,1160,0.865549062
57,1161,4.91338421
57,1162,-0.443504209
57,1163,-1.420130158
57,1164,0.11809237
57,1165,-0.7882815
57,1166,-0.308877254
57,1167,0.115795807
57,1168,3.090399349
57,1169,-3.843932349
57,1170,-2.05532884
57,1171,4.124270767
57,1172,4.320054852
57,1173,4.375790543
57,1174,1.750225766
57,1175,-3.250317609
57,1176,0.195695987
57,1177,-1.162355266
57,1178,-0.345597543
58,1001,-45.32275363
58,1002,32.50667327
58,1003,-41.89134254
58,1004,-24.09200244
58,1005,53.04046463
58,1006,7.237346474
58,1007,-4.52096024
58,1008,-4.919483988
58,1009,-8.148866664
58,1010,-5.895606159
58,1011,-3.888415158
58,1012,12.28760379
58,1013,-4.157369034
58,1014,23.36325985
58,1015,-2.123688861
58,1016,-2.770290608
58,1017,-0.466690044
58,1018,1.586573548
58,1019,4.986378389
58,1020,5.131429108
58,1021,-1.56883293
58,1022,43.42229034
58,1023,-10.66364866
58,1024,-14.48619022
58,1025,-36.10005271
58,1026,-3.523079305
58,1027,-27.81703023
58,1028,10.07161489
58,1029,-12.55020229
58,1030,25.17764017
58,1031,-9.295792567
58,1032,14.84072615
58,1033,22.80976398
58,1034,-2.279521163
58,1035,6.811542131
58,1036,17.81182468
58,1037,8.033578924
58,1038,0.05117607
58,1039,-1.350355471
58,1040,-4.003143539
58,1041,-3.368309678
58,1042,7.575081339
58,1043,6.894552191
58,1044,-1.37716896
58,1045,9.665916833
58,1046,24.85233286
58,1047,22.232502
58,1048,-20.88100837
58,1049,17.603569
58,1050,28.51310672
58,1051,-6.832585528
58,1052,-17.76559697
58,1053,-6.396248143
58,1054,-1.778979414
58,1055,7.752805541
58,1056,-6.951516153
58,1057,-6.437601888
58,1058,-0.954291688
58,1059,-6.584054499
58,1060,-10.39994041
58,1061,-1.463011669
58,1062,-4.819867047
58,1063,-5.225648798
58,1064,-9.697918474
58,1065,-2.633767563
58,1066,-0.969489679
58,1067,48.54476065
58,1068,-53.4570405
58,1069,49.63098645
58,1070,35.63060522
58,1071,-55.56261652
58,1072,-63.52675506
58,1073,6.380335455
58,1074,-1.330396016
58,1075,24.2540745
58,1076,-11.43499293
58,1077,41.5286773
58,1078,2.351229069
58,1079,-5.109047032
58,1080,-3.191015405
58,1081,13.13709646
58,1082,12.48396738
58,1083,-4.927219208
58,1084,-16.86836035
58,1085,-3.986778366
58,1086,5.634155326
58,1087,-4.032253094
58,1088,0.891773481
58,1089,-2.314736978
58,1090,24.5123786
58,1091,-16.64180404
58,1092,-22.14820645
58,1093,-8.384479653
58,1094,-20.04425378
58,1095,14.17994494
58,1096,-3.092547634
58,1097,9.119225829
58,1098,11.12668723
58,1099,-3.444096717
58,1100,-3.284804742
58,1101,-14.73440835
58,1102,-6.017634089
58,1103,-5.524844407
58,1104,-8.324633957
58,1105,8.332927569
58,1106,3.069084182
58,1107,0.452724961
58,1108,-2.804489043
58,1109,3.820656544
58,1110,-2.315035298
58,1111,-8.216965337
58,1112,10.73454138
58,1113,-3.86848904
58,1114,-0.756935525
58,1115,-3.994603415
58,1116,8.783426819
58,1117,-9.315205563
58,1118,0.901325512
58,1119,4.185460511
58,1120,-1.207212817
58,1121,16.0659935
58,1122,-1.644249259
58,1123,9.02586798
58,1124,1.833607569
58,1125,-0.269145383
58,1126,3.960859594
58,1127,-1.362670041
58,1128,-4.534477836
58,1129,-11.30612206
58,1130,-2.310689309
58,1131,8.110292416
58,1132,4.416868599
58,1133,-1.231338588
58,1134,7.331742315
58,1135,18.20061409
58,1136,-5.59599238
58,1137,-2.847215566
58,1138,0.942313233
58,1139,-3.197035196
58,1140,1.878549872
58,1141,2.283295964
58,1142,-0.386354698
58,1143,1.502646728
58,1144,2.767881583
58,1145,0.889709422
58,1146,1.828662459
58,1147,-0.408600945
58,1148,0.280660625
58,1149,1.858295514
58,1150,1.175236327
58,1151,0.128536468
58,1152,-0.040975311
58,1153,1.409924465
58,1154,-0.864286088
58,1155,2.959459738
58,1156,5.539942202
58,1157,4.31882643
58,1158,0.16543067
58,1159,0.737422707
58,1160,0.465169664
58,1161,-0.136401706
58,1162,2.078302232
58,1163,-3.181524223
58,1164,-1.407640423
58,1165,-0.345980972
58,1166,-0.378840874
58,1167,-1.04444878
58,1168,-0.602171987
58,1169,-1.073547289
58,1170,-4.486954925
58,1171,3.631146402
58,1172,7.403365066
58,1173,0.629404466
58,1174,0.785003539
58,1175,-1.925393036
58,1176,-4.214522492
58,1177,-2.001895175
58,1178,1.030016651
44,1001,-61.26038022
44,1002,42.54805909
44,1003,-58.359946
44,1004,-36.83686635
44,1005,73.46501918
44,1006,9.080142061
44,1007,-6.93623572
44,1008,-10.36269753
44,1009,-8.518509175
44,1010,-7.823110325
44,1011,-5.611539782
44,1012,12.62743941
44,1013,-6.652650929
44,1014,27.5403566
44,1015,-5.825747749
44,1016,-1.331518069
44,1017,0.161184245
44,1018,-1.182311299
44,1019,3.153922267
44,1020,3.165028362
44,1021,-3.438215124
44,1022,54.92425751
44,1023,-14.87689414
44,1024,-24.55900659
44,1025,-49.1223085
44,1026,-4.432578117
44,1027,-36.62621841
44,1028,12.71013315
44,1029,-17.42273823
44,1030,27.80127042
44,1031,-15.34170069
44,1032,16.58473947
44,1033,28.68997697
44,1034,-4.034427059
44,1035,7.399668744
44,1036,18.08160632
44,1037,4.757575293
44,1038,0.708801045
44,1039,-6.813381537
44,1040,-6.962165431
44,1041,-2.29904876
44,1042,6.986402402
44,1043,6.312464248
44,1044,-3.533347227
44,1045,13.17532023
44,1046,30.09823617
44,1047,29.8112702
44,1048,-22.49509638
44,1049,22.95516341
44,1050,23.29439144
44,1051,-8.886949016
44,1052,-20.56237765
44,1053,-6.927158591
44,1054,-1.694392096
44,1055,9.233134638
44,1056,-5.221570885
44,1057,-5.253425072
44,1058,-2.122407487
44,1059,-1.603909616
44,1060,-21.33703284
44,1061,-3.177679209
44,1062,-6.163931526
44,1063,-7.485028251
44,1064,-11.48882134
44,1065,-9.64839578
44,1066,-1.763458962
44,1067,71.50185495
44,1068,-73.85610651
44,1069,63.92265663
44,1070,59.83433051
44,1071,-75.31315703
44,1072,-84.98771859
44,1073,7.072327847
44,1074,-3.990099906
44,1075,38.34139368
44,1076,-19.90704874
44,1077,65.04452142
44,1078,-4.156317825
44,1079,-9.348899427
44,1080,-6.124436155
44,1081,13.81320565
44,1082,9.829101861
44,1083,-7.478936593
44,1084,-23.51887974
44,1085,-10.42096345
44,1086,4.198715531
44,1087,-5.082772601
44,1088,5.234710331
44,1089,-3.61602945
44,1090,30.96716221
44,1091,-19.89178904
44,1092,-39.10419028
44,1093,-14.29595818
44,1094,-30.83652569
44,1095,17.60495068
44,1096,-6.318569945
44,1097,9.581052979
44,1098,11.7430548
44,1099,-4.895609503
44,1100,-5.456839919
44,1101,-21.7466742
44,1102,-9.858729159
44,1103,-7.536166878
44,1104,-15.15553889
44,1105,10.28700139
44,1106,5.086437498
44,1107,3.930134164
44,1108,-6.549410736
44,1109,4.66940593
44,1110,0.282367657
44,1111,-14.62389384
44,1112,13.24338171
44,1113,-6.321956171
44,1114,-5.800207197
44,1115,-4.155881018
44,1116,14.21682832
44,1117,-5.473696278
44,1118,-0.449225001
44,1119,5.278035652
44,1120,-1.773962395
44,1121,17.05940076
44,1122,-6.076450994
44,1123,10.20219973
44,1124,2.412977196
44,1125,0.322066287
44,1126,4.899562107
44,1127,-4.698530373
44,1128,-5.977634967
44,1129,-12.98527987
44,1130,-2.190548419
44,1131,7.938917292
44,1132,4.227241991
44,1133,-2.645235037
44,1134,6.895461809
44,1135,21.67184889
44,1136,-3.394267322
44,1137,-1.810876729
44,1138,1.401715871
44,1139,-9.948095447
44,1140,1.850109226
44,1141,4.532191172
44,1142,-0.444393093
44,1143,2.688167634
44,1144,1.979938842
44,1145,2.227249938
44,1146,1.504639183
44,1147,-0.043607986
44,1148,0.947259091
44,1149,2.492454122
44,1150,0.13073891
44,1151,3.854530265
44,1152,-1.690997631
44,1153,-0.429800608
44,1154,-1.325724799
44,1155,3.446732734
44,1156,3.049671424
44,1157,7.473188302
44,1158,4.1115781
44,1159,4.576530071
44,1160,0.613507991
44,1161,2.672069675
44,1162,0.854954505
44,1163,-1.409223175
44,1164,0.980751744
44,1165,-0.86016219
44,1166,1.355533203
44,1167,1.897403403
44,1168,1.730034056
44,1169,2.1895686
44,1170,-2.548717858
44,1171,5.959820953
44,1172,6.566339309
44,1173,4.101918616
44,1174,2.700398856
44,1175,-1.731785888
44,1176,-0.939740543
44,1177,-0.070988974
44,1178,2.063069614
59,1001,-61.35890491
59,1002,32.31527799
59,1003,-57.13337833
59,1004,-32.99809402
59,1005,60.57001465
59,1006,6.63400087
59,1007,-14.08281821
59,1008,-9.064917279
59,1009,-14.39627464
59,1010,-13.0952384
59,1011,-10.29104685
59,1012,11.06956304
59,1013,-8.664407499
59,1014,28.59584949
59,1015,-10.02347016
59,1016,-8.139147669
59,1017,-5.575753782
59,1018,-5.336910566
59,1019,3.417979961
59,1020,3.56303068
59,1021,-9.367333578
59,1022,42.53995427
59,1023,-18.69313546
59,1024,-22.12702639
59,1025,-55.91184663
59,1026,-4.13214187
59,1027,-45.64177324
59,1028,10.21899952
59,1029,-20.37910591
59,1030,23.76410742
59,1031,-13.67926927
59,1032,14.1902723
59,1033,25.85437336
59,1034,-5.30576717
59,1035,5.738378552
59,1036,19.00342548
59,1037,3.767051042
59,1038,-3.974173289
59,1039,-11.61649872
59,1040,-7.335047162
59,1041,-12.54273735
59,1042,-3.306004224
59,1043,-3.17824572
59,1044,-3.682651873
59,1045,8.025139231
59,1046,30.87164688
59,1047,21.25940573
59,1048,-49.31897436
59,1049,18.58644743
59,1050,25.08521137
59,1051,-16.20829601
59,1052,-18.65956929
59,1053,-14.04194403
59,1054,-4.765019111
59,1055,7.61100682
59,1056,-12.33297742
59,1057,-10.72428295
59,1058,-8.6922091
59,1059,-10.62892409
59,1060,-20.85567004
59,1061,-6.412987431
59,1062,-6.748997302
59,1063,-7.934506007
59,1064,-19.26618776
59,1065,-12.26822643
59,1066,-6.162773183
59,1067,71.07440475
59,1068,-64.09184679
59,1069,59.64447933
59,1070,42.31053263
59,1071,-74.77902163
59,1072,-77.63135541
59,1073,0.110687984
59,1074,-4.529572961
59,1075,11.89756213
59,1076,-18.54191435
59,1077,59.56151841
59,1078,-8.172837073
59,1079,-11.95012315
59,1080,-12.32235427
59,1081,15.10228399
59,1082,5.898754722
59,1083,-9.603827051
59,1084,-21.13062705
59,1085,-12.03416549
59,1086,0.302417875
59,1087,-7.31815334
59,1088,-0.597009354
59,1089,-7.510421328
59,1090,29.45808847
59,1091,-28.374482
59,1092,-46.90926654
59,1093,-17.27683162
59,1094,-32.93716996
59,1095,9.885984687
59,1096,-9.30200802
59,1097,0.988066352
59,1098,8.962308247
59,1099,-10.64402353
59,1100,-7.36891364
59,1101,-22.6223942
59,1102,-13.27329819
59,1103,-19.08826855
59,1104,-17.9455506
59,1105,6.261068212
59,1106,3.318492567
59,1107,0.706012506
59,1108,-11.19181299
59,1109,0.409123972
59,1110,-4.457800601
59,1111,-14.78706676
59,1112,15.93165063
59,1113,-12.0877632
59,1114,-11.81796883
59,1115,-10.65923239
59,1116,11.80904378
59,1117,-9.558228253
59,1118,-8.428204092
59,1119,3.590181223
59,1120,-6.250996512
59,1121,14.6041622
59,1122,-7.653462831
59,1123,10.08596754
59,1124,2.10117516
59,1125,-11.01603366
59,1126,-1.35344121
59,1127,-10.31565404
59,1128,-11.52298131
59,1129,-22.91966536
59,1130,-9.559900561
59,1131,1.745932561
59,1132,0.865282726
59,1133,-6.900324429
59,1134,1.636146889
59,1135,15.04706534
59,1136,-8.492981594
59,1137,-6.197472944
59,1138,-10.43336751
59,1139,-6.741768601
59,1140,-0.385404404
59,1141,0.751444256
59,1142,-1.037914611
59,1143,-1.934940121
59,1144,0.234160244
59,1145,1.98969464
59,1146,0.460451234
59,1147,1.461475386
59,1148,-2.889893477
59,1149,-1.672494619
59,1150,-0.947374839
59,1151,-2.073112382
59,1152,-2.684932884
59,1153,-4.458559911
59,1154,-4.532553742
59,1155,2.633636372
59,1156,-0.514798758
59,1157,-2.378894295
59,1158,-0.436313862
59,1159,-5.323202345
59,1160,-2.599545318
59,1161,-5.300598664
59,1162,0.014389284
59,1163,-6.211104333
59,1164,-4.568519393
59,1165,-3.647763339
59,1166,-5.684268515
59,1167,-5.329160613
59,1168,-3.326890671
59,1169,-6.722422428
59,1170,-6.895628352
59,1171,-3.998850962
59,1172,3.43348487
59,1173,-5.385220846
59,1174,-3.93685083
59,1175,-3.62174403
59,1176,-2.615002856
59,1177,-0.480302547
59,1178,-6.133549694
60,1001,-77.58058373
60,1002,49.45216884
60,1003,-67.68957276
60,1004,-56.54917398
60,1005,90.79863876
60,1006,8.939237898
60,1007,-22.98981209
60,1008,-23.66846535
60,1009,-31.0974711
60,1010,-32.9626529
60,1011,-9.583563415
60,1012,9.646522524
60,1013,-21.6533375
60,1014,27.16442167
60,1015,-4.397645363
60,1016,-13.31261254
60,1017,-0.600229188
60,1018,-3.922242568
60,1019,8.289490571
60,1020,8.529770897
60,1021,-16.32328954
60,1022,53.70807186
60,1023,-25.39475677
60,1024,-33.46556171
60,1025,-61.27964826
60,1026,-15.26268982
60,1027,-58.56976266
60,1028,23.80173378
60,1029,-10.62612422
60,1030,27.97557096
60,1031,-55.40893169
60,1032,22.02195765
60,1033,4.092763912
60,1034,-39.82064021
60,1035,-2.266622795
60,1036,27.75928504
60,1037,-14.25983101
60,1038,0.934166845
60,1039,-14.39921043
60,1040,-21.44331963
60,1041,-13.01877019
60,1042,-22.98130305
60,1043,-17.10184411
60,1044,-7.285319963
60,1045,10.46299616
60,1046,72.3221687
60,1047,47.58267764
60,1048,-67.38649533
60,1049,24.04301069
60,1050,48.39411982
60,1051,-28.63366794
60,1052,-6.152027144
60,1053,-13.91610135
60,1054,-39.66945897
60,1055,-0.122665175
60,1056,-23.78945372
60,1057,-14.14141459
60,1058,-18.07541051
60,1059,-65.30730486
60,1060,-68.92763194
60,1061,-2.668056595
60,1062,-2.502955472
60,1063,-12.83005864
60,1064,-16.22499755
60,1065,-18.68912906
60,1066,-0.137902484
60,1067,36.03871589
60,1068,-71.14497317
60,1069,24.06457733
60,1070,20.90426289
60,1071,-95.18991992
60,1072,-69.31442172
60,1073,-15.24485067
60,1074,-10.64007336
60,1075,19.94542843
60,1076,-28.58324979
60,1077,17.71897497
60,1078,-1.347490876
60,1079,-65.58802131
60,1080,-29.09374274
60,1081,9.478594265
60,1082,-19.18097987
60,1083,-14.16683061
60,1084,-81.94022046
60,1085,-33.51079727
60,1086,-9.636055725
60,1087,-1.732505196
60,1088,9.051741305
60,1089,-22.19933975
60,1090,52.23466481
60,1091,-28.75615781
60,1092,-63.93670784
60,1093,-24.71846282
60,1094,-40.57097221
60,1095,17.76661396
60,1096,-8.226133165
60,1097,7.391435689
60,1098,8.556448857
60,1099,-35.69359458
60,1100,-8.399199059
60,1101,-37.46736282
60,1102,-35.48680922
60,1103,-20.05655967
60,1104,-31.18417817
60,1105,0.274788287
60,1106,15.03451748
60,1107,9.162060913
60,1108,-16.13991445
60,1109,5.73240915
60,1110,7.600439426
60,1111,-17.92370278
60,1112,60.00090989
60,1113,-47.35485856
60,1114,-58.42065886
60,1115,-74.01043194
60,1116,53.82165505
60,1117,-2.410914735
60,1118,-19.72514491
60,1119,27.70834934
60,1120,-45.55923993
60,1121,-13.66334121
60,1122,-40.55468706
60,1123,23.46960376
60,1124,22.21243218
60,1125,-13.47499418
60,1126,-2.259205273
60,1127,-8.691407895
60,1128,-11.44119877
60,1129,-19.87466758
60,1130,-13.66078068
60,1131,-0.842842504
60,1132,-9.562919468
60,1133,-32.71498663
60,1134,-13.6195276
60,1135,37.11284486
60,1136,-9.322975065
60,1137,-19.42145873
60,1138,-18.75904823
60,1139,-17.86031408
60,1140,-8.958245109
60,1141,-4.377611667
60,1142,-1.391399064
60,1143,-2.336188516
60,1144,-9.775157905
60,1145,5.012768199
60,1146,4.421071403
60,1147,-2.430600716
60,1148,-4.271209258
60,1149,-12.31349843
60,1150,-6.314285341
60,1151,-1.755349729
60,1152,3.914997009
60,1153,3.297394694
60,1154,-4.378416095
60,1155,-14.08419188
60,1156,8.289032884
60,1157,-14.99580059
60,1158,-3.800107498
60,1159,-0.818041373
60,1160,-5.367037766
60,1161,-2.54356667
60,1162,-3.279962346
60,1163,-1.918681056
60,1164,-7.053854877
60,1165,-11.22278213
60,1166,0.525005554
60,1167,-7.744372361
60,1168,-8.954476508
60,1169,-3.964339864
60,1170,-13.58709573
60,1171,-14.80549489
60,1172,21.19961953
60,1173,-1.298695699
60,1174,-0.286505109
60,1175,-9.199276723
60,1176,8.427480018
60,1177,-1.14702899
60,1178,-10.68136119
61,1001,-54.5830265
61,1002,52.31080909
61,1003,-50.87044451
61,1004,-28.27397354
61,1005,71.81580339
61,1006,13.11832127
61,1007,-13.99452029
61,1008,-14.46456137
61,1009,-27.39645022
61,1010,-25.0157808
61,1011,-7.42537259
61,1012,13.05223713
61,1013,-12.78361903
61,1014,56.35127674
61,1015,1.447332864
61,1016,-3.894084233
61,1017,1.859062247
61,1018,-0.956745689
61,1019,12.89483435
61,1020,13.18686548
61,1021,-13.27545896
61,1022,63.61429122
61,1023,-11.59818397
61,1024,-12.15511306
61,1025,-50.00133996
61,1026,-2.691743641
61,1027,-47.18863514
61,1028,23.77266468
61,1029,-5.548975328
61,1030,26.63080405
61,1031,-46.4833054
61,1032,27.3472366
61,1033,27.0536256
61,1034,-37.8224626
61,1035,7.362575983
61,1036,33.07389506
61,1037,-3.228672561
61,1038,0.719915141
61,1039,-13.29969923
61,1040,-12.22990313
61,1041,-24.71905098
61,1042,-16.96863403
61,1043,-11.70835716
61,1044,-4.359353541
61,1045,13.10725762
61,1046,64.50703364
61,1047,49.69404785
61,1048,-60.0793125
61,1049,42.57699229
61,1050,59.66978571
61,1051,-22.2723966
61,1052,-5.483563663
61,1053,-8.880295987
61,1054,-26.7035967
61,1055,5.195050506
61,1056,-20.02471525
61,1057,-11.26625988
61,1058,-17.264431
61,1059,-33.86092471
61,1060,-48.52363358
61,1061,0.617202213
61,1062,-2.068675413
61,1063,-8.127517194
61,1064,-11.48984507
61,1065,-14.63085607
61,1066,-0.195768753
61,1067,35.34244473
61,1068,-52.13804597
61,1069,42.41795499
61,1070,26.76840796
61,1071,-69.04864313
61,1072,-63.34498163
61,1073,-4.056035185
61,1074,-1.200334234
61,1075,16.11643376
61,1076,-22.60766746
61,1077,26.17209856
61,1078,0.467184672
61,1079,-39.65872789
61,1080,-24.15295992
61,1081,2.265549994
61,1082,-11.0122287
61,1083,-9.509799076
61,1084,-53.59502931
61,1085,-23.85502586
61,1086,-6.983766577
61,1087,-1.286375345
61,1088,7.633453219
61,1089,-11.30058555
61,1090,50.96884847
61,1091,-22.9969426
61,1092,-45.44725756
61,1093,-17.08698068
61,1094,-31.88335394
61,1095,18.49454599
61,1096,-3.612331708
61,1097,7.387717367
61,1098,12.14351863
61,1099,-36.23887286
61,1100,-7.771528696
61,1101,-32.00347267
61,1102,-26.1546089
61,1103,-10.3631329
61,1104,-25.98592425
61,1105,2.773166388
61,1106,15.38754589
61,1107,6.766793921
61,1108,-13.34457463
61,1109,6.563462117
61,1110,6.724928958
61,1111,-10.46891746
61,1112,54.68760749
61,1113,-25.68358402
61,1114,-43.82601409
61,1115,-61.52412913
61,1116,46.08362184
61,1117,-6.411463273
61,1118,-15.68826348
61,1119,26.11336825
61,1120,-27.89695334
61,1121,16.30247469
61,1122,-27.19497665
61,1123,22.75690901
61,1124,24.04500468
61,1125,-12.60740593
61,1126,-1.901288319
61,1127,-9.634282387
61,1128,-5.317301725
61,1129,-19.97935429
61,1130,-11.70783215
61,1131,3.834105391
61,1132,-1.265117255
61,1133,-29.4883111
61,1134,-16.10216292
61,1135,18.00471712
61,1136,-10.22066473
61,1137,-4.4820313
61,1138,-21.50437691
61,1139,-13.03713113
61,1140,0.332315595
61,1141,2.103857658
61,1142,3.057525603
61,1143,2.439682434
61,1144,-0.294744228
61,1145,6.540543154
61,1146,9.41647754
61,1147,1.247666664
61,1148,-0.83388644
61,1149,-0.689290877
61,1150,-1.284279807
61,1151,3.835517547
61,1152,9.272150421
61,1153,8.074780821
61,1154,0.42312368
61,1155,-2.124596841
61,1156,9.28895745
61,1157,-2.479935376
61,1158,-1.615023932
61,1159,-1.602734505
61,1160,-1.007540576
61,1161,-0.763074403
61,1162,3.763451909
61,1163,-0.678676629
61,1164,-3.358922194
61,1165,-3.20575654
61,1166,1.651456346
61,1167,-1.201093565
61,1168,-3.528554636
61,1169,-4.153745093
61,1170,-9.072735809
61,1171,-3.024419186
61,1172,21.23714326
61,1173,-0.577485237
61,1174,3.384292333
61,1175,-5.407636011
61,1176,4.99690897
61,1177,-0.146393378
61,1178,-2.709277348
62,1001,-58.78713682
62,1002,47.40334824
62,1003,-53.53081353
62,1004,-36.55756685
62,1005,69.85655726
62,1006,9.814896389
62,1007,-18.1076288
62,1008,-24.46819083
62,1009,-39.07683365
62,1010,-35.32198163
62,1011,-9.340000062
62,1012,9.940187613
62,1013,-19.40600497
62,1014,51.92556478
62,1015,-0.236121745
62,1016,-6.856721966
62,1017,-2.266651436
62,1018,-5.404030413
62,1019,11.51806096
62,1020,11.81009209
62,1021,-20.43396972
62,1022,56.94907107
62,1023,-21.31334813
62,1024,-25.27676191
62,1025,-55.68582865
62,1026,-5.248203471
62,1027,-48.66860263
62,1028,20.55875829
62,1029,-9.606515128
62,1030,23.3187345
62,1031,-58.56885035
62,1032,24.8939441
62,1033,22.0348908
62,1034,-48.02117839
62,1035,4.441837045
62,1036,28.23789678
62,1037,-14.06461415
62,1038,-0.610674641
62,1039,-16.59806389
62,1040,-20.02295647
62,1041,-26.78360774
62,1042,-26.47490855
62,1043,-20.64957874
62,1044,-7.864674803
62,1045,12.37960044
62,1046,63.89763645
62,1047,46.54106368
62,1048,-65.59670536
62,1049,36.18302041
62,1050,53.05694474
62,1051,-28.08907508
62,1052,-5.339245729
62,1053,-11.97333601
62,1054,-39.53786222
62,1055,3.922812228
62,1056,-29.34660519
62,1057,-14.29641255
62,1058,-24.06289107
62,1059,-50.61154096
62,1060,-59.29179372
62,1061,-0.151812964
62,1062,-4.904552742
62,1063,-11.56570125
62,1064,-15.7461351
62,1065,-17.97142617
62,1066,-0.279360577
62,1067,28.71670124
62,1068,-58.49493478
62,1069,31.86116316
62,1070,21.19984276
62,1071,-79.84030697
62,1072,-63.0656149
62,1073,-11.7528247
62,1074,-7.102369024
62,1075,11.63910243
62,1076,-29.57000566
62,1077,17.83239419
62,1078,-2.469867114
62,1079,-58.78470115
62,1080,-37.07163824
62,1081,0.909573321
62,1082,-21.56333998
62,1083,-14.67152115
62,1084,-69.90105334
62,1085,-33.28808219
62,1086,-14.10608667
62,1087,-2.907359258
62,1088,5.884095213
62,1089,-23.05804901
62,1090,50.760593
62,1091,-28.57829517
62,1092,-52.21920063
62,1093,-21.34233318
62,1094,-36.96618883
62,1095,13.51514031
62,1096,-6.918432167
62,1097,0.258107301
62,1098,9.613893667
62,1099,-46.22510737
62,1100,-6.178481404
62,1101,-37.8109552
62,1102,-35.34421384
62,1103,-17.94656711
62,1104,-32.15327198
62,1105,-1.446380304
62,1106,13.37448765
62,1107,7.482860114
62,1108,-16.88511609
62,1109,5.81601653
62,1110,6.072442691
62,1111,-16.31121702
62,1112,56.14781501
62,1113,-39.03900815
62,1114,-57.1529425
62,1115,-76.84570669
62,1116,45.0487216
62,1117,-5.257080788
62,1118,-19.61195402
62,1119,25.48959595
62,1120,-51.56248375
62,1121,4.843048922
62,1122,-40.85847842
62,1123,20.95573828
62,1124,21.61137369
62,1125,-17.79557192
62,1126,-6.138073186
62,1127,-11.08500248
62,1128,-10.79901951
62,1129,-24.75106498
62,1130,-16.32437922
62,1131,-5.4430407
62,1132,-12.27544202
62,1133,-42.11950779
62,1134,-27.72426957
62,1135,9.683370649
62,1136,-12.15859825
62,1137,-8.761850011
62,1138,-28.6679481
62,1139,-19.69389481
62,1140,-5.738614123
62,1141,-3.731481931
62,1142,-1.081555225
62,1143,-2.76644342
62,1144,-8.308667294
62,1145,4.840191926
62,1146,6.708931073
62,1147,-2.820990742
62,1148,-5.155242706
62,1149,-7.997667498
62,1150,-5.964920863
62,1151,0.574024367
62,1152,5.617920483
62,1153,4.023540654
62,1154,-5.029028588
62,1155,-11.87589237
62,1156,7.371769153
62,1157,-9.152884221
62,1158,-8.240080615
62,1159,-6.254699726
62,1160,-6.368263829
62,1161,-5.142729208
62,1162,-1.855852455
62,1163,-3.754769471
62,1164,-7.792258603
62,1165,-11.4219752
62,1166,-2.325864357
62,1167,-6.691847306
62,1168,-8.310190055
62,1169,-7.53700394
62,1170,-13.91589528
62,1171,-9.40688702
62,1172,18.519654
62,1173,-4.426879183
62,1174,-0.867798877
62,1175,-9.205687528
62,1176,5.713848668
62,1177,-3.896081232
62,1178,-8.358317165
63,1001,-53.11283463
63,1002,36.79271145
63,1003,-51.13502828
63,1004,-37.12999507
63,1005,52.41543413
63,1006,11.25797371
63,1007,-14.11879348
63,1008,-29.22650638
63,1009,-49.36113328
63,1010,-36.95824593
63,1011,-10.81796509
63,1012,21.81672804
63,1013,-18.92750441
63,1014,57.04473868
63,1015,3.075494047
63,1016,-4.858120833
63,1017,-8.764350241
63,1018,-7.127908653
63,1019,14.55300535
63,1020,14.84503647
63,1021,-22.20870623
63,1022,47.84906434
63,1023,-26.30481391
63,1024,-24.7895432
63,1025,-40.37478916
63,1026,-2.725544251
63,1027,-37.83716056
63,1028,19.41851202
63,1029,-3.704560042
63,1030,30.69490497
63,1031,-59.88779263
63,1032,41.53310374
63,1033,37.14562762
63,1034,-53.02363873
63,1035,5.040042142
63,1036,44.8695538
63,1037,-1.509542904
63,1038,6.960717757
63,1039,-11.47828367
63,1040,-18.39473625
63,1041,-31.63067708
63,1042,-21.59694402
63,1043,-14.30082595
63,1044,-16.9003299
63,1045,15.16359963
63,1046,52.14566855
63,1047,42.31627951
63,1048,-42.30754697
63,1049,38.54601297
63,1050,53.4706134
63,1051,-22.13314706
63,1052,-5.363323589
63,1053,-6.045178188
63,1054,-35.74681269
63,1055,14.47189345
63,1056,-35.23460606
63,1057,-17.05745294
63,1058,-21.19092228
63,1059,-39.45995127
63,1060,-33.88105876
63,1061,0.047159113
63,1062,-6.31596268
63,1063,-14.00244479
63,1064,-17.74529198
63,1065,-9.308943949
63,1066,2.294740547
63,1067,16.44418186
63,1068,-9.064609222
63,1069,36.64371589
63,1070,17.86883164
63,1071,-51.7234055
63,1072,-52.15204691
63,1073,-3.713001627
63,1074,-0.027645836
63,1075,29.62691956
63,1076,-12.84983482
63,1077,23.01053876
63,1078,0.30310205
63,1079,-49.60514625
63,1080,-26.32340176
63,1081,62.40772766
63,1082,-11.86050797
63,1083,-14.05040429
63,1084,-59.39718976
63,1085,-24.93805137
63,1086,-3.253008055
63,1087,3.309774839
63,1088,10.64204672
63,1089,-23.26598887
63,1090,37.96201459
63,1091,-24.61396945
63,1092,-33.31595203
63,1093,-16.31530949
63,1094,-26.4210725
63,1095,18.34337153
63,1096,-8.088427369
63,1097,4.748350006
63,1098,10.23436178
63,1099,-57.38990784
63,1100,-10.58404617
63,1101,-35.40265101
63,1102,-31.80652001
63,1103,-11.25879335
63,1104,-24.10943558
63,1105,5.79112481
63,1106,11.69672964
63,1107,12.67767333
63,1108,-14.88580161
63,1109,10.86903188
63,1110,4.744512245
63,1111,-8.450329729
63,1112,50.07540828
63,1113,-18.10850679
63,1114,-28.80883747
63,1115,-55.72859602
63,1116,38.61301795
63,1117,6.473146582
63,1118,-16.939864
63,1119,24.78047708
63,1120,-53.06524519
63,1121,26.84636336
63,1122,-27.61410589
63,1123,29.45414116
63,1124,22.87573913
63,1125,-8.505099298
63,1126,-3.233501035
63,1127,-10.72476117
63,1128,-11.66653778
63,1129,-26.77866362
63,1130,-15.55816957
63,1131,1.510701687
63,1132,-9.690418762
63,1133,-45.48900228
63,1134,-30.58139069
63,1135,-6.055690666
63,1136,-25.76714079
63,1137,-2.982455598
63,1138,-29.16275755
63,1139,-28.43635211
63,1140,-1.617247426
63,1141,-4.978759783
63,1142,4.259373018
63,1143,-3.530656433
63,1144,-7.527387984
63,1145,8.486559885
63,1146,11.02813463
63,1147,-4.520955978
63,1148,-5.731483468
63,1149,-2.335635842
63,1150,-4.420462884
63,1151,3.957211355
63,1152,13.93349017
63,1153,3.169082308
63,1154,-6.327733099
63,1155,-11.85143547
63,1156,5.006750008
63,1157,-5.70047026
63,1158,-3.865960446
63,1159,-0.82543858
63,1160,-5.783391481
63,1161,-1.949422189
63,1162,0.920506482
63,1163,1.496911531
63,1164,0.106280222
63,1165,-5.328215952
63,1166,2.872413181
63,1167,1.97024712
63,1168,-7.511875413
63,1169,-2.624675594
63,1170,-17.99647877
63,1171,-5.674798537
63,1172,13.82584937
63,1173,-3.837964116
63,1174,2.948836046
63,1175,-9.238779105
63,1176,-0.137122494
63,1177,-6.499363928
63,1178,-5.647268367
64,1001,-41.91966108
64,1002,41.16069327
64,1003,-39.91797809
64,1004,-24.14230819
64,1005,60.85593379
64,1006,15.19687643
64,1007,-9.81164759
64,1008,-22.4510705
64,1009,-36.2520235
64,1010,-23.20327313
64,1011,-5.196829382
64,1012,18.23641339
64,1013,-8.47763929
64,1014,62.46219544
64,1015,9.700198389
64,1016,1.336745412
64,1017,1.034326727
64,1018,2.710020342
64,1019,16.77064634
64,1020,17.06267747
64,1021,-23.96552585
64,1022,47.45264438
64,1023,-18.68324293
64,1024,-16.80631841
64,1025,-20.79007418
64,1026,4.058414686
64,1027,-24.22747369
64,1028,23.99112619
64,1029,0.450406731
64,1030,27.39461564
64,1031,-48.68655913
64,1032,37.64865186
64,1033,40.87639998
64,1034,-40.49848468
64,1035,11.69042365
64,1036,41.43714124
64,1037,3.995099959
64,1038,5.843967745
64,1039,-3.996554049
64,1040,-10.04767121
64,1041,-24.37333677
64,1042,-12.34543086
64,1043,-12.35700903
64,1044,-10.76653687
64,1045,14.90354422
64,1046,53.61840166
64,1047,46.48438072
64,1048,-31.07899776
64,1049,47.79127527
64,1050,63.70310121
64,1051,-15.87040338
64,1052,-0.553546773
64,1053,0.075297036
64,1054,-22.96038061
64,1055,14.50338132
64,1056,-21.67321102
64,1057,-8.47171084
64,1058,-11.96287674
64,1059,-23.95170099
64,1060,-26.40679071
64,1061,6.116960218
64,1062,-2.924978578
64,1063,-8.003083597
64,1064,-11.17426287
64,1065,-3.304990228
64,1066,6.194719358
64,1067,16.75242876
64,1068,-5.201882424
64,1069,40.67152847
64,1070,18.9493796
64,1071,-31.95998902
64,1072,-46.43297939
64,1073,1.203357509
64,1074,4.543902181
64,1075,26.29172065
64,1076,-9.307338333
64,1077,17.2348062
64,1078,3.022442623
64,1079,-24.33802978
64,1080,-13.58699812
64,1081,20.44885894
64,1082,-8.556749643
64,1083,-8.117399881
64,1084,-41.88537623
64,1085,-14.12734477
64,1086,3.820624242
64,1087,2.619691476
64,1088,12.2292242
64,1089,-11.70056683
64,1090,43.20652713
64,1091,-11.97760338
64,1092,-18.21879227
64,1093,-6.380653165
64,1094,-13.99757542
64,1095,22.18585207
64,1096,0.383128
64,1097,8.037871885
64,1098,16.82986361
64,1099,-26.66314843
64,1100,-5.586272159
64,1101,-29.70737336
64,1102,-18.86502933
64,1103,-3.660448153
64,1104,-25.91557445
64,1105,12.27952729
64,1106,18.09638065
64,1107,12.27812971
64,1108,-9.377626426
64,1109,13.66961441
64,1110,7.778506737
64,1111,-2.413290028
64,1112,49.09632805
64,1113,-8.102406101
64,1114,-20.33112271
64,1115,-44.56590121
64,1116,37.70804143
64,1117,3.164493787
64,1118,-13.80148409
64,1119,28.54534412
64,1120,-22.24630095
64,1121,31.9620464
64,1122,-18.56987246
64,1123,24.83272633
64,1124,24.64539331
64,1125,0.749694205
64,1126,-2.348240782
64,1127,-3.893074351
64,1128,-1.891872315
64,1129,-18.76517568
64,1130,-9.75741403
64,1131,5.996308536
64,1132,3.772266235
64,1133,-28.86682131
64,1134,-18.23536862
64,1135,0.401164848
64,1136,-14.43994387
64,1137,5.022790379
64,1138,-19.35866435
64,1139,-19.98540394
64,1140,3.664261738
64,1141,0.450929126
64,1142,3.837617728
64,1143,2.493119844
64,1144,1.015545411
64,1145,7.662458499
64,1146,11.58090046
64,1147,1.081877349
64,1148,0.538580432
64,1149,5.531663599
64,1150,1.084958368
64,1151,7.921856391
64,1152,13.07548624
64,1153,11.24603922
64,1154,1.522256097
64,1155,-1.479342432
64,1156,11.35302033
64,1157,3.314835077
64,1158,-1.632149498
64,1159,4.477740948
64,1160,0.133885892
64,1161,2.290038184
64,1162,3.831352094
64,1163,3.024182917
64,1164,4.160056016
64,1165,-3.756857657
64,1166,3.402160375
64,1167,3.982047566
64,1168,-1.3147862
64,1169,2.766857917
64,1170,-6.83144871
64,1171,3.284201917
64,1172,20.880288
64,1173,1.47114309
64,1174,9.901989138
64,1175,-2.601453347
64,1176,2.727057578
64,1177,-2.45192703
64,1178,2.867526107
65,1001,-49.52088753
65,1002,36.8920969
65,1003,-47.06250219
65,1004,-33.19179036
65,1005,71.74306482
65,1006,10.15408837
65,1007,-16.00641369
65,1008,-26.63125579
65,1009,-37.31519324
65,1010,-33.69233966
65,1011,-6.26809724
65,1012,17.14252114
65,1013,-16.21252298
65,1014,87.16124227
65,1015,4.341441227
65,1016,-0.018333703
65,1017,-0.216132254
65,1018,-0.91772947
65,1019,19.44321948
65,1020,19.5882702
65,1021,-20.5071019
65,1022,65.92726132
65,1023,-21.83256424
65,1024,-21.98205643
65,1025,-43.8563429
65,1026,-3.905815785
65,1027,-43.37820193
65,1028,21.12014916
65,1029,-0.600710716
65,1030,22.9845983
65,1031,-72.16571623
65,1032,35.73440004
65,1033,37.43486544
65,1034,-64.9114599
65,1035,9.097901538
65,1036,44.2138288
65,1037,-4.660492462
65,1038,-3.740380777
65,1039,-13.47617928
65,1040,-19.04828727
65,1041,-47.12926234
65,1042,-26.22855737
65,1043,-20.04419656
65,1044,-13.8727011
65,1045,15.68309815
65,1046,67.54848648
65,1047,53.81213996
65,1048,-52.22593009
65,1049,56.54871178
65,1050,68.88333894
65,1051,-27.73823957
65,1052,-2.893173894
65,1053,-6.037040343
65,1054,-39.76175554
65,1055,6.359006194
65,1056,-29.11167356
65,1057,-15.78520113
65,1058,-28.12461397
65,1059,-40.1903412
65,1060,-51.90512325
65,1061,1.984516341
65,1062,-3.46340985
65,1063,-13.19093141
65,1064,-11.35206245
65,1065,-13.05132025
65,1066,3.394578577
65,1067,0.869571121
65,1068,-26.31793332
65,1069,31.65397783
65,1070,9.49094207
65,1071,-54.97899401
65,1072,-57.04750082
65,1073,-7.988111635
65,1074,-2.811546319
65,1075,20.19198677
65,1076,-27.9171517
65,1077,0.706729003
65,1078,-3.422985311
65,1079,-49.50348987
65,1080,-24.5874342
65,1081,-16.72418346
65,1082,-20.47435205
65,1083,-11.71472282
65,1084,-61.3673814
65,1085,-27.37336343
65,1086,-10.44131539
65,1087,2.651464134
65,1088,10.11497829
65,1089,-17.65671958
65,1090,51.92384595
65,1091,-26.98936614
65,1092,-37.26264706
65,1093,-18.86427061
65,1094,-28.86688224
65,1095,16.07431832
65,1096,-4.780677579
65,1097,1.089948357
65,1098,9.700509698
65,1099,-66.08359343
65,1100,-11.17324576
65,1101,-40.43347778
65,1102,-35.44057468
65,1103,-8.351256618
65,1104,-31.78565355
65,1105,-2.449873342
65,1106,20.30597672
65,1107,5.311640225
65,1108,-19.38828355
65,1109,7.872347774
65,1110,7.583898484
65,1111,-10.16793783
65,1112,65.77122602
65,1113,-34.21808107
65,1114,-52.83224146
65,1115,-89.50554589
65,1116,48.24337214
65,1117,-1.955037566
65,1118,-21.2617988
65,1119,32.9741698
65,1120,-35.02157452
65,1121,31.83409579
65,1122,-35.19943862
65,1123,29.6501852
65,1124,30.17655308
65,1125,-11.28504775
65,1126,-8.784059455
65,1127,-12.38744168
65,1128,-11.49401741
65,1129,-29.57889664
65,1130,-21.05186588
65,1131,-4.13795921
65,1132,-7.979039974
65,1133,-47.80050436
65,1134,-35.50947121
65,1135,1.498169315
65,1136,-19.46203118
65,1137,-1.378310929
65,1138,-37.46280725
65,1139,-25.71428839
65,1140,0.188039295
65,1141,-1.180694558
65,1142,-0.14163481
65,1143,-1.692659078
65,1144,-4.834958874
65,1145,5.989457642
65,1146,10.76106716
65,1147,0.007745296
65,1148,0.030229355
65,1149,-0.274574151
65,1150,-0.597324446
65,1151,6.852549024
65,1152,9.245766451
65,1153,8.401164196
65,1154,-4.056590378
65,1155,-8.595988649
65,1156,10.31782654
65,1157,-6.773437197
65,1158,-9.528071104
65,1159,-1.213103211
65,1160,-6.140873876
65,1161,0.236297939
65,1162,1.719229082
65,1163,-0.500326973
65,1164,-3.643044507
65,1165,-9.416457287
65,1166,0.983918702
65,1167,-4.584100158
65,1168,-4.065040478
65,1169,-2.644391217
65,1170,-11.80551081
65,1171,-6.26117756
65,1172,21.14868816
65,1173,-1.942677546
65,1174,5.297855701
65,1175,-7.987146977
65,1176,3.578369638
65,1177,-5.19127802
65,1178,-0.34383448
66,1001,-59.90577452
66,1002,45.48344127
66,1003,-52.73301224
66,1004,-35.34107892
66,1005,73.33514055
66,1006,13.34219722
66,1007,-15.72862394
66,1008,-19.85346883
66,1009,-28.85210583
66,1010,-24.68332691
66,1011,-5.676915778
66,1012,15.81545792
66,1013,-15.80646571
66,1014,25.87483342
66,1015,0.000642737
66,1016,-7.341035392
66,1017,-0.311755114
66,1018,-0.881860491
66,1019,9.528333807
66,1020,9.820364932
66,1021,-10.06388043
66,1022,59.20924289
66,1023,-21.38298725
66,1024,-26.35877326
66,1025,-47.12140604
66,1026,-2.341919609
66,1027,-43.9165319
66,1028,22.36235626
66,1029,-9.562206983
66,1030,32.30285789
66,1031,-41.60970126
66,1032,25.30122453
66,1033,17.35659825
66,1034,-25.65585189
66,1035,7.772130458
66,1036,29.4884875
66,1037,-0.446489415
66,1038,3.043553499
66,1039,-8.752750618
66,1040,-12.9056364
66,1041,-10.16765726
66,1042,-12.90314998
66,1043,-7.599562251
66,1044,-3.341736483
66,1045,9.81672882
66,1046,63.67717178
66,1047,48.40439337
66,1048,-48.90881521
66,1049,32.28225097
66,1050,45.92766228
66,1051,-21.51728546
66,1052,-5.273780298
66,1053,-13.68793042
66,1054,-27.17439198
66,1055,9.855021234
66,1056,-18.63576389
66,1057,-13.24987384
66,1058,-16.13605651
66,1059,-35.72548876
66,1060,-43.27398425
66,1061,-0.095588563
66,1062,-3.307411299
66,1063,-10.95408516
66,1064,-12.79604112
66,1065,-12.73279442
66,1066,1.604242055
66,1067,40.92483988
66,1068,-56.32791622
66,1069,30.70695176
66,1070,24.01937798
66,1071,-71.97517026
66,1072,-59.68743202
66,1073,-5.040969107
66,1074,-1.883247523
66,1075,24.39495363
66,1076,-18.95641716
66,1077,31.04925073
66,1078,-3.620209954
66,1079,-34.606544
66,1080,-20.13797912
66,1081,19.23017687
66,1082,-6.350810098
66,1083,-9.562382502
66,1084,-52.43992654
66,1085,-21.69353887
66,1086,-4.556864508
66,1087,1.737693168
66,1088,7.569608149
66,1089,-14.14568936
66,1090,50.37876376
66,1091,-18.09476875
66,1092,-43.04565814
66,1093,-13.24557565
66,1094,-30.06987823
66,1095,18.7312597
66,1096,-3.455941106
66,1097,11.119393
66,1098,16.36340859
66,1099,-24.90093771
66,1100,-9.179782074
66,1101,-26.94786799
66,1102,-24.07205726
66,1103,-11.549455
66,1104,-21.58284423
66,1105,7.361928806
66,1106,15.2365851
66,1107,8.747321435
66,1108,-11.06462188
66,1109,5.508965142
66,1110,4.253733786
66,1111,-13.07483406
66,1112,51.90648273
66,1113,-26.15107429
66,1114,-41.95422257
66,1115,-54.64824393
66,1116,43.29929071
66,1117,1.682118752
66,1118,-14.70063141
66,1119,22.62166956
66,1120,-23.16001643
66,1121,3.090381343
66,1122,-23.77508529
66,1123,21.24599255
66,1124,19.0119997
66,1125,-7.088678876
66,1126,-0.079585151
66,1127,-5.277493071
66,1128,-4.341746253
66,1129,-17.99909703
66,1130,-4.637430733
66,1131,6.482940035
66,1132,-0.284596754
66,1133,-17.24022142
66,1134,-6.438166158
66,1135,25.88132696
66,1136,-6.756114068
66,1137,-3.453800532
66,1138,-10.3752544
66,1139,-14.92753501
66,1140,-2.55859902
66,1141,-0.451526059
66,1142,-1.535446091
66,1143,0.301914388
66,1144,-3.902005321
66,1145,4.463674621
66,1146,4.402805018
66,1147,-0.171044228
66,1148,-2.240859907
66,1149,-6.321228062
66,1150,-3.189296013
66,1151,0.875013516
66,1152,5.165934063
66,1153,5.649471751
66,1154,-0.492002935
66,1155,-4.833592557
66,1156,7.450180006
66,1157,-3.499177157
66,1158,-0.122533513
66,1159,-0.033974678
66,1160,-1.85122443
66,1161,0.086108505
66,1162,-0.392028222
66,1163,0.075526693
66,1164,-1.222224931
66,1165,-5.793841219
66,1166,0.141294462
66,1167,-1.18799132
66,1168,-4.906230297
66,1169,-1.972162582
66,1170,-7.963294463
66,1171,-3.520499441
66,1172,16.55614968
66,1173,2.09026962
66,1174,2.363074903
66,1175,-5.402283224
66,1176,8.786765632
66,1177,-0.589205265
66,1178,-2.423496873
67,1001,-69.41546633
67,1002,35.86188918
67,1003,-64.46384159
67,1004,-54.31584117
67,1005,50.01376558
67,1006,4.064920834
67,1007,-30.89129663
67,1008,-37.06291357
67,1009,-62.166382
67,1010,-56.17159869
67,1011,-24.35592384
67,1012,0.224383914
67,1013,-31.21430219
67,1014,36.64441814
67,1015,-6.077993977
67,1016,-15.92232679
67,1017,-15.11706185
67,1018,-20.4925805
67,1019,0.294165092
67,1020,0.712857537
67,1021,-28.48017653
67,1022,44.35256854
67,1023,-30.71936292
67,1024,-36.22938777
67,1025,-67.73104304
67,1026,-8.340719716
67,1027,-59.10528253
67,1028,13.34188205
67,1029,-15.81709682
67,1030,13.13762079
67,1031,-73.05041469
67,1032,14.90907283
67,1033,9.929783981
67,1034,-67.42268429
67,1035,-4.339403109
67,1036,17.73763163
67,1037,-26.76741791
67,1038,-5.101560276
67,1039,-30.2640812
67,1040,-32.35840677
67,1041,-37.94340523
67,1042,-39.00201373
67,1043,-26.95101222
67,1044,-22.14921136
67,1045,1.561792241
67,1046,51.05112158
67,1047,35.67537045
67,1048,-73.15234395
67,1049,27.61265713
67,1050,43.51477845
67,1051,-41.71093958
67,1052,-13.64435162
67,1053,-22.35057201
67,1054,-51.46495122
67,1055,-5.990115756
67,1056,-52.19183258
67,1057,-30.47896673
67,1058,-35.68476856
67,1059,-73.39497757
67,1060,-57.22295187
67,1061,-8.670967433
67,1062,-9.590043309
67,1063,-20.76142384
67,1064,-28.22079489
67,1065,-26.72723416
67,1066,-9.666980761
67,1067,14.75135083
67,1068,-65.96710197
67,1069,16.42245877
67,1070,8.634464072
67,1071,-94.36065617
67,1072,-67.15998112
67,1073,-18.75659362
67,1074,-15.081043
67,1075,1.974875303
67,1076,-38.54767942
67,1077,6.96413502
67,1078,-11.37584055
67,1079,-83.40558421
67,1080,-60.96383091
67,1081,1.86525712
67,1082,-35.98293491
67,1083,-30.1712401
67,1084,-78.62558787
67,1085,-47.80846989
67,1086,-28.45836128
67,1087,-9.923227185
67,1088,-2.507457491
67,1089,-34.5794357
67,1090,34.82709243
67,1091,-42.53648032
67,1092,-57.18948498
67,1093,-28.44702674
67,1094,-48.5251022
67,1095,3.177480724
67,1096,-18.35279303
67,1097,-11.61331267
67,1098,2.069021129
67,1099,-64.30253486
67,1100,-24.67822411
67,1101,-44.70718739
67,1102,-55.29801134
67,1103,-28.63523981
67,1104,-36.76883238
67,1105,-13.99450435
67,1106,0.118409937
67,1107,3.306158348
67,1108,-24.72376604
67,1109,-2.946446517
67,1110,-7.00750387
67,1111,-22.68841663
67,1112,41.82530741
67,1113,-52.73176463
67,1114,-61.88680221
67,1115,-83.99982343
67,1116,28.87822163
67,1117,-8.41958439
67,1118,-28.55825341
67,1119,18.68701199
67,1120,-93.79014466
67,1121,-9.625567017
67,1122,-52.72040422
67,1123,9.849310529
67,1124,17.05944227
67,1125,-28.64513402
67,1126,-16.28159761
67,1127,-20.74410855
67,1128,-23.10319163
67,1129,-35.42765153
67,1130,-28.51877808
67,1131,-13.39315256
67,1132,-23.8880974
67,1133,-60.52064269
67,1134,-47.65531875
67,1135,-23.77927103
67,1136,-24.65254225
67,1137,-16.20053934
67,1138,-40.91988212
67,1139,-36.12889409
67,1140,-11.21747067
67,1141,-11.28036903
67,1142,-5.169737586
67,1143,-10.96774252
67,1144,-15.64291953
67,1145,0.059670888
67,1146,2.338006404
67,1147,-12.21766745
67,1148,-13.05456495
67,1149,-13.88724673
67,1150,-11.98913014
67,1151,-3.627434067
67,1152,2.223360345
67,1153,-5.863873768
67,1154,-13.63447389
67,1155,-22.31684344
67,1156,-2.307737966
67,1157,-23.35276082
67,1158,-15.62163943
67,1159,-15.85390429
67,1160,-14.85757821
67,1161,-14.80856229
67,1162,-6.712407922
67,1163,-9.90105262
67,1164,-18.0871942
67,1165,-19.11364929
67,1166,-8.59078114
67,1167,-13.01076655
67,1168,-18.34882233
67,1169,-11.5486706
67,1170,-26.71338362
67,1171,-23.36910767
67,1172,10.95242915
67,1173,-14.07389837
67,1174,-10.01535853
67,1175,-14.96973703
67,1176,-3.303286267
67,1177,-9.540357387
67,1178,-18.81228912
68,1001,-51.56661939
68,1002,40.87383756
68,1003,-48.5792301
68,1004,-34.42719998
68,1005,53.93749647
68,1006,11.73185343
68,1007,-16.67845975
68,1008,-24.16826964
68,1009,-41.80133495
68,1010,-30.43022946
68,1011,-9.789191031
68,1012,11.32738084
68,1013,-15.84044571
68,1014,39.49327861
68,1015,1.151760833
68,1016,-6.916532328
68,1017,-4.069764788
68,1018,-5.66806557
68,1019,7.26094771
68,1020,7.41903421
68,1021,-21.30485507
68,1022,47.92173935
68,1023,-20.23223873
68,1024,-25.29871231
68,1025,-40.17151127
68,1026,2.768741454
68,1027,-37.67230096
68,1028,16.43140758
68,1029,-8.061150802
68,1030,24.2473727
68,1031,-46.67730981
68,1032,24.88520916
68,1033,26.58686806
68,1034,-38.01727466
68,1035,7.803813545
68,1036,26.93979124
68,1037,-6.739477621
68,1038,1.366151026
68,1039,-11.88836753
68,1040,-17.1536495
68,1041,-19.17767041
68,1042,-17.70002984
68,1043,-13.88969642
68,1044,-11.641715
68,1045,5.591751046
68,1046,47.81451047
68,1047,38.73017635
68,1048,-45.42289331
68,1049,32.77860991
68,1050,44.6191857
68,1051,-26.10748579
68,1052,-6.702723876
68,1053,-10.91070581
68,1054,-26.49384018
68,1055,7.836844091
68,1056,-27.78655289
68,1057,-16.90567438
68,1058,-17.47696652
68,1059,-35.65628959
68,1060,-33.97109374
68,1061,-0.044362652
68,1062,-5.150209428
68,1063,-11.81909049
68,1064,-17.11417108
68,1065,-10.98801074
68,1066,0.467190828
68,1067,24.21106451
68,1068,-34.33659418
68,1069,34.06228849
68,1070,18.43119444
68,1071,-53.92071634
68,1072,-57.15229705
68,1073,-4.909095108
68,1074,-2.325146067
68,1075,17.42859573
68,1076,-18.66702477
68,1077,20.95798858
68,1078,-4.629751636
68,1079,-40.58845789
68,1080,-28.2278349
68,1081,20.05878474
68,1082,-10.60598155
68,1083,-14.60066905
68,1084,-48.07894225
68,1085,-24.53241624
68,1086,-7.303714381
68,1087,-0.290123373
68,1088,2.781317796
68,1089,-20.4959919
68,1090,37.75816371
68,1091,-22.02045553
68,1092,-32.05866876
68,1093,-12.95972958
68,1094,-27.89310024
68,1095,12.43813539
68,1096,-6.952519502
68,1097,2.499056896
68,1098,11.96708859
68,1099,-29.34240034
68,1100,-11.77127992
68,1101,-28.96464409
68,1102,-27.02445798
68,1103,-13.34607766
68,1104,-24.99225508
68,1105,4.576074718
68,1106,11.07512853
68,1107,10.26830542
68,1108,-12.77946463
68,1109,6.419481183
68,1110,1.257413257
68,1111,-8.177338786
68,1112,39.48786054
68,1113,-22.35365902
68,1114,-31.52338059
68,1115,-48.55179247
68,1116,29.35189437
68,1117,-3.838438633
68,1118,-17.73946996
68,1119,21.39079891
68,1120,-47.06066867
68,1121,11.08943743
68,1122,-24.13633628
68,1123,15.75413985
68,1124,17.02236976
68,1125,-8.707034187
68,1126,-6.407941862
68,1127,-8.126707377
68,1128,-8.940387105
68,1129,-22.90745143
68,1130,-11.88220497
68,1131,1.902124258
68,1132,-2.546486919
68,1133,-29.24388676
68,1134,-19.17102853
68,1135,-1.42001613
68,1136,-14.35092658
68,1137,-1.304612004
68,1138,-19.89105195
68,1139,-21.86228505
68,1140,-1.438818718
68,1141,-2.906272163
68,1142,0.700290229
68,1143,0.465916216
68,1144,-3.34399367
68,1145,4.318395265
68,1146,6.108012998
68,1147,-3.389556978
68,1148,-4.126485027
68,1149,-1.643398818
68,1150,-2.842232061
68,1151,1.534902712
68,1152,6.517651201
68,1153,6.313814481
68,1154,-1.599705287
68,1155,-7.661247137
68,1156,5.099923001
68,1157,-1.967050528
68,1158,-2.265651098
68,1159,-2.430126101
68,1160,-2.772235076
68,1161,-4.348550698
68,1162,-0.231405587
68,1163,-1.826733811
68,1164,-3.189311214
68,1165,-8.584133484
68,1166,-1.8458325
68,1167,0.315967121
68,1168,-7.625788113
68,1169,-2.893779332
68,1170,-11.86742689
68,1171,-2.190135983
68,1172,15.17413193
68,1173,-2.698570655
68,1174,1.133459025
68,1175,-6.25655833
68,1176,1.001082681
68,1177,-2.875766115
68,1178,-3.661919833
69,1001,-54.75990533
69,1002,48.81009748
69,1003,-48.86380544
69,1004,-32.5471024
69,1005,64.7655878
69,1006,14.11324231
69,1007,-15.13920764
69,1008,-22.75058148
69,1009,-40.19587882
69,1010,-29.19977406
69,1011,-10.9219115
69,1012,13.73091847
69,1013,-16.12459048
69,1014,50.1057537
69,1015,6.100857774
69,1016,-7.30948801
69,1017,-2.901280784
69,1018,-3.918746365
69,1019,9.646563733
69,1020,10.06525618
69,1021,-22.31335411
69,1022,51.44670752
69,1023,-21.74617342
69,1024,-23.69216948
69,1025,-39.73196954
69,1026,-0.343100248
69,1027,-35.1788383
69,1028,21.54223532
69,1029,-7.28804144
69,1030,27.28502979
69,1031,-51.40792849
69,1032,29.24325076
69,1033,34.63024562
69,1034,-38.71854345
69,1035,4.575400467
69,1036,32.89108331
69,1037,-5.31393973
69,1038,3.960301757
69,1039,-9.336280997
69,1040,-15.76935589
69,1041,-18.73188301
69,1042,-15.75460579
69,1043,-12.73605657
69,1044,-8.522821113
69,1045,11.38168063
69,1046,52.62201314
69,1047,41.96945184
69,1048,-41.59465519
69,1049,34.6725879
69,1050,50.32253594
69,1051,-22.16831141
69,1052,-5.371766128
69,1053,-5.293272916
69,1054,-26.83056351
69,1055,9.389218241
69,1056,-27.70170501
69,1057,-13.86962884
69,1058,-16.16485144
69,1059,-38.41070397
69,1060,-36.70123107
69,1061,2.041140251
69,1062,-7.8415139
69,1063,-11.50741396
69,1064,-17.76751384
69,1065,-9.630145953
69,1066,2.105059222
69,1067,36.64292002
69,1068,-31.34942837
69,1069,49.78769418
69,1070,31.00689329
69,1071,-51.70374072
69,1072,-60.41427726
69,1073,-4.019086782
69,1074,0.392679934
69,1075,22.56933368
69,1076,-17.14718444
69,1077,29.4144239
69,1078,-3.571893359
69,1079,-38.89291239
69,1080,-24.26368333
69,1081,21.18118022
69,1082,-11.4473379
69,1083,-13.42218485
69,1084,-52.17639328
69,1085,-22.55168487
69,1086,-2.916912848
69,1087,0.674807284
69,1088,9.239009367
69,1089,-17.56967086
69,1090,41.15494848
69,1091,-20.07120787
69,1092,-33.37235638
69,1093,-11.96987748
69,1094,-27.69848405
69,1095,19.5139149
69,1096,-4.803065594
69,1097,7.449492598
69,1098,14.22857484
69,1099,-29.15017371
69,1100,-8.536517955
69,1101,-32.55889708
69,1102,-25.18691148
69,1103,-11.66547304
69,1104,-27.64389743
69,1105,5.752537905
69,1106,14.13878627
69,1107,10.80223082
69,1108,-12.23552141
69,1109,10.78311766
69,1110,5.497867072
69,1111,-8.376670265
69,1112,43.44680305
69,1113,-19.16878996
69,1114,-32.19954918
69,1115,-49.05630112
69,1116,36.22931188
69,1117,-3.308727283
69,1118,-16.84147301
69,1119,20.05657335
69,1120,-36.63551857
69,1121,19.93567636
69,1122,-24.65172694
69,1123,20.25793426
69,1124,20.05858886
69,1125,-4.158963776
69,1126,-3.012203827
69,1127,-10.13880039
69,1128,-0.095697973
69,1129,-17.45172102
69,1130,-9.819841662
69,1131,7.844282184
69,1132,-1.293670103
69,1133,-29.77638108
69,1134,-17.19132718
69,1135,7.424086966
69,1136,-13.91312724
69,1137,-2.949450289
69,1138,-17.93074165
69,1139,-20.61646323
69,1140,-0.948211916
69,1141,-2.411142833
69,1142,0.669864052
69,1143,2.175345681
69,1144,0.380899287
69,1145,5.685055274
69,1146,9.535677619
69,1147,-0.059759648
69,1148,-3.950823138
69,1149,-0.913882017
69,1150,-4.507759104
69,1151,2.239504865
69,1152,8.852333058
69,1153,8.652714159
69,1154,0.424002908
69,1155,-3.373303409
69,1156,7.43391026
69,1157,-1.925414716
69,1158,-0.869832506
69,1159,-1.744529909
69,1160,0.394320387
69,1161,-2.465482041
69,1162,1.564911054
69,1163,-1.903497691
69,1164,-1.398593975
69,1165,-3.630071732
69,1166,-1.454245197
69,1167,-1.439185652
69,1168,-6.199606462
69,1169,-1.671922257
69,1170,-11.54312323
69,1171,-2.03635271
69,1172,17.34190513
69,1173,-1.181356328
69,1174,3.741250999
69,1175,-7.277551668
69,1176,0.06831637
69,1177,-4.430142593
69,1178,-2.786749167
70,1001,-42.28593518
70,1002,38.73758294
70,1003,-40.75235214
70,1004,-29.46063487
70,1005,61.89871522
70,1006,16.8460235
70,1007,-10.69995091
70,1008,-16.06187859
70,1009,-42.31915169
70,1010,-38.13601838
70,1011,0.022298272
70,1012,30.35548471
70,1013,-18.19854626
70,1014,62.46753848
70,1015,8.347098976
70,1016,-6.726398036
70,1017,3.997778358
70,1018,-1.590052549
70,1019,25.04091805
70,1020,25.33294918
70,1021,-9.510641549
70,1022,52.20238417
70,1023,-16.43949818
70,1024,-17.09603241
70,1025,-39.80647168
70,1026,2.975841731
70,1027,-36.71873633
70,1028,23.05476188
70,1029,-6.679486169
70,1030,30.32491153
70,1031,-54.16148064
70,1032,40.49328359
70,1033,26.11222612
70,1034,-41.79487683
70,1035,16.39768011
70,1036,59.77130045
70,1037,8.439373151
70,1038,0.055739461
70,1039,-3.461713069
70,1040,-10.40895739
70,1041,-16.25607658
70,1042,-13.80202475
70,1043,-5.941701473
70,1044,-1.701885143
70,1045,15.79180143
70,1046,51.89993096
70,1047,38.38368423
70,1048,-34.39956842
70,1049,33.9837205
70,1050,47.88751686
70,1051,-22.19148086
70,1052,-4.778995933
70,1053,-9.327222566
70,1054,-29.20562344
70,1055,18.881361
70,1056,-24.27076597
70,1057,-13.34160359
70,1058,-13.71940079
70,1059,-75.46931595
70,1060,-33.1777047
70,1061,6.331929224
70,1062,-4.469146932
70,1063,-1.013219488
70,1064,-10.91760519
70,1065,-4.608299285
70,1066,5.578684476
70,1067,14.34599569
70,1068,-48.49935213
70,1069,28.07661989
70,1070,7.685001118
70,1071,-60.35951401
70,1072,-57.88473996
70,1073,-5.744651766
70,1074,0.856539833
70,1075,11.05508329
70,1076,-20.25076708
70,1077,4.135887381
70,1078,-0.156009466
70,1079,-33.85243395
70,1080,-20.36519734
70,1081,51.73316279
70,1082,-3.971707254
70,1083,-3.403012246
70,1084,-45.0745289
70,1085,-16.28430852
70,1086,4.840551021
70,1087,7.622720412
70,1088,1.238259855
70,1089,-15.11497314
70,1090,45.11633227
70,1091,-26.00836769
70,1092,-26.27236823
70,1093,-10.58801972
70,1094,-24.63849997
70,1095,16.46335638
70,1096,-5.416834206
70,1097,5.883494856
70,1098,14.33661901
70,1099,-30.87975058
70,1100,-5.41166347
70,1101,-24.1328972
70,1102,-27.47848337
70,1103,-14.0641187
70,1104,-13.65751631
70,1105,5.796127076
70,1106,17.01264096
70,1107,7.592050167
70,1108,-10.5994982
70,1109,8.198936348
70,1110,4.897730166
70,1111,-4.569477559
70,1112,40.30391866
70,1113,-30.06582221
70,1114,-36.75446619
70,1115,-52.38315351
70,1116,32.47758552
70,1117,-0.570113371
70,1118,-11.03561225
70,1119,21.69882161
70,1120,-39.87575519
70,1121,20.43522317
70,1122,-17.63975223
70,1123,27.49624309
70,1124,18.67088224
70,1125,-4.700785724
70,1126,4.512003336
70,1127,0.120269824
70,1128,-3.716268263
70,1129,-18.24678977
70,1130,-8.863650338
70,1131,5.23977828
70,1132,-3.602950929
70,1133,-28.98132996
70,1134,-17.53818245
70,1135,8.426244082
70,1136,-5.735550913
70,1137,2.722438892
70,1138,-17.23117281
70,1139,-12.80342174
70,1140,-0.28178858
70,1141,0.987842161
70,1142,6.362772881
70,1143,3.797758237
70,1144,-1.101410777
70,1145,6.114800784
70,1146,9.840781958
70,1147,-0.625564692
70,1148,-7.194565584
70,1149,-6.276668138
70,1150,-6.73931537
70,1151,-1.606479447
70,1152,11.59150606
70,1153,8.342139645
70,1154,0.646406256
70,1155,-8.395748611
70,1156,6.372296956
70,1157,-9.582813633
70,1158,1.675852966
70,1159,-5.448441894
70,1160,-1.096826255
70,1161,-5.5297103
70,1162,5.223036824
70,1163,-0.927442235
70,1164,-6.308793354
70,1165,-1.968173921
70,1166,-1.37163951
70,1167,-1.646543341
70,1168,-13.13326855
70,1169,0.765933184
70,1170,-14.36298275
70,1171,-10.57753581
70,1172,18.41956109
70,1173,0.767255919
70,1174,-1.588695674
70,1175,-6.284604339
70,1176,5.497668189
70,1177,-2.663536705
70,1178,-2.938546402
71,1001,-47.9394117
71,1002,26.81493246
71,1003,-42.79700551
71,1004,-30.78941192
71,1005,56.1231578
71,1006,13.44999385
71,1007,-11.32616215
71,1008,-11.97614577
71,1009,-19.09525854
71,1010,-16.63313547
71,1011,-5.155771553
71,1012,11.0996927
71,1013,-7.753233458
71,1014,-1.807132324
71,1015,-3.241907179
71,1016,-7.543306033
71,1017,-0.702049162
71,1018,-2.725761517
71,1019,2.647378266
71,1020,2.805464767
71,1021,-7.873795187
71,1022,40.41518556
71,1023,-13.97653561
71,1024,-20.03103962
71,1025,-35.58147755
71,1026,1.569753056
71,1027,-32.26109921
71,1028,13.15052678
71,1029,-10.68829615
71,1030,40.02414209
71,1031,-25.98881959
71,1032,17.40173264
71,1033,8.180872824
71,1034,-17.75599645
71,1035,7.832044033
71,1036,13.87690182
71,1037,3.48667047
71,1038,1.764919596
71,1039,-6.686570419
71,1040,-10.49709963
71,1041,-11.936005
71,1042,-7.788400447
71,1043,-4.583571111
71,1044,-3.994621093
71,1045,7.832532782
71,1046,40.71915016
71,1047,28.47202069
71,1048,-36.62581961
71,1049,20.4490637
71,1050,31.93851709
71,1051,-15.21676656
71,1052,-10.03025325
71,1053,-10.71994133
71,1054,-15.44013288
71,1055,8.127560458
71,1056,-12.98644518
71,1057,-9.622329126
71,1058,-10.71215644
71,1059,-23.63151412
71,1060,-29.4987255
71,1061,-0.522916884
71,1062,-4.356688329
71,1063,-7.884170855
71,1064,-11.28239984
71,1065,-10.57271055
71,1066,-0.696544394
71,1067,13.81281285
71,1068,-42.85200987
71,1069,23.00244408
71,1070,11.97502201
71,1071,-60.44856413
71,1072,-49.51652538
71,1073,-1.82869719
71,1074,-1.984442224
71,1075,23.51271313
71,1076,-15.13597608
71,1077,12.97501649
71,1078,-2.379358237
71,1079,-8.250324123
71,1080,-5.741993008
71,1081,10.94085224
71,1082,5.052637152
71,1083,-6.028217748
71,1084,-30.32547766
71,1085,-14.80148493
71,1086,-4.043397942
71,1087,-3.596717544
71,1088,0.8774674
71,1089,-9.064594624
71,1090,34.10472679
71,1091,-15.33894272
71,1092,-30.85882408
71,1093,-13.74685468
71,1094,-22.25485425
71,1095,16.61298513
71,1096,-4.335324557
71,1097,10.25490892
71,1098,8.258625607
71,1099,-17.31762488
71,1100,-8.179489359
71,1101,-19.34698072
71,1102,-15.26192429
71,1103,-6.997551956
71,1104,-14.81318062
71,1105,9.257293438
71,1106,4.701821638
71,1107,3.596394571
71,1108,-8.969373156
71,1109,2.853543886
71,1110,1.479472353
71,1111,-11.91627545
71,1112,36.24923122
71,1113,-23.19546874
71,1114,-27.13609523
71,1115,-40.13118438
71,1116,27.47692272
71,1117,-0.971787685
71,1118,-9.899797692
71,1119,16.70483093
71,1120,-10.53902566
71,1121,3.770790141
71,1122,-14.45053693
71,1123,16.30036928
71,1124,12.33920475
71,1125,-8.188455121
71,1126,-1.865376933
71,1127,-5.822333105
71,1128,-5.073525615
71,1129,-14.54724951
71,1130,-3.610335796
71,1131,6.791223727
71,1132,4.281468221
71,1133,-10.84464167
71,1134,1.838980513
71,1135,21.59980283
71,1136,-11.36697661
71,1137,-6.491411823
71,1138,-9.217429794
71,1139,-8.652993576
71,1140,-2.699449229
71,1141,-0.215550248
71,1142,1.006964096
71,1143,-1.193648753
71,1144,-0.590714453
71,1145,3.568675323
71,1146,2.086558264
71,1147,-0.627254369
71,1148,-0.721101858
71,1149,-2.93290763
71,1150,-1.233211058
71,1151,0.872070456
71,1152,1.305240941
71,1153,0.034548719
71,1154,-2.180179845
71,1155,-2.165457221
71,1156,1.32032245
71,1157,-3.266260182
71,1158,-1.164634062
71,1159,0.857571433
71,1160,-2.303158876
71,1161,0.887709107
71,1162,1.10742545
71,1163,0.588234376
71,1164,0.51681526
71,1165,-2.07742491
71,1166,2.865722684
71,1167,0.727155937
71,1168,-2.513599854
71,1169,-3.538431779
71,1170,-5.956553864
71,1171,-3.504179339
71,1172,2.2604606
71,1173,1.114933401
71,1174,1.830454994
71,1175,-4.7201175
71,1176,1.31876707
71,1177,-0.302983316
71,1178,-0.027439255
72,1001,-33.79764751
72,1002,36.13769772
72,1003,-28.71912142
72,1004,-17.56660883
72,1005,61.85557042
72,1006,9.569412974
72,1007,-6.643546307
72,1008,-16.28411158
72,1009,-53.88683993
72,1010,-33.24240113
72,1011,-4.49110164
72,1012,7.930302677
72,1013,-16.93587738
72,1014,51.60451566
72,1015,14.35820908
72,1016,0.129514832
72,1017,1.27332501
72,1018,-4.141793597
72,1019,5.282153664
72,1020,5.574184788
72,1021,-10.73016822
72,1022,53.25919542
72,1023,-16.95791401
72,1024,-10.46813162
72,1025,-29.9243553
72,1026,-0.513892045
72,1027,-16.53048984
72,1028,18.2419912
72,1029,2.377494924
72,1030,19.46426582
72,1031,-70.59586442
72,1032,29.14391968
72,1033,26.74986725
72,1034,-54.67371306
72,1035,4.968685844
72,1036,32.69590542
72,1037,-9.406906875
72,1038,3.464814314
72,1039,-8.75622229
72,1040,-10.77967469
72,1041,-20.30872774
72,1042,-7.815036611
72,1043,-7.511534428
72,1044,-5.969241949
72,1045,12.70972764
72,1046,51.20692008
72,1047,41.89136738
72,1048,-31.61952332
72,1049,36.30849275
72,1050,50.46055925
72,1051,-22.04793901
72,1052,-3.352123177
72,1053,-0.718227517
72,1054,-26.1428097
72,1055,2.612874372
72,1056,-31.58872756
72,1057,-12.5615803
72,1058,-16.3370499
72,1059,-43.81464643
72,1060,-20.66073484
72,1061,5.058478349
72,1062,-3.804048961
72,1063,-3.221162345
72,1064,-11.30220879
72,1065,-3.91497225
72,1066,3.495874328
72,1067,8.964602591
72,1068,-15.66660703
72,1069,29.93942556
72,1070,2.932100526
72,1071,-10.66874954
72,1072,-45.55578245
72,1073,-2.478337632
72,1074,3.588341114
72,1075,15.86077933
72,1076,-10.01303091
72,1077,1.96619077
72,1078,1.357864154
72,1079,-44.52259084
72,1080,-28.14095686
72,1081,9.631917868
72,1082,-17.36281463
72,1083,-7.508492913
72,1084,-49.83872157
72,1085,-20.49037054
72,1086,-6.586947877
72,1087,5.223106417
72,1088,7.431946799
72,1089,-15.73576029
72,1090,42.33112392
72,1091,-15.77865995
72,1092,-4.461198426
72,1093,-6.685161967
72,1094,-17.39902683
72,1095,16.82699169
72,1096,-0.96285118
72,1097,6.327849162
72,1098,13.77803587
72,1099,-30.89192831
72,1100,-14.23588263
72,1101,-35.28995333
72,1102,-32.86773458
72,1103,-6.472777148
72,1104,-25.50461519
72,1105,2.321386272
72,1106,13.55526695
72,1107,8.977690566
72,1108,-8.926138
72,1109,7.615457295
72,1110,4.075439647
72,1111,2.891627415
72,1112,40.80686548
72,1113,-19.69903976
72,1114,-31.0599347
72,1115,-59.56517793
72,1116,29.71950383
72,1117,-4.075028399
72,1118,-8.581043532
72,1119,21.78170079
72,1120,-49.0437742
72,1121,16.0776594
72,1122,-25.66227199
72,1123,18.33078093
72,1124,19.30585447
72,1125,-0.126038934
72,1126,2.37410128
72,1127,-3.660456509
72,1128,-0.649170832
72,1129,-14.12329167
72,1130,-7.167956016
72,1131,5.454719196
72,1132,-3.411540804
72,1133,-38.02807469
72,1134,-24.63535799
72,1135,-2.519206668
72,1136,-10.62539688
72,1137,1.379098722
72,1138,-19.02927938
72,1139,-18.53107798
72,1140,0.877779244
72,1141,0.563074013
72,1142,-1.209312821
72,1143,1.678162766
72,1144,0.011960515
72,1145,3.978997499
72,1146,6.716936961
72,1147,-2.630696552
72,1148,-2.791180332
72,1149,1.681467328
72,1150,-3.564014298
72,1151,2.337763164
72,1152,8.058957767
72,1153,9.088649771
72,1154,-0.384821838
72,1155,-1.645966308
72,1156,11.6571004
72,1157,-1.483791866
72,1158,-3.17065468
72,1159,-3.048668089
72,1160,-1.274313987
72,1161,-1.3226969
72,1162,1.054960071
72,1163,-1.18760393
72,1164,-2.375321396
72,1165,-4.688104269
72,1166,-0.649616446
72,1167,-0.898470753
72,1168,-4.675167175
72,1169,3.600005889
72,1170,-13.02310964
72,1171,-0.370030897
72,1172,17.56638261
72,1173,1.429213926
72,1174,7.596876152
72,1175,-2.125137415
72,1176,3.68238896
72,1177,-5.945389924
72,1178,-0.083921913
73,1001,-33.38963684
73,1002,21.64439253
73,1003,-30.11917498
73,1004,-21.34708146
73,1005,43.0750495
73,1006,7.590713955
73,1007,-9.07188135
73,1008,-13.57736069
73,1009,-33.05278273
73,1010,-23.90320516
73,1011,-1.406764491
73,1012,13.01224713
73,1013,-14.15400994
73,1014,23.61567197
73,1015,2.592820839
73,1016,-3.825995122
73,1017,1.818183005
73,1018,-5.468751874
73,1019,6.529702813
73,1020,6.687789313
73,1021,-6.48797357
73,1022,33.40547426
73,1023,-11.11174507
73,1024,-11.13456988
73,1025,-26.09453165
73,1026,0.313536448
73,1027,-19.41296725
73,1028,13.28879214
73,1029,-3.901896774
73,1030,22.11498582
73,1031,-38.78243686
73,1032,23.06425083
73,1033,12.0241251
73,1034,-30.33407237
73,1035,8.207423133
73,1036,25.55015968
73,1037,3.112164324
73,1038,3.666379872
73,1039,-3.435019706
73,1040,-7.994559682
73,1041,-14.09624766
73,1042,-6.855958031
73,1043,-2.488760969
73,1044,-3.515761035
73,1045,9.15889279
73,1046,36.1445405
73,1047,26.96812463
73,1048,-23.32878432
73,1049,20.1859899
73,1050,29.80279979
73,1051,-15.96024506
73,1052,-7.658371889
73,1053,-4.571523638
73,1054,-20.91135132
73,1055,8.572501815
73,1056,-19.73344795
73,1057,-9.976386649
73,1058,-8.965672536
73,1059,-34.70842911
73,1060,-11.90147758
73,1061,4.643310366
73,1062,-3.949767571
73,1063,-1.089454959
73,1064,-8.306255458
73,1065,-2.213258924
73,1066,4.107485793
73,1067,5.386154066
73,1068,-22.11225131
73,1069,15.51865702
73,1070,4.247561631
73,1071,-38.108671
73,1072,-39.13100861
73,1073,-3.032037314
73,1074,1.448045621
73,1075,15.91288941
73,1076,-9.581444177
73,1077,2.468161826
73,1078,0.856916797
73,1079,-26.72103407
73,1080,-14.37257405
73,1081,22.61113253
73,1082,-0.752168261
73,1083,-3.909421605
73,1084,-34.26523816
73,1085,-12.66970252
73,1086,-3.280247404
73,1087,4.409360818
73,1088,2.431805834
73,1089,-10.06348598
73,1090,28.07171701
73,1091,-15.5260787
73,1092,-12.11488142
73,1093,-4.839890522
73,1094,-17.91512167
73,1095,9.588248471
73,1096,-5.379284852
73,1097,3.708626775
73,1098,9.484674817
73,1099,-23.1433259
73,1100,-8.631786019
73,1101,-17.59104518
73,1102,-20.0529307
73,1103,-5.507579521
73,1104,-10.48981788
73,1105,2.800590246
73,1106,6.69276278
73,1107,5.966291548
73,1108,-3.841911507
73,1109,6.480876125
73,1110,2.399349688
73,1111,-0.866337827
73,1112,29.87116485
73,1113,-18.10388751
73,1114,-21.67862447
73,1115,-41.43434402
73,1116,18.88522471
73,1117,0.052346012
73,1118,-5.813322971
73,1119,14.50733539
73,1120,-33.39590211
73,1121,7.944045157
73,1122,-13.93142399
73,1123,14.86103382
73,1124,10.84088744
73,1125,-3.11912632
73,1126,-1.265774585
73,1127,-2.501511806
73,1128,-4.884349388
73,1129,-14.21823805
73,1130,-4.063815712
73,1131,3.68565135
73,1132,-1.677126473
73,1133,-19.21375342
73,1134,-12.87940187
73,1135,2.959631304
73,1136,-10.34080828
73,1137,-5.015898114
73,1138,-10.9717642
73,1139,-10.95040923
73,1140,0.690204447
73,1141,1.034817056
73,1142,2.516740304
73,1143,1.307016342
73,1144,1.134209421
73,1145,4.209357189
73,1146,4.082978959
73,1147,-1.563456202
73,1148,-1.91564248
73,1149,0.294806431
73,1150,-1.279092431
73,1151,1.32635219
73,1152,5.890428514
73,1153,4.194433275
73,1154,1.266674519
73,1155,-0.192447838
73,1156,2.181052457
73,1157,-3.62820379
73,1158,1.418980296
73,1159,-2.006164097
73,1160,-1.167693157
73,1161,-1.464093
73,1162,1.728403122
73,1163,2.197720727
73,1164,-0.137247066
73,1165,-1.695224126
73,1166,0.095263342
73,1167,-0.532765007
73,1168,-5.646152729
73,1169,2.69694075
73,1170,-6.133033641
73,1171,-3.420410791
73,1172,9.420975638
73,1173,1.901339214
73,1174,-0.145890685
73,1175,-2.196982837
73,1176,1.776431032
73,1177,-3.542696424
73,1178,1.321016138
