iter	RMSE
0	40.47786305
1	40.27140072
2	40.06251116
3	39.85081235
4	39.639952
5	39.41901757
6	39.22480009
7	39.02600312
8	38.82149473
9	38.63426868
10	38.4594839
11	38.26211489
12	38.09544061
13	37.88610913
14	37.70213999
15	37.51220202
16	37.33312215
17	37.13904726
18	36.96762748
19	36.79745391
20	36.63997005
21	36.45490265
22	36.29035491
23	36.13332683
24	35.97281277
25	35.79147837
26	35.63713505
27	35.4694088
28	35.31953508
29	35.15835011
30	34.98852167
31	34.81784839
32	34.67880202
33	34.52436517
34	34.37745782
35	34.22706733
36	34.06342642
37	33.91242095
38	33.77537209
39	33.65150951
40	33.50043922
41	33.33878101
42	33.18491001
43	33.04968714
44	32.89838997
45	32.75984368
46	32.60015647
47	32.47180063
48	32.33912476
49	32.22181938
50	32.07224241
51	31.94937662
52	31.82513342
53	31.72382611
54	31.60568226
55	31.4695098
56	31.35299671
57	31.22305202
58	31.09274268
59	30.9950975
60	30.86609288
61	30.73014884
62	30.6239103
63	30.48543328
64	30.35472877
65	30.24714312
66	30.13252404
67	30.04385456
68	29.91539637
69	29.79775374
70	29.69241179
71	29.56931601
72	29.46637679
73	29.36278994
74	29.25441579
75	29.14509056
76	29.03340485
77	28.92710321
78	28.82456741
79	28.73589466
80	28.6296121
81	28.52388777
82	28.43387697
83	28.32977835
84	28.24868733
85	28.1470795
86	28.04674148
87	27.95077002
88	27.8490446
89	27.77068138
90	27.68281248
91	27.59625444
92	27.50056763
93	27.42124742
94	27.33009135
95	27.25002248
96	27.1668847
97	27.0899165
98	26.99302937
99	26.92293132
100	26.84346643
101	26.74909268
102	26.66701762
103	26.58458377
104	26.51464798
105	26.42213701
106	26.34525466
107	26.24080195
108	26.17555589
109	26.08272181
110	26.00630818
111	25.9324842
112	25.86308151
113	25.77433401
114	25.70011362
115	25.623875
116	25.56158951
117	25.50193083
118	25.42117764
119	25.3610445
120	25.27502787
121	25.18979142
122	25.13178537
123	25.05783869
124	24.97990668
125	24.92688568
126	24.86571671
127	24.79617636
128	24.7308985
129	24.67782766
130	24.61308191
131	24.54651291
132	24.496506
133	24.4281839
134	24.37991636
135	24.29668414
136	24.24647621
137	24.18290422
138	24.1213436
139	24.03523196
140	23.95535031
141	23.89844584
142	23.82393259
143	23.77679891
144	23.72304236
145	23.66201999
146	23.60362174
147	23.52864375
148	23.46738464
149	23.41196737
150	23.35646024
151	23.31197283
152	23.24755841
153	23.18573963
154	23.12813153
155	23.07197952
156	23.0115395
157	22.95670014
158	22.88289051
159	22.8417424
160	22.79333672
161	22.72640246
162	22.68630712
163	22.63913869
164	22.58109397
165	22.5319337
166	22.47705545
167	22.42718291
168	22.37658993
169	22.33589002
170	22.26782477
171	22.21807603
172	22.16789798
173	22.11822433
174	22.05052057
175	21.99931207
176	21.96642661
177	21.92477295
178	21.87735822
179	21.82970448
180	21.79683758
181	21.76574285
182	21.71625901
183	21.66618235
184	21.60561233
185	21.57028179
186	21.5266497
187	21.48025631
188	21.44106003
189	21.39293755
190	21.34521958
191	21.29884634
192	21.25360404
193	21.19906907
194	21.15570592
195	21.10506056
196	21.05938371
197	21.01148415
198	20.97129803
199	20.93254064
200	20.90217637
201	20.85146845
202	20.80529209
203	20.76094415
204	20.71478371
205	20.67261017
206	20.62945165
207	20.59266154
208	20.5536895
209	20.51177465
210	20.47184938
211	20.43579897
212	20.38129484
213	20.34787545
214	20.29987015
215	20.26065935
216	20.22970489
217	20.19086864
218	20.13643618
219	20.10999148
220	20.06785127
221	20.04023434
222	20.00836895
223	19.98129325
224	19.9301113
225	19.89235798
226	19.86605972
227	19.8196044
228	19.78621114
229	19.75597975
230	19.72476999
231	19.69560425
232	19.66740263
233	19.63464484
234	19.61852108
235	19.58805611
236	19.55607217
237	19.52141341
238	19.48710527
239	19.46411457
240	19.43535061
241	19.40587254
242	19.38261025
243	19.35111556
244	19.32047453
245	19.29493382
246	19.26932309
247	19.22230117
248	19.17587495
249	19.13420371
250	19.11636746
251	19.08033755
252	19.06145483
253	19.03537797
254	18.99796418
255	18.9634646
256	18.93592934
257	18.91021522
258	18.8789291
259	18.84935239
260	18.82961972
261	18.79900814
262	18.77052148
263	18.74531703
264	18.72327125
265	18.69119409
266	18.66064347
267	18.62353974
268	18.59793671
269	18.56605043
270	18.53248813
271	18.50970452
272	18.47586838
273	18.44260891
274	18.41959752
275	18.39535046
276	18.37163757
277	18.3425886
278	18.31708459
279	18.28823707
280	18.25774022
281	18.23506835
282	18.20498151
283	18.18470666
284	18.15469132
285	18.12652349
286	18.10537457
287	18.07414377
288	18.04795139
289	18.01204465
290	17.99223332
291	17.96147844
292	17.93080484
293	17.90176459
294	17.88117146
295	17.85253158
296	17.82730329
297	17.8016718
298	17.77658341
299	17.75266215
300	17.7371233
301	17.71088185
302	17.68174323
303	17.6505464
304	17.6316613
305	17.60125835
306	17.56442596
307	17.54165957
308	17.52124113
309	17.50314421
310	17.49014184
311	17.46425172
312	17.44693838
313	17.42112464
314	17.4009205
315	17.38341097
316	17.35064737
317	17.33657895
318	17.31209723
319	17.2876135
320	17.26551829
321	17.24337914
322	17.21912435
323	17.18805296
324	17.1718579
325	17.15197529
326	17.13587653
327	17.11209258
328	17.09338565
329	17.07542518
330	17.05261305
331	17.0308378
332	17.00675421
333	16.97398419
334	16.94100011
335	16.91927078
336	16.89711273
337	16.87812065
338	16.85932383
339	16.83638675
340	16.81581134
341	16.79756783
342	16.78342945
343	16.75523712
344	16.73519108
345	16.72583783
346	16.71006258
347	16.69219884
348	16.6703476
349	16.65124644
350	16.62410948
351	16.59930555
352	16.58323692
353	16.5664172
354	16.55126488
355	16.52081181
356	16.50509687
357	16.48373652
358	16.45907075
359	16.43260487
360	16.41104956
361	16.3807006
362	16.36845298
363	16.35199807
364	16.33592651
365	16.3123794
366	16.29406768
367	16.28156979
368	16.27018783
369	16.24318739
370	16.22529264
371	16.21670727
372	16.20550777
373	16.18725943
374	16.17127603
375	16.15845786
376	16.14017162
377	16.12282925
378	16.1070976
379	16.09038306
380	16.083512
381	16.06655824
382	16.05106375
383	16.04025919
384	16.0178752
385	15.99991761
386	15.97519586
387	15.96464506
388	15.94766278
389	15.93413997
390	15.9182309
391	15.90520295
392	15.8888163
393	15.87752995
394	15.85546957
395	15.83499572
396	15.82097425
397	15.79484174
398	15.77518748
399	15.76360076
400	15.74618037
401	15.73013305
402	15.72256405
403	15.71160802
404	15.69252655
405	15.67410101
406	15.66536318
407	15.65833922
408	15.64493139
409	15.62325552
410	15.60738323
411	15.59202283
412	15.58926645
413	15.57950753
414	15.56854572
415	15.55708622
416	15.54658306
417	15.52585571
418	15.51755345
419	15.50092347
420	15.48019086
421	15.47042659
422	15.45152748
423	15.4433727
424	15.42413945
425	15.41584081
426	15.40496285
427	15.39144662
428	15.36359129
429	15.35412338
430	15.33415637
431	15.32631995
432	15.31069246
433	15.29730713
434	15.28222899
435	15.26509464
436	15.2538189
437	15.24364634
438	15.22476659
439	15.21488328
440	15.19675403
441	15.17720868
442	15.16192934
443	15.1507817
444	15.14153049
445	15.13281162
446	15.11836696
447	15.09415292
448	15.08018298
449	15.07805873
450	15.06369304
451	15.04784149
452	15.03818946
453	15.02843495
454	15.01902382
455	15.00225355
456	14.99404542
457	14.97898697
458	14.9651351
459	14.95335024
460	14.93818927
461	14.92441263
462	14.91476919
463	14.90464012
464	14.88793942
465	14.87097327
466	14.86166478
467	14.84734799
468	14.82787595
469	14.81782301
470	14.80473335
471	14.79199688
472	14.77384375
473	14.75899259
474	14.75444061
475	14.73299783
476	14.71691483
477	14.70491326
478	14.68989234
479	14.68251459
480	14.6721786
481	14.66050577
482	14.64956007
483	14.63559611
484	14.61796577
485	14.60412734
486	14.58551797
487	14.57300207
488	14.5604293
489	14.54502295
490	14.53470551
491	14.5127079
492	14.50512288
493	14.49366533
494	14.48268008
495	14.47880631
496	14.46645082
497	14.46364529
498	14.45117503
499	14.43824203
500	14.42870163
501	14.41915645
502	14.40367459
503	14.39367366
504	14.37537754
505	14.36440812
506	14.35689221
507	14.34428565
508	14.3310921
509	14.31855924
510	14.30559526
511	14.29926508
512	14.28677483
513	14.27395849
514	14.25981831
515	14.2532458
516	14.23449826
517	14.22229271
518	14.21078672
519	14.19978529
520	14.19049161
521	14.17683159
522	14.15702522
523	14.14042157
524	14.13184944
525	14.1235396
526	14.11131294
527	14.09938286
528	14.08683602
529	14.07512705
530	14.06432435
531	14.04452734
532	14.0343173
533	14.02277459
534	14.01555645
535	14.00362718
536	13.99915062
537	13.99127905
538	13.98278222
539	13.96981888
540	13.95860811
541	13.94160962
542	13.93164952
543	13.91902915
544	13.91421245
545	13.90978007
546	13.89918519
547	13.88783818
548	13.87740731
549	13.86247057
550	13.85900961
551	13.85108413
552	13.83920796
553	13.823517
554	13.80498318
555	13.79650588
556	13.77879957
557	13.76777428
558	13.75643912
559	13.74285729
560	13.73029433
561	13.72048905
562	13.70679539
563	13.69512287
564	13.68366191
565	13.6736818
566	13.66969992
567	13.65503795
568	13.64306001
569	13.63817826
570	13.62860483
571	13.62647788
572	13.61968682
573	13.60500128
574	13.59439772
575	13.58188884
576	13.57864597
577	13.5696009
578	13.55942212
579	13.55170001
580	13.5429715
581	13.53898308
582	13.53302066
583	13.5184501
584	13.50600141
585	13.49760052
586	13.49417386
587	13.48254784
588	13.46559913
589	13.4526321
590	13.44930877
591	13.4434858
592	13.43793677
593	13.42505453
594	13.41306814
595	13.39893653
596	13.39235068
597	13.3789624
598	13.36984276
599	13.35963458
600	13.34765334
601	13.33190028
602	13.31790203
603	13.29982808
604	13.29391959
605	13.28218484
606	13.27268359
607	13.26717554
608	13.25698126
609	13.24726852
610	13.23833688
611	13.23375894
612	13.22534919
613	13.20680354
614	13.19381662
615	13.18220157
616	13.16953863
617	13.1586257
618	13.13836938
619	13.1270655
620	13.11478877
621	13.10094205
622	13.09215385
623	13.08852195
624	13.07596861
625	13.0655227
626	13.06124016
627	13.05260466
628	13.03803942
629	13.02814355
630	13.01911954
631	13.01228109
632	12.99640917
633	12.98192622
634	12.96957056
635	12.96435119
636	12.95487492
637	12.94116898
638	12.9353872
639	12.92503432
640	12.92095167
641	12.90946316
642	12.89262291
643	12.88090375
644	12.86878165
645	12.86546753
646	12.85458161
647	12.84908312
648	12.84006599
649	12.83804813
650	12.83171618
651	12.82559554
652	12.82017417
653	12.8049145
654	12.7907152
655	12.77821453
656	12.76733087
657	12.76534276
658	12.75967882
659	12.75710322
660	12.74216554
661	12.73637898
662	12.73269885
663	12.72808791
664	12.72238676
665	12.71571755
666	12.70697839
667	12.69581206
668	12.68891192
669	12.6743227
670	12.66225243
671	12.65297129
672	12.64668213
673	12.63725539
674	12.62704747
675	12.61666421
676	12.60320248
677	12.59697074
678	12.58920279
679	12.56947902
680	12.55500499
681	12.54726476
682	12.54013977
683	12.52932734
684	12.51992889
685	12.50616294
686	12.49598812
687	12.48471011
688	12.47874758
689	12.46520363
690	12.44893949
691	12.44638959
692	12.44090769
693	12.43614093
694	12.42908674
695	12.4203751
696	12.41614499
697	12.41113203
698	12.40812433
699	12.39947314
700	12.39586273
701	12.38298861
702	12.37501169
703	12.36499255
704	12.35748919
705	12.34670274
706	12.33995986
707	12.32708406
708	12.3237476
709	12.316828
710	12.30829931
711	12.29924922
712	12.2879344
713	12.27548211
714	12.26696109
715	12.25874026
716	12.25387841
717	12.24215463
718	12.23642885
719	12.2260083
720	12.21982666
721	12.21183307
722	12.20626419
723	12.20116299
724	12.189199
725	12.1783139
726	12.1692219
727	12.16208452
728	12.15065583
729	12.14165421
730	12.1387124
731	12.13344125
732	12.12123881
733	12.1118145
734	12.10747001
735	12.10303886
736	12.09528979
737	12.08530578
738	12.08189439
739	12.07642012
740	12.07165298
741	12.06279588
742	12.05680267
743	12.05077769
744	12.04732503
745	12.04402026
746	12.03648032
747	12.03447698
748	12.02686048
749	12.01817853
750	12.01284151
751	12.00866966
752	11.99466809
753	11.98888681
754	11.97025296
755	11.95930404
756	11.95393957
757	11.94920317
758	11.94267143
759	11.93573976
760	11.91694378
761	11.90141078
762	11.88730154
763	11.86982364
764	11.86540654
765	11.86030784
766	11.85133655
767	11.84777914
768	11.83762303
769	11.82890615
770	11.81791207
771	11.80764631
772	11.79819474
773	11.78919292
774	11.78388813
775	11.77718208
776	11.77019641
777	11.76436137
778	11.75346518
779	11.74923457
780	11.74573937
781	11.73763161
782	11.72835897
783	11.71619961
784	11.70687454
785	11.69636205
786	11.68957389
787	11.67912076
788	11.67274967
789	11.67043275
790	11.6526712
791	11.64391786
792	11.63614457
793	11.63139831
794	11.62567196
795	11.62124667
796	11.61630937
797	11.61157977
798	11.603163
799	11.59838488
800	11.58184772
801	11.56855434
802	11.56074954
803	11.55303217
804	11.54679191
805	11.53532092
806	11.52561455
807	11.51508063
808	11.50473115
809	11.48378027
810	11.47207814
811	11.46000096
812	11.45066676
813	11.44713298
814	11.43931316
815	11.43369132
816	11.42695898
817	11.41120489
818	11.40005196
819	11.39114811
820	11.38539863
821	11.37460331
822	11.36986598
823	11.36734721
824	11.35438007
825	11.34999906
826	11.34487634
827	11.33344091
828	11.32247735
829	11.31982032
830	11.30964612
831	11.30333642
832	11.3002756
833	11.29734593
834	11.29057675
835	11.28008294
836	11.2779394
837	11.27255939
838	11.25882772
839	11.25234617
840	11.24135818
841	11.2353281
842	11.22966394
843	11.22182729
844	11.21576089
845	11.20145345
846	11.19246858
847	11.18824951
848	11.18118514
849	11.17218155
850	11.16462804
851	11.15812997
852	11.15210759
853	11.14654638
854	11.14038505
855	11.12630733
856	11.11406867
857	11.11227325
858	11.10152146
859	11.09314624
860	11.08366988
861	11.07685414
862	11.07190385
863	11.06467852
864	11.05073899
865	11.04362613
866	11.03710444
867	11.0288828
868	11.01472581
869	11.00904824
870	10.99988899
871	10.99468098
872	10.98784777
873	10.98173658
874	10.97115392
875	10.9643062
876	10.95381913
877	10.9430003
878	10.9392608
879	10.93003028
880	10.92087244
881	10.91112113
882	10.90603888
883	10.90413977
884	10.89718541
885	10.89439052
886	10.88739707
887	10.88080882
888	10.87459135
889	10.869742
890	10.85847038
891	10.8528172
892	10.85085759
893	10.84473944
894	10.8332892
895	10.83056752
896	10.82810381
897	10.82134396
898	10.81221732
899	10.80810926
900	10.80146667
901	10.78891011
902	10.78064686
903	10.76999228
904	10.76419149
905	10.76048659
906	10.75195046
907	10.74557023
908	10.74027498
909	10.72826383
910	10.72119139
911	10.70889142
912	10.7019215
913	10.68743124
914	10.68560367
915	10.68413875
916	10.67166385
917	10.66239479
918	10.65239783
919	10.64142495
920	10.63534406
921	10.62922172
922	10.62658211
923	10.61995019
924	10.61857301
925	10.60651053
926	10.60270066
927	10.59394243
928	10.58786983
929	10.57975654
930	10.56805865
931	10.56597543
932	10.56237578
933	10.55270434
934	10.54969867
935	10.54222052
936	10.53551419
937	10.53098349
938	10.52638181
939	10.52098744
940	10.51288463
941	10.5086059
942	10.49639297
943	10.49315567
944	10.49024274
945	10.48079909
946	10.47655591
947	10.47356413
948	10.46397716
949	10.45871166
950	10.44906083
951	10.43862516
952	10.43129997
953	10.42510592
954	10.42332754
955	10.412051
956	10.40574368
957	10.3968249
958	10.38963727
959	10.38472926
960	10.38114626
961	10.36934727
962	10.35722683
963	10.35032097
964	10.3426185
965	10.33274637
966	10.33133168
967	10.32701544
968	10.31372456
969	10.30317383
970	10.29702073
971	10.29456078
972	10.28567717
973	10.27648188
974	10.27045563
975	10.26499197
976	10.26304289
977	10.26202141
978	10.25354099
979	10.25053179
980	10.24833606
981	10.24020722
982	10.23369098
983	10.22489818
984	10.22239697
985	10.21514649
986	10.20921637
987	10.20090867
988	10.19830356
989	10.19682576
990	10.19535606
991	10.18438676
992	10.17488381
993	10.17042786
994	10.16251575
995	10.15340497
996	10.14496416
997	10.13961861
998	10.13505398
999	10.12836818
1000	10.11860668
1001	10.11260915
1002	10.10644233
1003	10.09854649
1004	10.09410756
1005	10.08544759
1006	10.07407623
1007	10.06701898
1008	10.06187437
1009	10.04935646
1010	10.04477094
1011	10.04030129
1012	10.03168902
1013	10.0227005
1014	10.01417644
1015	10.00474721
1016	9.998208826
1017	9.992571288
1018	9.990501269
1019	9.984829978
1020	9.981126475
1021	9.97838769
1022	9.969024525
1023	9.961173885
1024	9.957561853
1025	9.94999763
1026	9.944770356
1027	9.931642706
1028	9.925383158
1029	9.923685031
1030	9.907812758
1031	9.905323217
1032	9.896322344
1033	9.895722489
1034	9.894332419
1035	9.890101754
1036	9.884169359
1037	9.880471858
1038	9.876494468
1039	9.871730717
1040	9.863989278
1041	9.858510334
1042	9.851692311
1043	9.840589818
1044	9.831446347
1045	9.825612243
1046	9.819953341
1047	9.817952782
1048	9.812305688
1049	9.810726473
1050	9.801777914
1051	9.793923841
1052	9.790369971
1053	9.784224363
1054	9.774687257
1055	9.766185862
1056	9.760523748
1057	9.755596964
1058	9.751120654
1059	9.744545296
1060	9.738830582
1061	9.736422815
1062	9.732578619
1063	9.730391655
1064	9.726424654
1065	9.724189593
1066	9.716333805
1067	9.712372759
1068	9.705186616
1069	9.699986578
1070	9.692906001
1071	9.684577879
1072	9.677998612
1073	9.671420636
1074	9.663745837
1075	9.654648729
1076	9.646758634
1077	9.643965434
1078	9.632925538
1079	9.626391461
1080	9.623660823
1081	9.615071316
1082	9.607971551
1083	9.604365428
1084	9.601743505
1085	9.598234274
1086	9.59673168
1087	9.594240655
1088	9.589258061
1089	9.579860315
1090	9.576313907
1091	9.566492524
1092	9.563132689
1093	9.561547424
1094	9.556324547
1095	9.548801555
1096	9.547239099
1097	9.543887321
1098	9.540254312
1099	9.531815429
1100	9.526281485
1101	9.518245101
1102	9.514849507
1103	9.508568314
1104	9.503950461
1105	9.503356361
1106	9.494992443
1107	9.493385277
1108	9.483465249
1109	9.475258653
1110	9.471246249
1111	9.463017048
1112	9.459983437
1113	9.454437608
1114	9.449589337
1115	9.44680983
1116	9.441774085
1117	9.436651216
1118	9.430730712
1119	9.421187586
1120	9.413517099
1121	9.411831557
1122	9.40731943
1123	9.406103989
1124	9.401051878
1125	9.39703296
1126	9.39415012
1127	9.389556526
1128	9.386833969
1129	9.380377018
1130	9.374482807
1131	9.368712508
1132	9.368179854
1133	9.366994206
1134	9.360187424
1135	9.351280131
1136	9.345379581
1137	9.338342859
1138	9.333165273
1139	9.325620764
1140	9.318735087
1141	9.314264849
1142	9.310978938
1143	9.309590555
1144	9.302639585
1145	9.298400901
1146	9.29124966
1147	9.287556718
1148	9.284825566
1149	9.283597195
1150	9.277257784
1151	9.272236944
1152	9.26739632
1153	9.264340168
1154	9.255539334
1155	9.247185189
1156	9.243013996
1157	9.235824114
1158	9.22919503
1159	9.22785261
1160	9.223746922
1161	9.222453714
1162	9.212951569
1163	9.203434519
1164	9.202904343
1165	9.198449254
1166	9.196298388
1167	9.194694585
1168	9.186628889
1169	9.179865577
1170	9.172698236
1171	9.166480276
1172	9.160070025
1173	9.150694197
1174	9.145963679
1175	9.13537082
1176	9.132024027
1177	9.122969059
1178	9.112459626
1179	9.107896668
1180	9.102054658
1181	9.095012832
1182	9.088868773
1183	9.084874152
1184	9.076943092
1185	9.068067869
1186	9.062522905
1187	9.052125656
1188	9.047061047
1189	9.043779804
1190	9.037663575
1191	9.033363374
1192	9.02692093
1193	9.024946656
1194	9.023284891
1195	9.017449761
1196	9.011310771
1197	9.005606208
1198	8.998518921
1199	8.997539055
1200	8.989257782
1201	8.985275225
1202	8.97967718
1203	8.975661262
1204	8.967388522
1205	8.95947688
1206	8.950892836
1207	8.941167753
1208	8.935809518
1209	8.930809452
1210	8.926082051
1211	8.920759276
1212	8.916263574
1213	8.911666724
1214	8.907187596
1215	8.905207378
1216	8.897543088
1217	8.889887102
1218	8.887702513
1219	8.879310701
1220	8.873635828
1221	8.870357274
1222	8.865146841
1223	8.857225436
1224	8.849552292
1225	8.848047015
1226	8.845289011
1227	8.83928403
1228	8.834676076
1229	8.827363452
1230	8.820770347
1231	8.814841136
1232	8.809667525
1233	8.804505684
1234	8.798165247
1235	8.796652036
1236	8.794047675
1237	8.791952354
1238	8.784910199
1239	8.780768086
1240	8.776102221
1241	8.775298683
1242	8.77419979
1243	8.767679891
1244	8.761672876
1245	8.757371194
1246	8.751578739
1247	8.745817167
1248	8.738838156
1249	8.73238976
1250	8.724411524
1251	8.718315467
1252	8.711910299
1253	8.709935837
1254	8.707840282
1255	8.701848752
1256	8.697676898
1257	8.689165094
1258	8.684578118
1259	8.681742135
1260	8.675000712
1261	8.667128936
1262	8.666031604
1263	8.659104247
1264	8.654958477
1265	8.651072753
1266	8.644857949
1267	8.638732633
1268	8.637187161
1269	8.628577968
1270	8.625180924
1271	8.618911197
1272	8.612853506
1273	8.610084257
1274	8.605808373
1275	8.602483421
1276	8.595309248
1277	8.589966722
1278	8.587758513
1279	8.584688288
1280	8.578962447
1281	8.572843316
1282	8.567762746
1283	8.563317499
1284	8.558472902
1285	8.551748129
1286	8.548598838
1287	8.536763218
1288	8.529772346
1289	8.525106873
1290	8.519060062
1291	8.518284837
1292	8.515868562
1293	8.513013186
1294	8.509506338
1295	8.502471918
1296	8.495725601
1297	8.494059265
1298	8.489208082
1299	8.488169996
1300	8.486707089
1301	8.485035449
1302	8.477433996
1303	8.47210363
1304	8.468358164
1305	8.458556112
1306	8.456680795
1307	8.454266676
1308	8.448534825
1309	8.443938876
1310	8.436573471
1311	8.430311843
1312	8.429026957
1313	8.422847142
1314	8.419206623
1315	8.413164909
1316	8.406978792
1317	8.40245077
1318	8.401381876
1319	8.396665743
1320	8.392495099
1321	8.389493647
1322	8.388375075
1323	8.382314213
1324	8.378209707
1325	8.374415513
1326	8.368924329
1327	8.363153171
1328	8.360574319
1329	8.354277599
1330	8.348536171
1331	8.342961282
1332	8.339892799
1333	8.334452519
1334	8.327854212
1335	8.321356329
1336	8.314578668
1337	8.312845021
1338	8.307380239
1339	8.299888646
1340	8.29638024
1341	8.289907892
1342	8.288035377
1343	8.282683477
1344	8.27697843
1345	8.270939814
1346	8.265680815
1347	8.255993419
1348	8.254442102
1349	8.247689024
1350	8.242020602
1351	8.235779183
1352	8.233187734
1353	8.228395798
1354	8.227365554
1355	8.218912731
1356	8.214301929
1357	8.213429367
1358	8.207901235
1359	8.20147245
1360	8.196729425
1361	8.194510219
1362	8.191646464
1363	8.185383602
1364	8.178857373
1365	8.172145403
1366	8.169520535
1367	8.163455944
1368	8.156535956
1369	8.151305629
1370	8.150295106
1371	8.14686939
1372	8.140556709
1373	8.134408064
1374	8.132701424
1375	8.128138547
1376	8.122023091
1377	8.116813569
1378	8.112959131
1379	8.108113575
1380	8.106423391
1381	8.106000505
1382	8.099889515
1383	8.098843265
1384	8.094773638
1385	8.093210266
1386	8.085669481
1387	8.079022398
1388	8.072274091
1389	8.068715777
1390	8.065846965
1391	8.059141815
1392	8.053801586
1393	8.047651116
1394	8.041775803
1395	8.035127899
1396	8.029996001
1397	8.025638685
1398	8.022561881
1399	8.017913386
1400	8.01103867
1401	8.007020467
1402	8.00007418
1403	7.998661031
1404	7.99378972
1405	7.990304473
1406	7.984522878
1407	7.97733974
1408	7.974624279
1409	7.968813401
1410	7.966424222
1411	7.960843704
1412	7.954820487
1413	7.949757523
1414	7.948279302
1415	7.943264573
1416	7.937568837
1417	7.931823423
1418	7.928325658
1419	7.923724029
1420	7.922523676
1421	7.919121635
1422	7.915245808
1423	7.911086891
1424	7.904822303
1425	7.899316335
1426	7.893228277
1427	7.886040336
1428	7.883085688
1429	7.879883476
1430	7.87644942
1431	7.873301484
1432	7.871001213
1433	7.86477323
1434	7.858029571
1435	7.854855392
1436	7.848534142
1437	7.841624317
1438	7.833887145
1439	7.827099796
1440	7.822821396
1441	7.813646542
1442	7.808236637
1443	7.801368596
1444	7.799868862
1445	7.795360625
1446	7.791736576
1447	7.786298476
1448	7.785385624
1449	7.779582753
1450	7.775924701
1451	7.770529159
1452	7.768114539
1453	7.761773145
1454	7.755734504
1455	7.751278294
1456	7.745562694
1457	7.742159367
1458	7.735155807
1459	7.733898283
1460	7.7282337
1461	7.720775074
1462	7.716213448
1463	7.710483388
1464	7.704043176
1465	7.698823859
1466	7.694457708
1467	7.688063211
1468	7.682793496
1469	7.681715355
1470	7.675881263
1471	7.673917026
1472	7.672113188
1473	7.67061215
1474	7.66440904
1475	7.661876972
1476	7.655993633
1477	7.651538533
1478	7.650576744
1479	7.646386784
1480	7.641260073
1481	7.635969583
1482	7.634753664
1483	7.62911332
1484	7.625624542
1485	7.621401109
1486	7.618220631
1487	7.612292625
1488	7.60710891
1489	7.602832205
1490	7.598582404
1491	7.597235743
1492	7.59303277
1493	7.591660796
1494	7.585691121
1495	7.581648014
1496	7.577709257
1497	7.576362776
1498	7.570810957
1499	7.569764195
1500	7.567554384
1501	7.563225382
1502	7.557675605
1503	7.554266869
1504	7.55255848
1505	7.54577305
1506	7.539101462
1507	7.532862752
1508	7.527577456
1509	7.524928005
1510	7.522169505
1511	7.517298686
1512	7.512327004
1513	7.510148456
1514	7.507980545
1515	7.503759105
1516	7.502313271
1517	7.49796756
1518	7.497563596
1519	7.494631902
1520	7.490349011
1521	7.487497396
1522	7.482819716
1523	7.479281454
1524	7.474957689
1525	7.470238267
1526	7.469165497
1527	7.46474224
1528	7.46200002
1529	7.455282263
1530	7.449303834
1531	7.443878514
1532	7.437681107
1533	7.432895309
1534	7.430962408
1535	7.427608104
1536	7.423873691
1537	7.419273677
1538	7.416461418
1539	7.41254356
1540	7.407785142
1541	7.403499799
1542	7.4004306
1543	7.398285799
1544	7.396624264
1545	7.392211021
1546	7.387523473
1547	7.385114273
1548	7.380937764
1549	7.377198638
1550	7.370943579
1551	7.369079281
1552	7.362691342
1553	7.359110039
1554	7.357678004
1555	7.355506419
1556	7.354198714
1557	7.351460286
1558	7.347726736
1559	7.346685257
1560	7.34079787
1561	7.334676078
1562	7.327944453
1563	7.327160403
1564	7.324837566
1565	7.321168162
1566	7.320613423
1567	7.318012984
1568	7.31524213
1569	7.310175443
1570	7.307848537
1571	7.303506026
1572	7.301512488
1573	7.294782924
1574	7.291693506
1575	7.286814108
1576	7.281733079
1577	7.279666994
1578	7.273650587
1579	7.272354723
1580	7.270784908
1581	7.269525959
1582	7.26490881
1583	7.260949715
1584	7.257838109
1585	7.256313212
1586	7.251501053
1587	7.244950775
1588	7.241154609
1589	7.238952323
1590	7.231578922
1591	7.227430471
1592	7.2235924
1593	7.218419855
1594	7.21357091
1595	7.21060518
1596	7.206688026
1597	7.201801411
1598	7.197314687
1599	7.194529044
1600	7.193781663
1601	7.192436668
1602	7.187490659
1603	7.185717278
1604	7.182807775
1605	7.179671043
1606	7.175355859
1607	7.170274074
1608	7.165399881
1609	7.162194645
1610	7.160601258
1611	7.15639408
1612	7.155525084
1613	7.154631393
1614	7.148335331
1615	7.145819167
1616	7.144117439
1617	7.143637864
1618	7.13883796
1619	7.136798814
1620	7.131946637
1621	7.129317269
1622	7.126890846
1623	7.123948628
1624	7.118740692
1625	7.117178855
1626	7.111691094
1627	7.107240275
1628	7.103447478
1629	7.099469747
1630	7.096955046
1631	7.093139945
1632	7.092492022
1633	7.088683091
1634	7.083748465
1635	7.081473063
1636	7.075799581
1637	7.071198099
1638	7.067300407
1639	7.061564386
1640	7.058173579
1641	7.054312645
1642	7.051476214
1643	7.04707353
1644	7.042525693
1645	7.036804432
1646	7.032805182
1647	7.028472224
1648	7.024066645
1649	7.022007652
1650	7.018312606
1651	7.015312438
1652	7.011240184
1653	7.009453079
1654	7.007424293
1655	7.007176658
1656	7.003298152
1657	7.001530583
1658	6.997753422
1659	6.994131533
1660	6.99102079
1661	6.987273194
1662	6.983072699
1663	6.979555445
1664	6.976638048
1665	6.972094383
1666	6.968700252
1667	6.965915836
1668	6.962008671
1669	6.959295214
1670	6.95580605
1671	6.952283647
1672	6.948384764
1673	6.945067432
1674	6.943865264
1675	6.938907412
1676	6.935814704
1677	6.931946125
1678	6.925011834
1679	6.919564711
1680	6.915529362
1681	6.911264747
1682	6.907547827
1683	6.906023195
1684	6.900738142
1685	6.89719394
1686	6.895539474
1687	6.888824796
1688	6.885888696
1689	6.882360812
1690	6.879481626
1691	6.875590138
1692	6.872059656
1693	6.868034471
1694	6.863091082
1695	6.857999285
1696	6.855736457
1697	6.853282699
1698	6.849483983
1699	6.847385834
1700	6.846443451
1701	6.842694275
1702	6.841958753
1703	6.841583033
1704	6.838055896
1705	6.834566744
1706	6.833705336
1707	6.829798566
1708	6.828183574
1709	6.823901891
1710	6.820722577
1711	6.819278686
1712	6.815985478
1713	6.814269844
1714	6.810528516
1715	6.808172123
1716	6.804737776
1717	6.803674678
1718	6.799057607
1719	6.795107465
1720	6.794126244
1721	6.793716165
1722	6.789736056
1723	6.784311152
1724	6.77991973
1725	6.779527209
1726	6.775926
1727	6.771975994
1728	6.767466717
1729	6.763510611
1730	6.761080093
1731	6.75772477
1732	6.754155885
1733	6.752129184
1734	6.750325547
1735	6.74981203
1736	6.748733279
1737	6.745832262
1738	6.742684952
1739	6.741478769
1740	6.738029899
1741	6.737625527
1742	6.735391381
1743	6.732258478
1744	6.728917551
1745	6.725397425
1746	6.722938516
1747	6.719437204
1748	6.715725037
1749	6.713397606
1750	6.711220548
1751	6.707123987
1752	6.706347447
1753	6.70410332
1754	6.699578633
1755	6.696613443
1756	6.693457637
1757	6.689181854
1758	6.685605949
1759	6.680944123
1760	6.67824426
1761	6.672711417
1762	6.669361187
1763	6.667205304
1764	6.664454382
1765	6.66038668
1766	6.657914397
1767	6.65591445
1768	6.65232913
1769	6.649912458
1770	6.647426656
1771	6.644987669
1772	6.643356569
1773	6.642939671
1774	6.639186224
1775	6.636885105
1776	6.633768697
1777	6.628289364
1778	6.62524085
1779	6.620359368
1780	6.61713193
1781	6.615234966
1782	6.61250654
1783	6.608210232
1784	6.60792346
1785	6.603067813
1786	6.599929958
1787	6.596972492
1788	6.594241411
1789	6.592010874
1790	6.586770693
1791	6.582818712
1792	6.580386629
1793	6.574574133
1794	6.570435149
1795	6.567854361
1796	6.563711381
1797	6.559022768
1798	6.555408936
1799	6.55448766
1800	6.551338924
1801	6.551006046
1802	6.548785944
1803	6.544304583
1804	6.539781138
1805	6.535626023
1806	6.534682709
1807	6.530563516
1808	6.527407405
1809	6.526047888
1810	6.524147177
1811	6.518949239
1812	6.515661732
1813	6.513437523
1814	6.511394987
1815	6.507147196
1816	6.50396617
1817	6.502832387
1818	6.501073207
1819	6.497947735
1820	6.49447598
1821	6.491902324
1822	6.49028076
1823	6.487308618
1824	6.484837762
1825	6.480931138
1826	6.479993018
1827	6.479351585
1828	6.478161092
1829	6.472834718
1830	6.468921783
1831	6.466501124
1832	6.462990183
1833	6.45932312
1834	6.455140741
1835	6.453872023
1836	6.451983102
1837	6.449362851
1838	6.447885459
1839	6.443712395
1840	6.441420586
1841	6.439200064
1842	6.43639423
1843	6.435557541
1844	6.433508876
1845	6.431100962
1846	6.429807622
1847	6.427797724
1848	6.424792118
1849	6.423561911
1850	6.420035074
1851	6.417337857
1852	6.413459971
1853	6.410785123
1854	6.40679862
1855	6.404895871
1856	6.399884568
1857	6.397417569
1858	6.394224582
1859	6.393926381
1860	6.389621348
1861	6.38696748
1862	6.385365409
1863	6.382562249
1864	6.377467197
1865	6.374483764
1866	6.371921015
1867	6.371140719
1868	6.368605964
1869	6.36613975
1870	6.364474446
1871	6.36272836
1872	6.358771266
1873	6.356860787
1874	6.354448295
1875	6.351184621
1876	6.350287834
1877	6.347210277
1878	6.345210986
1879	6.343070964
1880	6.340368694
1881	6.338038349
1882	6.33722501
1883	6.334591362
1884	6.333044221
1885	6.330715229
1886	6.328389515
1887	6.325719278
1888	6.324132318
1889	6.321924771
1890	6.31941829
1891	6.318877517
1892	6.317877051
1893	6.314757851
1894	6.310588068
1895	6.308779112
1896	6.305156517
1897	6.302489038
1898	6.30172041
1899	6.299077335
1900	6.298773234
1901	6.297624722
1902	6.293396067
1903	6.290780036
1904	6.28683763
1905	6.285697167
1906	6.284131448
1907	6.281162356
1908	6.277897211
1909	6.273411797
1910	6.270021764
1911	6.266718811
1912	6.264612289
1913	6.262792397
1914	6.259960411
1915	6.255416381
1916	6.252396387
1917	6.2494142
1918	6.246266097
1919	6.244271841
1920	6.241499057
1921	6.238151134
1922	6.235767706
1923	6.23494128
1924	6.234189861
1925	6.231819474
1926	6.228972407
1927	6.224856305
1928	6.221931448
1929	6.220078794
1930	6.218589453
1931	6.216151848
1932	6.212436441
1933	6.209584514
1934	6.206983072
1935	6.204361891
1936	6.202030971
1937	6.197057531
1938	6.195019149
1939	6.192612104
1940	6.190246063
1941	6.189131928
1942	6.186574114
1943	6.18340751
1944	6.181581316
1945	6.17981535
1946	6.177475147
1947	6.174902462
1948	6.174062634
1949	6.17168204
1950	6.168937911
1951	6.16863128
1952	6.164748648
1953	6.161858068
1954	6.157745734
1955	6.1523934
1956	6.150331725
1957	6.14837204
1958	6.147121946
1959	6.14678056
1960	6.144392321
1961	6.142923874
1962	6.139301614
1963	6.136437255
1964	6.133850646
1965	6.131909002
1966	6.127814383
1967	6.123541451
1968	6.121943472
1969	6.118928204
1970	6.114097559
1971	6.111906747
1972	6.111002581
1973	6.109098205
1974	6.104674896
1975	6.10239599
1976	6.100650351
1977	6.097159176
1978	6.095264841
1979	6.092514397
1980	6.089697331
1981	6.0880267
1982	6.085459184
1983	6.08510112
1984	6.08154695
1985	6.080572788
1986	6.079495148
1987	6.076714028
1988	6.075018045
1989	6.072677674
1990	6.070715314
1991	6.068293966
1992	6.066930904
1993	6.064574336
1994	6.062784701
1995	6.060182705
1996	6.059646738
1997	6.056740858
1998	6.054999079
1999	6.052014663
2000	6.051094856
2001	6.049600292
2002	6.045963976
2003	6.043592138
2004	6.041760347
2005	6.03867001
2006	6.03632565
2007	6.03255139
2008	6.030902942
2009	6.028452491
2010	6.025406994
2011	6.023538797
2012	6.022236048
2013	6.019145375
2014	6.016594948
2015	6.0142522
2016	6.012103538
2017	6.009668412
2018	6.005405052
2019	6.002861387
2020	6.000696562
2021	5.998731263
2022	5.998418294
2023	5.99644606
2024	5.99431968
2025	5.993361617
2026	5.991032791
2027	5.987422437
2028	5.984358006
2029	5.982789574
2030	5.981318291
2031	5.976782044
2032	5.972685755
2033	5.97037664
2034	5.970097265
2035	5.968280005
2036	5.968081544
2037	5.964856146
2038	5.962989262
2039	5.961388862
2040	5.95900182
2041	5.955514561
2042	5.955190535
2043	5.953548172
2044	5.950075951
2045	5.949803886
2046	5.947963122
2047	5.946336699
2048	5.943723264
2049	5.940947257
2050	5.937293012
2051	5.935639346
2052	5.934032408
2053	5.932265444
2054	5.92931118
2055	5.928862465
2056	5.924471405
2057	5.922353358
2058	5.920611613
2059	5.915895614
2060	5.913271888
2061	5.911043526
2062	5.908841135
2063	5.907827421
2064	5.907591377
2065	5.905346336
2066	5.903932118
2067	5.901930703
2068	5.901228545
2069	5.898977311
2070	5.895591827
2071	5.894130768
2072	5.890511658
2073	5.888396957
2074	5.885181851
2075	5.883644807
2076	5.880884736
2077	5.879163225
2078	5.877832168
2079	5.874519246
2080	5.87260312
2081	5.868397193
2082	5.866080466
2083	5.863840667
2084	5.862861401
2085	5.861650496
2086	5.860088354
2087	5.856985245
2088	5.854492645
2089	5.853956919
2090	5.850159391
2091	5.846878805
2092	5.843929575
2093	5.84207
2094	5.839355337
2095	5.836893954
2096	5.834532421
2097	5.832241433
2098	5.830467566
2099	5.827135483
2100	5.825140984
2101	5.822641278
2102	5.819485341
2103	5.817449754
2104	5.814735657
2105	5.812597848
2106	5.811755402
2107	5.809395067
2108	5.804708528
2109	5.80176807
2110	5.800406356
2111	5.797292273
2112	5.795779032
2113	5.793526677
2114	5.791369312
2115	5.78916308
2116	5.787306068
2117	5.785450985
2118	5.783906224
2119	5.782340999
2120	5.779604998
2121	5.777384765
2122	5.773615223
2123	5.772044695
2124	5.770454782
2125	5.767911922
2126	5.765768006
2127	5.765043686
2128	5.762935127
2129	5.762343845
2130	5.761156244
2131	5.759011915
2132	5.754879733
2133	5.752642882
2134	5.750207999
2135	5.748755749
2136	5.745385765
2137	5.743005658
2138	5.739844997
2139	5.737345661
2140	5.735065871
2141	5.733866271
2142	5.731375953
2143	5.729152856
2144	5.726528504
2145	5.72241682
2146	5.720060647
2147	5.717450398
2148	5.716305124
2149	5.713887283
2150	5.710684136
2151	5.707496441
2152	5.70428253
2153	5.702041714
2154	5.699270516
2155	5.696594563
2156	5.69454239
2157	5.692691449
2158	5.691691558
2159	5.688515871
2160	5.68702402
2161	5.685279413
2162	5.684141193
2163	5.681659334
2164	5.679261388
2165	5.678483927
2166	5.678122907
2167	5.674652296
2168	5.673489248
2169	5.672451741
2170	5.67019091
2171	5.668217052
2172	5.666992849
2173	5.664073314
2174	5.661269518
2175	5.658998785
2176	5.656753658
2177	5.653529196
2178	5.651636013
2179	5.651070252
2180	5.64889894
2181	5.645805145
2182	5.645241489
2183	5.643350994
2184	5.640275932
2185	5.638637171
2186	5.638358386
2187	5.637097792
2188	5.635108999
2189	5.632409583
2190	5.629548147
2191	5.627545642
2192	5.625356879
2193	5.624595839
2194	5.622583586
2195	5.621090436
2196	5.620627923
2197	5.618692665
2198	5.615015611
2199	5.61257001
2200	5.609422283
2201	5.607746017
2202	5.605310838
2203	5.603064604
2204	5.600141018
2205	5.59695623
2206	5.594447606
2207	5.592980288
2208	5.589786481
2209	5.58758042
2210	5.585758972
2211	5.583350417
2212	5.580778332
2213	5.57788457
2214	5.57655368
2215	5.573581781
2216	5.570564159
2217	5.566996236
2218	5.565507326
2219	5.562309198
2220	5.558480331
2221	5.556255382
2222	5.554318396
2223	5.552315603
2224	5.549318995
2225	5.546843894
2226	5.544460986
2227	5.54180569
2228	5.540411053
2229	5.537425951
2230	5.53496085
2231	5.534614509
2232	5.531974308
2233	5.530140282
2234	5.527919595
2235	5.526646761
2236	5.526324591
2237	5.522565328
2238	5.52070907
2239	5.518748952
2240	5.515777383
2241	5.515242146
2242	5.514036318
2243	5.513348609
2244	5.510358619
2245	5.506752468
2246	5.50401906
2247	5.50159221
2248	5.498378177
2249	5.495493889
2250	5.493410934
2251	5.491270478
2252	5.48879013
2253	5.487400361
2254	5.484113799
2255	5.482479518
2256	5.480033046
2257	5.476635556
2258	5.474283026
2259	5.471153397
2260	5.467712994
2261	5.463802072
2262	5.462277481
2263	5.460344836
2264	5.456328799
2265	5.455194607
2266	5.452288218
2267	5.44976008
2268	5.448518216
2269	5.447611087
2270	5.446657701
2271	5.44532247
2272	5.442499288
2273	5.440319449
2274	5.438533017
2275	5.435334955
2276	5.433931014
2277	5.431411625
2278	5.429538697
2279	5.42760529
2280	5.423803199
2281	5.421347909
2282	5.419225219
2283	5.417094762
2284	5.416242906
2285	5.41485274
2286	5.411898381
2287	5.409388341
2288	5.407886252
2289	5.404330991
2290	5.402183513
2291	5.398831854
2292	5.397593955
2293	5.394990646
2294	5.394093632
2295	5.392195167
2296	5.390565567
2297	5.38964916
2298	5.386808236
2299	5.384070444
2300	5.38315594
2301	5.379339163
2302	5.376448609
2303	5.37634785
2304	5.375129426
2305	5.372831907
2306	5.371457969
2307	5.369720274
2308	5.367781763
2309	5.366064562
2310	5.363770087
2311	5.361463614
2312	5.360656198
2313	5.358774773
2314	5.355269084
2315	5.351577385
2316	5.349909924
2317	5.348585018
2318	5.347910228
2319	5.344358217
2320	5.341712646
2321	5.339327612
2322	5.33707825
2323	5.336119656
2324	5.334256799
2325	5.332192502
2326	5.330398841
2327	5.328357952
2328	5.326716547
2329	5.326592078
2330	5.325271242
2331	5.322799131
2332	5.319901796
2333	5.318968301
2334	5.315961078
2335	5.313168824
2336	5.311280771
2337	5.308623161
2338	5.305688227
2339	5.304488237
2340	5.302678963
2341	5.298888876
2342	5.29870613
2343	5.295717081
2344	5.293884483
2345	5.291685806
2346	5.289328723
2347	5.287737355
2348	5.286526076
2349	5.283756175
2350	5.281890334
2351	5.28081154
2352	5.280321879
2353	5.278287444
2354	5.276518173
2355	5.275634244
2356	5.273787941
2357	5.271021927
2358	5.268338107
2359	5.266703165
2360	5.263620522
2361	5.260920294
2362	5.258997638
2363	5.25708229
2364	5.255047074
2365	5.2537979
2366	5.25262479
2367	5.252343461
2368	5.251584405
2369	5.248447408
2370	5.248388353
2371	5.247094217
2372	5.244871851
2373	5.242986847
2374	5.240038266
2375	5.237594472
2376	5.235075334
2377	5.232614938
2378	5.231734912
2379	5.228851502
2380	5.226984719
2381	5.226425663
2382	5.224186315
2383	5.222075193
2384	5.220074201
2385	5.217223617
2386	5.21532767
2387	5.212087714
2388	5.211602442
2389	5.21018367
2390	5.209944777
2391	5.2089693
2392	5.208019683
2393	5.205385515
2394	5.204068318
2395	5.203423302
2396	5.201119631
2397	5.198580514
2398	5.196895629
2399	5.194574635
2400	5.192306177
2401	5.189854584
2402	5.189180155
2403	5.187547315
2404	5.185302572
2405	5.182635158
2406	5.179740012
2407	5.177867479
2408	5.175431971
2409	5.17411175
2410	5.172176042
2411	5.168839839
2412	5.165426519
2413	5.163509989
2414	5.161403652
2415	5.160804315
2416	5.158100756
2417	5.155614714
2418	5.153468619
2419	5.151589464
2420	5.149034638
2421	5.14542783
2422	5.143166705
2423	5.141665024
2424	5.139277476
2425	5.137139604
2426	5.134556881
2427	5.132181447
2428	5.130278966
2429	5.126932265
2430	5.123932289
2431	5.122099684
2432	5.12018705
2433	5.119674499
2434	5.118701023
2435	5.116015743
2436	5.113683557
2437	5.110939728
2438	5.110365637
2439	5.107830537
2440	5.105810477
2441	5.103220451
2442	5.100514522
2443	5.100236853
2444	5.098635089
2445	5.097135381
2446	5.094330624
2447	5.092383582
2448	5.090703499
2449	5.089617045
2450	5.089013931
2451	5.087066541
2452	5.084735774
2453	5.082622915
2454	5.081571096
2455	5.079820621
2456	5.077462752
2457	5.075737697
2458	5.07448143
2459	5.071773714
2460	5.069050795
2461	5.066592094
2462	5.064367019
2463	5.061977033
2464	5.059400304
2465	5.058619656
2466	5.056888744
2467	5.055023419
2468	5.053571436
2469	5.051581853
2470	5.049234862
2471	5.048131114
2472	5.046080928
2473	5.045445835
2474	5.044313788
2475	5.042547289
2476	5.040217426
2477	5.038155275
2478	5.035604661
2479	5.034248618
2480	5.032000342
2481	5.030963116
2482	5.029523316
2483	5.027282176
2484	5.025828588
2485	5.023526628
2486	5.023272731
2487	5.022204751
2488	5.020574921
2489	5.019525484
2490	5.018701587
2491	5.018466651
2492	5.018365276
2493	5.016473959
2494	5.014712885
2495	5.01292802
2496	5.010819029
2497	5.007223704
2498	5.00438106
2499	5.003087047
2500	5.001331456
2501	4.998691996
2502	4.995938293
2503	4.994985763
2504	4.991961703
2505	4.990988707
2506	4.988217763
2507	4.988061018
2508	4.986626125
2509	4.984295913
2510	4.984050385
2511	4.983041067
2512	4.981786383
2513	4.979330993
2514	4.976920708
2515	4.976061139
2516	4.974696359
2517	4.973052318
2518	4.971156031
2519	4.970432094
2520	4.97015692
2521	4.969788256
2522	4.967286361
2523	4.966896519
2524	4.965101906
2525	4.962199791
2526	4.959766304
2527	4.958409878
2528	4.957252264
2529	4.955026065
2530	4.953063459
2531	4.950812114
2532	4.949405476
2533	4.947553244
2534	4.945859817
2535	4.943614854
2536	4.942115119
2537	4.942013068
2538	4.940633951
2539	4.938424308
2540	4.936077944
2541	4.934534265
2542	4.933480255
2543	4.93135687
2544	4.929817434
2545	4.928625069
2546	4.927446916
2547	4.92633425
2548	4.924206358
2549	4.921979083
2550	4.920393034
2551	4.918613247
2552	4.916873737
2553	4.91356716
2554	4.911825327
2555	4.910404416
2556	4.908250383
2557	4.907510844
2558	4.907434369
2559	4.904917911
2560	4.903736282
2561	4.90216045
2562	4.900327275
2563	4.89890975
2564	4.896173135
2565	4.895587353
2566	4.89440116
2567	4.89261974
2568	4.89047067
2569	4.889164304
2570	4.888318391
2571	4.886350289
2572	4.883896328
2573	4.882408071
2574	4.881852863
2575	4.878802582
2576	4.878422287
2577	4.877167991
2578	4.877024297
2579	4.875823523
2580	4.875737086
2581	4.872490532
2582	4.869947175
2583	4.869721899
2584	4.867319342
2585	4.867261446
2586	4.865926865
2587	4.864288373
2588	4.861370608
2589	4.85991735
2590	4.859812443
2591	4.857364346
2592	4.85563272
2593	4.854714291
2594	4.85316649
2595	4.85303466
2596	4.852613522
2597	4.851376234
2598	4.848809317
2599	4.847354202
2600	4.845727282
2601	4.844672835
2602	4.841606584
2603	4.840518862
2604	4.839290434
2605	4.836725064
2606	4.836668705
2607	4.833584272
2608	4.831109858
2609	4.82942329
2610	4.827646914
2611	4.826014881
2612	4.825038939
2613	4.822013205
2614	4.82042147
2615	4.817822689
2616	4.816375883
2617	4.814980221
2618	4.814006446
2619	4.812039965
2620	4.811249902
2621	4.808796811
2622	4.807283716
2623	4.804947131
2624	4.804609376
2625	4.802661531
2626	4.79986703
2627	4.797718768
2628	4.796419261
2629	4.793760841
2630	4.792158708
2631	4.790901741
2632	4.788940446
2633	4.786096572
2634	4.783860192
2635	4.783120041
2636	4.781920678
2637	4.781387264
2638	4.779733859
2639	4.778695861
2640	4.777738164
2641	4.776415583
2642	4.774856496
2643	4.771989266
2644	4.769440871
2645	4.767224617
2646	4.765712137
2647	4.762725971
2648	4.762592924
2649	4.760836342
2650	4.758217095
2651	4.756521564
2652	4.754850281
2653	4.751948664
2654	4.750647727
2655	4.750418653
2656	4.749403212
2657	4.746586432
2658	4.743942038
2659	4.742577614
2660	4.740886221
2661	4.738977045
2662	4.737178774
2663	4.737097749
2664	4.73385775
2665	4.731535404
2666	4.728880852
2667	4.727324004
2668	4.724749999
2669	4.722928211
2670	4.721585707
2671	4.719099987
2672	4.717769251
2673	4.7145414
2674	4.712749487
2675	4.710565837
2676	4.706759213
2677	4.70483703
2678	4.702316895
2679	4.700682767
2680	4.699818867
2681	4.699392648
2682	4.697097753
2683	4.696974792
2684	4.695085695
2685	4.692952748
2686	4.69127482
2687	4.690558989
2688	4.687826645
2689	4.687628296
2690	4.685836378
2691	4.683133646
2692	4.681116419
2693	4.679582111
2694	4.677033183
2695	4.6747415
2696	4.671840928
2697	4.671737691
2698	4.671025322
2699	4.669591935
2700	4.666809489
2701	4.664800879
2702	4.662527991
2703	4.660512704
2704	4.657979733
2705	4.657364214
2706	4.656087701
2707	4.65456023
2708	4.653581776
2709	4.653174498
2710	4.65159121
2711	4.651088162
2712	4.649275229
2713	4.645954957
2714	4.645015007
2715	4.642441239
2716	4.640487989
2717	4.640387244
2718	4.639593351
2719	4.636856031
2720	4.63591835
2721	4.634901684
2722	4.632853323
2723	4.630611546
2724	4.629739255
2725	4.629344751
2726	4.627219046
2727	4.62612848
2728	4.624493854
2729	4.623715191
2730	4.623164098
2731	4.621395214
2732	4.620657384
2733	4.619168307
2734	4.618482622
2735	4.617221431
2736	4.615745288
2737	4.615581662
2738	4.614321602
2739	4.611356703
2740	4.610350416
2741	4.608631468
2742	4.606899491
2743	4.605927954
2744	4.604995528
2745	4.602329011
2746	4.600843294
2747	4.599850287
2748	4.597917078
2749	4.596866116
2750	4.596147727
2751	4.594964028
2752	4.594008531
2753	4.591224221
2754	4.589039572
2755	4.588688645
2756	4.587346647
2757	4.586031877
2758	4.584044122
2759	4.583208265
2760	4.580793629
2761	4.580278048
2762	4.579397371
2763	4.576844196
2764	4.576165837
2765	4.574091023
2766	4.570880974
2767	4.569677918
2768	4.56791339
2769	4.56595759
2770	4.564973903
2771	4.562705556
2772	4.560894234
2773	4.559932041
2774	4.559535408
2775	4.558180139
2776	4.556697814
2777	4.555783501
2778	4.554821554
2779	4.554234445
2780	4.553249004
2781	4.551401997
2782	4.551187994
2783	4.549355924
2784	4.54715697
2785	4.545082984
2786	4.544080319
2787	4.542146951
2788	4.539495662
2789	4.537340028
2790	4.535041545
2791	4.534002046
2792	4.53234721
2793	4.530957865
2794	4.529193917
2795	4.527312041
2796	4.526071182
2797	4.524067839
2798	4.522676017
2799	4.521006644
2800	4.518001228
2801	4.51571796
2802	4.513957631
2803	4.513013594
2804	4.512285854
2805	4.510888248
2806	4.508355826
2807	4.506691305
2808	4.505222419
2809	4.504160781
2810	4.503226549
2811	4.501407178
2812	4.499472365
2813	4.497838443
2814	4.496747219
2815	4.494441993
2816	4.493868616
2817	4.491594852
2818	4.490077479
2819	4.489076397
2820	4.487590005
2821	4.486940387
2822	4.486018603
2823	4.483855241
2824	4.482048503
2825	4.480796859
2826	4.479583358
2827	4.478070774
2828	4.47601508
2829	4.475280001
2830	4.472633568
2831	4.470489996
2832	4.467716577
2833	4.46540333
2834	4.46338175
2835	4.463213421
2836	4.462705038
2837	4.46245715
2838	4.461129199
2839	4.45985998
2840	4.458116841
2841	4.456143651
2842	4.456087866
2843	4.454495668
2844	4.451269771
2845	4.449823967
2846	4.448557156
2847	4.44730047
2848	4.44641974
2849	4.445548146
2850	4.444790577
2851	4.4420951
2852	4.440961548
2853	4.438107333
2854	4.436388359
2855	4.4339541
2856	4.432873518
2857	4.431857085
2858	4.430398087
2859	4.427286563
2860	4.425453286
2861	4.424106788
2862	4.421582092
2863	4.420842744
2864	4.420774874
2865	4.418584589
2866	4.417759707
2867	4.416393695
2868	4.414945832
2869	4.413273655
2870	4.412814217
2871	4.412139525
2872	4.40979759
2873	4.406880457
2874	4.405976884
2875	4.405479307
2876	4.404092769
2877	4.401991821
2878	4.400815678
2879	4.398192666
2880	4.39733682
2881	4.39629645
2882	4.39292292
2883	4.391818235
2884	4.391476748
2885	4.389848846
2886	4.388842867
2887	4.387205072
2888	4.386391818
2889	4.386259688
2890	4.384204007
2891	4.383438928
2892	4.381488482
2893	4.379741393
2894	4.378775461
2895	4.377441779
2896	4.376097476
2897	4.374394707
2898	4.372496062
2899	4.370506611
2900	4.368080877
2901	4.368037839
2902	4.367156374
2903	4.365574149
2904	4.363461857
2905	4.363138745
2906	4.361906147
2907	4.360602565
2908	4.358837702
2909	4.358405676
2910	4.35702479
2911	4.3546513
2912	4.352921223
2913	4.352026083
2914	4.35134945
2915	4.351313929
2916	4.350982007
2917	4.348291635
2918	4.348125624
2919	4.346341353
2920	4.343919283
2921	4.342594701
2922	4.34166997
2923	4.339109589
2924	4.338259266
2925	4.336635936
2926	4.334033042
2927	4.332380123
2928	4.330724434
2929	4.32990031
2930	4.328436641
2931	4.326605212
2932	4.325925265
2933	4.325887782
2934	4.325106661
2935	4.323468952
2936	4.321909594
2937	4.321551301
2938	4.320739439
2939	4.319313906
2940	4.317545345
2941	4.315968023
2942	4.314234435
2943	4.312144867
2944	4.309962497
2945	4.308100317
2946	4.305402458
2947	4.302753985
2948	4.301109382
2949	4.300307813
2950	4.298687918
2951	4.296317388
2952	4.296234363
2953	4.29485674
2954	4.293577118
2955	4.292164147
2956	4.290160374
2957	4.288996735
2958	4.28720868
2959	4.285816117
2960	4.283342587
2961	4.282515557
2962	4.280548829
2963	4.278948496
2964	4.277087717
2965	4.27524981
2966	4.274285625
2967	4.272927219
2968	4.271183935
2969	4.268614311
2970	4.265919766
2971	4.264420725
2972	4.263517058
2973	4.2620994
2974	4.260250823
2975	4.258893886
2976	4.257103082
2977	4.256098297
2978	4.255889194
2979	4.253991471
2980	4.253740295
2981	4.251024685
2982	4.249147244
2983	4.247659614
2984	4.245619883
2985	4.244504147
2986	4.244306347
2987	4.242910713
2988	4.242847786
2989	4.241424041
2990	4.239691729
2991	4.237763265
2992	4.236273879
2993	4.235130043
2994	4.233519372
2995	4.232961502
2996	4.230525005
2997	4.22890804
2998	4.226370619
2999	4.225350911
3000	4.222435995
3001	4.221758504
3002	4.219963225
3003	4.218250302
3004	4.217345405
3005	4.216993607
3006	4.215047062
3007	4.214993412
3008	4.214126438
3009	4.212278782
3010	4.21071974
3011	4.210624794
3012	4.208703616
3013	4.207704376
3014	4.206219946
3015	4.20496826
3016	4.203734806
3017	4.203147982
3018	4.202193495
3019	4.200127179
3020	4.197187072
3021	4.196209987
3022	4.194893049
3023	4.194229125
3024	4.191804356
3025	4.190779457
3026	4.18895887
3027	4.1876854
3028	4.186163042
3029	4.185473003
3030	4.184338127
3031	4.183234937
3032	4.18248309
3033	4.179693785
3034	4.179544805
3035	4.177843159
3036	4.176469828
3037	4.174552847
3038	4.172840792
3039	4.17156978
3040	4.170799351
3041	4.169809681
3042	4.168162402
3043	4.16760054
3044	4.165717558
3045	4.164412524
3046	4.162343891
3047	4.1608756
3048	4.159728728
3049	4.159203869
3050	4.15843863
3051	4.15704388
3052	4.154851305
3053	4.15350197
3054	4.151893841
3055	4.151840763
3056	4.150090355
3057	4.149296113
3058	4.148417484
3059	4.147057858
3060	4.145485204
3061	4.143696919
3062	4.142293122
3063	4.141783125
3064	4.140454688
3065	4.139221245
3066	4.13672679
3067	4.136633588
3068	4.135815787
3069	4.134821011
3070	4.132056148
3071	4.130533643
3072	4.129168509
3073	4.127317346
3074	4.125808688
3075	4.125670557
3076	4.123615713
3077	4.121683222
3078	4.11936898
3079	4.118246312
3080	4.115924359
3081	4.115332967
3082	4.114956872
3083	4.114408831
3084	4.113495056
3085	4.112846061
3086	4.111718856
3087	4.109798435
3088	4.108896387
3089	4.107412974
3090	4.105431811
3091	4.104106834
3092	4.10246584
3093	4.102336539
3094	4.101095603
3095	4.099519748
3096	4.098776447
3097	4.097567011
3098	4.095093031
3099	4.094341832
3100	4.093479298
3101	4.093414724
3102	4.092432876
3103	4.091795112
3104	4.090985098
3105	4.088605076
3106	4.087377054
3107	4.086415547
3108	4.085021656
3109	4.083774427
3110	4.083739047
3111	4.081552863
3112	4.080368045
3113	4.079709698
3114	4.079015662
3115	4.077423011
3116	4.076261507
3117	4.075180029
3118	4.074272863
3119	4.074139233
3120	4.073389234
3121	4.071844992
3122	4.07088768
3123	4.068967945
3124	4.068136827
3125	4.066743688
3126	4.066090303
3127	4.06419216
3128	4.063567796
3129	4.06173017
3130	4.060302229
3131	4.059539541
3132	4.058152887
3133	4.056077393
3134	4.054806544
3135	4.052992762
3136	4.051138056
3137	4.050627745
3138	4.049860549
3139	4.048694274
3140	4.047640241
3141	4.047495214
3142	4.046815197
3143	4.045433679
3144	4.044612604
3145	4.044431711
3146	4.04275157
3147	4.040697322
3148	4.039568562
3149	4.038046335
3150	4.03620103
3151	4.034531058
3152	4.033458745
3153	4.032546953
3154	4.030255426
3155	4.030145289
3156	4.028369997
3157	4.026804369
3158	4.02590245
3159	4.025571575
3160	4.024070259
3161	4.023036686
3162	4.02105265
3163	4.020955661
3164	4.019356474
3165	4.018868296
3166	4.018528116
3167	4.017666985
3168	4.015307459
3169	4.014464864
3170	4.01282858
3171	4.011821202
3172	4.011722732
3173	4.009640144
3174	4.008642199
3175	4.007650818
3176	4.007614616
3177	4.007578756
3178	4.00464266
3179	4.003897086
3180	4.001655818
3181	4.000016943
3182	3.999115237
3183	3.998477351
3184	3.997294635
3185	3.996859048
3186	3.994704359
3187	3.993342956
3188	3.993018379
3189	3.992109269
3190	3.990504305
3191	3.988671772
3192	3.988559772
3193	3.987816564
3194	3.987215051
3195	3.986590726
3196	3.984961767
3197	3.983382067
3198	3.983323118
3199	3.982653141
3200	3.98237811
3201	3.980662196
3202	3.980203947
3203	3.979385166
3204	3.97896387
3205	3.977137645
3206	3.976390555
3207	3.974847852
3208	3.97353721
3209	3.972838157
3210	3.972299985
3211	3.970511385
3212	3.970057719
3213	3.969299446
3214	3.968839134
3215	3.968798849
3216	3.967818803
3217	3.966318605
3218	3.966286449
3219	3.964761068
3220	3.963973355
3221	3.961752051
3222	3.960854736
3223	3.960089943
3224	3.958179154
3225	3.957277234
3226	3.954392792
3227	3.953465993
3228	3.952602677
3229	3.950690096
3230	3.948918986
3231	3.947143671
3232	3.945671337
3233	3.945641692
3234	3.944871981
3235	3.944537024
3236	3.943698113
3237	3.942100728
3238	3.940081233
3239	3.938668116
3240	3.93686614
3241	3.935867587
3242	3.934477227
3243	3.933574305
3244	3.932785524
3245	3.932143219
3246	3.93038405
3247	3.928906894
3248	3.927873335
3249	3.927832294
3250	3.926471909
3251	3.925485149
3252	3.923374196
3253	3.922753262
3254	3.921834771
3255	3.920202979
3256	3.918897824
3257	3.917333475
3258	3.916102935
3259	3.916081235
3260	3.915507721
3261	3.91396903
3262	3.913243695
3263	3.912339778
3264	3.912296475
3265	3.911254866
3266	3.911234707
3267	3.910855626
3268	3.909349141
3269	3.908726201
3270	3.907848024
3271	3.907046594
3272	3.905137787
3273	3.903310466
3274	3.902799699
3275	3.900690032
3276	3.900533837
3277	3.900320811
3278	3.89871066
3279	3.897606329
3280	3.895848855
3281	3.894533235
3282	3.892829884
3283	3.891802039
3284	3.891399518
3285	3.89063764
3286	3.888934821
3287	3.887425154
3288	3.885260631
3289	3.884263504
3290	3.883409088
3291	3.882875672
3292	3.882791321
3293	3.881383868
3294	3.880231957
3295	3.880086325
3296	3.879938924
3297	3.879309787
3298	3.878488828
3299	3.876736017
3300	3.875871052
3301	3.874876819
3302	3.873586724
3303	3.872882614
3304	3.872408304
3305	3.870964257
3306	3.870941777
3307	3.869707125
3308	3.86847082
3309	3.867795251
3310	3.867023525
3311	3.865280953
3312	3.863809823
3313	3.862659573
3314	3.861879294
3315	3.860630426
3316	3.859198053
3317	3.858373649
3318	3.857318361
3319	3.855979361
3320	3.854772005
3321	3.853340778
3322	3.853040047
3323	3.851676855
3324	3.850620406
3325	3.849731398
3326	3.847186826
3327	3.845693823
3328	3.84427482
3329	3.842610538
3330	3.839768032
3331	3.839219835
3332	3.838761944
3333	3.836529291
3334	3.834857428
3335	3.834737022
3336	3.832634928
3337	3.831476154
3338	3.830543075
3339	3.830361256
3340	3.829757985
3341	3.828530228
3342	3.828296657
3343	3.826614875
3344	3.825361442
3345	3.824960191
3346	3.822620208
3347	3.821600557
3348	3.821550091
3349	3.821503563
3350	3.820223201
3351	3.819645486
3352	3.818410527
3353	3.817670078
3354	3.816620156
3355	3.816110483
3356	3.814378837
3357	3.812405582
3358	3.811237405
3359	3.809958262
3360	3.809759126
3361	3.807959503
3362	3.806428155
3363	3.804967038
3364	3.803461795
3365	3.801520594
3366	3.799701543
3367	3.799113145
3368	3.79864596
3369	3.797844074
3370	3.797033464
3371	3.795728371
3372	3.794861929
3373	3.793464587
3374	3.79230639
3375	3.790658812
3376	3.78931053
3377	3.787253627
3378	3.78618214
3379	3.784330365
3380	3.783318835
3381	3.782121021
3382	3.781711735
3383	3.78155456
3384	3.780869675
3385	3.780299124
3386	3.77936602
3387	3.778052919
3388	3.776982468
3389	3.776030291
3390	3.775515616
3391	3.775074308
3392	3.773462147
3393	3.771876657
3394	3.769437446
3395	3.768496508
3396	3.767890522
3397	3.766856658
3398	3.766436497
3399	3.76487222
3400	3.76365257
3401	3.763356401
3402	3.762435027
3403	3.760727532
3404	3.759889898
3405	3.75986603
3406	3.75808374
3407	3.757401521
3408	3.757375056
3409	3.756893448
3410	3.755432134
3411	3.754986999
3412	3.753912073
3413	3.753242899
3414	3.752221401
3415	3.752170142
3416	3.749462478
3417	3.748762994
3418	3.748745257
3419	3.74758574
3420	3.746092181
3421	3.745451576
3422	3.743880498
3423	3.742683152
3424	3.74171628
3425	3.741086469
3426	3.739496029
3427	3.739457967
3428	3.738564187
3429	3.738547141
3430	3.737973428
3431	3.73657158
3432	3.736000858
3433	3.734831409
3434	3.734058734
3435	3.732505306
3436	3.732489422
3437	3.730943965
3438	3.729563206
3439	3.728578898
3440	3.726778877
3441	3.726764113
3442	3.724856974
3443	3.723059068
3444	3.720784061
3445	3.72069451
3446	3.720585394
3447	3.719329676
3448	3.718363252
3449	3.717595746
3450	3.716959996
3451	3.715821696
3452	3.715304575
3453	3.714275277
3454	3.713843547
3455	3.712247083
3456	3.71153757
3457	3.711405415
3458	3.710923723
3459	3.710890859
3460	3.710112322
3461	3.708738771
3462	3.708014478
3463	3.704859561
3464	3.704836837
3465	3.704034007
3466	3.703173085
3467	3.701616248
3468	3.700610326
3469	3.699339355
3470	3.698465908
3471	3.698066821
3472	3.697184164
3473	3.695632618
3474	3.695056486
3475	3.693082651
3476	3.692949076
3477	3.691535249
3478	3.689931768
3479	3.688655593
3480	3.687903343
3481	3.68712241
3482	3.686476104
3483	3.685997024
3484	3.685380445
3485	3.683035384
3486	3.682052455
3487	3.680725108
3488	3.67933538
3489	3.678435519
3490	3.678420073
3491	3.67694077
3492	3.67680057
3493	3.676050602
3494	3.674615768
3495	3.67403241
3496	3.67400885
3497	3.672622705
3498	3.671142899
3499	3.669448564
3500	3.667629722
3501	3.666174382
3502	3.664779264
3503	3.663469884
3504	3.662635494
3505	3.660765824
3506	3.660152705
3507	3.65901235
3508	3.657856814
3509	3.656626271
3510	3.654660652
3511	3.6534672
3512	3.652947664
3513	3.652540564
3514	3.65134644
3515	3.651197825
3516	3.649061826
3517	3.647705936
3518	3.646157941
3519	3.645586778
3520	3.644202153
3521	3.644152609
3522	3.642394172
3523	3.642368394
3524	3.641564379
3525	3.64096445
3526	3.639685594
3527	3.638146032
3528	3.636729122
3529	3.635831299
3530	3.63472436
3531	3.633956437
3532	3.632491088
3533	3.631240618
3534	3.62929101
3535	3.627619798
3536	3.626462118
3537	3.625821927
3538	3.624207909
3539	3.621843932
3540	3.620501897
3541	3.619062363
3542	3.617557478
3543	3.615838638
3544	3.614062712
3545	3.613295673
3546	3.611753176
3547	3.611608315
3548	3.610394745
3549	3.609527792
3550	3.608749207
3551	3.606879498
3552	3.60521563
3553	3.60394013
3554	3.601866298
3555	3.600140529
3556	3.599856705
3557	3.598894771
3558	3.597251931
3559	3.596864358
3560	3.596821575
3561	3.59679764
3562	3.59474533
3563	3.593604357
3564	3.593016991
3565	3.592579441
3566	3.591272663
3567	3.589776693
3568	3.589755704
3569	3.58845715
3570	3.587166531
3571	3.586317047
3572	3.585156879
3573	3.583997045
3574	3.583846405
3575	3.583821032
3576	3.582870905
3577	3.582033895
3578	3.581973667
3579	3.580167568
3580	3.579109772
3581	3.57709007
3582	3.575830621
3583	3.574795308
3584	3.573828825
3585	3.572041993
3586	3.571650484
3587	3.571223944
3588	3.569666065
3589	3.568710841
3590	3.568021838
3591	3.56740483
3592	3.566585282
3593	3.565820748
3594	3.565764754
3595	3.564121482
3596	3.562769819
3597	3.562136109
3598	3.561788446
3599	3.561397792
3600	3.559279812
3601	3.558522954
3602	3.5570156
3603	3.556031444
3604	3.556012512
3605	3.555724002
3606	3.554830925
3607	3.554001594
3608	3.552323907
3609	3.551126653
3610	3.549749914
3611	3.549116332
3612	3.54788717
3613	3.545628773
3614	3.545249257
3615	3.545115157
3616	3.543239957
3617	3.543184984
3618	3.54289171
3619	3.54180061
3620	3.541029915
3621	3.541015951
3622	3.54030806
3623	3.539820145
3624	3.538773084
3625	3.537873706
3626	3.53631338
3627	3.535361783
3628	3.533705161
3629	3.533254693
3630	3.532837354
3631	3.530692343
3632	3.530360593
3633	3.528950374
3634	3.528164342
3635	3.52811736
3636	3.526808212
3637	3.524920244
3638	3.52265205
3639	3.522636871
3640	3.521399281
3641	3.520498491
3642	3.519130319
3643	3.518321701
3644	3.516427477
3645	3.515056598
3646	3.513170847
3647	3.511798633
3648	3.510358111
3649	3.509430477
3650	3.508594537
3651	3.507072568
3652	3.507052181
3653	3.505433078
3654	3.503813379
3655	3.50236463
3656	3.500890462
3657	3.499674559
3658	3.498566783
3659	3.497591018
3660	3.496555666
3661	3.496145167
3662	3.496032185
3663	3.494913281
3664	3.493735032
3665	3.49205407
3666	3.491303075
3667	3.489426211
3668	3.48798861
3669	3.486652505
3670	3.48527537
3671	3.485261923
3672	3.484322401
3673	3.483953846
3674	3.482895071
3675	3.481413351
3676	3.480637906
3677	3.47980268
3678	3.478661701
3679	3.477986696
3680	3.476495837
3681	3.476160084
3682	3.475089715
3683	3.474710197
3684	3.473490915
3685	3.47300463
3686	3.472601431
3687	3.471271102
3688	3.470089852
3689	3.468632959
3690	3.466932261
3691	3.465526325
3692	3.464546108
3693	3.464466644
3694	3.463864121
3695	3.463476921
3696	3.463131451
3697	3.461582431
3698	3.461568791
3699	3.46085127
3700	3.458717893
3701	3.457896543
3702	3.456892553
3703	3.455827923
3704	3.454045587
3705	3.452996075
3706	3.452975567
3707	3.451829135
3708	3.451305669
3709	3.4506018
3710	3.449566747
3711	3.448464363
3712	3.446896652
3713	3.445883577
3714	3.445635754
3715	3.445085229
3716	3.444236203
3717	3.443815221
3718	3.441637032
3719	3.441072278
3720	3.440350126
3721	3.439061899
3722	3.437854531
3723	3.436196637
3724	3.436016092
3725	3.43591856
3726	3.435894077
3727	3.434697057
3728	3.433422096
3729	3.432368363
3730	3.430818274
3731	3.42943684
3732	3.427876759
3733	3.427265934
3734	3.426288002
3735	3.426245683
3736	3.424021692
3737	3.423504073
3738	3.423485468
3739	3.421594918
3740	3.419841204
3741	3.41866464
3742	3.416092877
3743	3.414820161
3744	3.413150012
3745	3.412244805
3746	3.411542292
3747	3.410277944
3748	3.409276073
3749	3.409164171
3750	3.408565257
3751	3.407820128
3752	3.405543792
3753	3.404563766
3754	3.403613676
3755	3.402843393
3756	3.401526252
3757	3.400411767
3758	3.399714174
3759	3.398608809
3760	3.397942881
3761	3.397919689
3762	3.397888387
3763	3.396783298
3764	3.39635166
3765	3.395830031
3766	3.395088623
3767	3.394293036
3768	3.394258793
3769	3.39310959
3770	3.392089737
3771	3.390832509
3772	3.390082114
3773	3.389952641
3774	3.3885176
3775	3.386498944
3776	3.386142383
3777	3.386129707
3778	3.385159279
3779	3.384536439
3780	3.383595548
3781	3.381601973
3782	3.379978207
3783	3.37891845
3784	3.377090668
3785	3.376156366
3786	3.375804465
3787	3.375575284
3788	3.374862563
3789	3.37404059
3790	3.372595154
3791	3.372385339
3792	3.371717538
3793	3.37051368
3794	3.370058549
3795	3.369361429
3796	3.368678922
3797	3.367301035
3798	3.365666901
3799	3.365204327
3800	3.364826997
3801	3.364224641
3802	3.363798555
3803	3.363247327
3804	3.362364349
3805	3.361427175
3806	3.360191896
3807	3.359909301
3808	3.358331256
3809	3.357243218
3810	3.355714119
3811	3.354640011
3812	3.353344365
3813	3.35208127
3814	3.349955881
3815	3.349121173
3816	3.348162488
3817	3.346914303
3818	3.346295668
3819	3.345442328
3820	3.344465586
3821	3.343322845
3822	3.342171738
3823	3.340887474
3824	3.339842293
3825	3.33889177
3826	3.337893125
3827	3.336798098
3828	3.334887947
3829	3.333579459
3830	3.333342066
3831	3.332329474
3832	3.331470824
3833	3.329865333
3834	3.329208029
3835	3.328053369
3836	3.327164927
3837	3.325339727
3838	3.325325555
3839	3.324289617
3840	3.323685218
3841	3.322074593
3842	3.320267045
3843	3.319403897
3844	3.318470254
3845	3.317876268
3846	3.316950031
3847	3.315408129
3848	3.314442392
3849	3.312481075
3850	3.310827131
3851	3.310016445
3852	3.309588397
3853	3.307845328
3854	3.307245595
3855	3.305711112
3856	3.304639358
3857	3.303669249
3858	3.303112956
3859	3.301195329
3860	3.300065349
3861	3.298763804
3862	3.296778976
3863	3.295445034
3864	3.294101301
3865	3.292844814
3866	3.292231796
3867	3.290341486
3868	3.289061786
3869	3.288423786
3870	3.287902777
3871	3.286795396
3872	3.286084017
3873	3.284458887
3874	3.283270885
3875	3.283244826
3876	3.282352884
3877	3.281779675
3878	3.280242787
3879	3.278831828
3880	3.277295164
3881	3.276441916
3882	3.275383834
3883	3.274380263
3884	3.273835397
3885	3.271917677
3886	3.270990445
3887	3.27042811
3888	3.269964169
3889	3.267914142
3890	3.267428044
3891	3.266769312
3892	3.26539992
3893	3.264243811
3894	3.263465621
3895	3.262686838
3896	3.26190994
3897	3.260043372
3898	3.258934021
3899	3.258911013
3900	3.258895192
3901	3.257808164
3902	3.256751796
3903	3.255696999
3904	3.255593475
3905	3.255138536
3906	3.253609543
3907	3.252760511
3908	3.25186204
3909	3.250568196
3910	3.249042125
3911	3.248693911
3912	3.248066994
3913	3.247050675
3914	3.246408402
3915	3.245358274
3916	3.244930296
3917	3.244233494
3918	3.242071115
3919	3.240826198
3920	3.240257771
3921	3.240220407
3922	3.237973682
3923	3.235706218
3924	3.234469385
3925	3.233302706
3926	3.232064994
3927	3.230875789
3928	3.230043013
3929	3.228202976
3930	3.228123012
3931	3.226318008
3932	3.226295186
3933	3.224662692
3934	3.223951241
3935	3.222519902
3936	3.221920573
3937	3.221053609
3938	3.220337665
3939	3.21886714
3940	3.217990401
3941	3.216898001
3942	3.215443438
3943	3.214402588
3944	3.213403751
3945	3.213382207
3946	3.212540695
3947	3.212013935
3948	3.211096681
3949	3.210051452
3950	3.20921063
3951	3.208550446
3952	3.207120337
3953	3.204979965
3954	3.203651863
3955	3.202146985
3956	3.20052333
3957	3.198982527
3958	3.197823067
3959	3.197121003
3960	3.195925273
3961	3.195133507
3962	3.194132662
3963	3.193840337
3964	3.192456086
3965	3.190956374
3966	3.189016578
3967	3.188007256
3968	3.185746831
3969	3.184549894
3970	3.184010974
3971	3.182490034
3972	3.181799055
3973	3.180964354
3974	3.180167448
3975	3.178406824
3976	3.177193062
3977	3.175783196
3978	3.174587795
3979	3.174355595
3980	3.173394052
3981	3.172493693
3982	3.171445617
3983	3.169691153
3984	3.169129656
3985	3.167069778
3986	3.166061138
3987	3.165539705
3988	3.164234109
3989	3.162646211
3990	3.16185104
3991	3.160086962
3992	3.159393741
3993	3.158981442
3994	3.157054825
3995	3.156027665
3996	3.155544451
3997	3.15458296
3998	3.152942362
3999	3.152076029
4000	3.151193789
4001	3.150401609
4002	3.149401888
4003	3.148077684
4004	3.14660492
4005	3.145600573
4006	3.145461595
4007	3.14406616
4008	3.142559557
4009	3.141612814
4010	3.140639987
4011	3.139809845
4012	3.138440688
4013	3.13756993
4014	3.136219357
4015	3.134994377
4016	3.133206172
4017	3.13197338
4018	3.130803119
4019	3.129212805
4020	3.128458322
4021	3.127145253
4022	3.126624975
4023	3.125331452
4024	3.124382296
4025	3.123405644
4026	3.122739537
4027	3.122097496
4028	3.120356994
4029	3.119468732
4030	3.118482561
4031	3.118168274
4032	3.117647002
4033	3.116925711
4034	3.115138004
4035	3.113402533
4036	3.112854478
4037	3.112095416
4038	3.111505738
4039	3.110110293
4040	3.10933654
4041	3.108726208
4042	3.107495815
4043	3.106156116
4044	3.104931898
4045	3.103758618
4046	3.102193058
4047	3.100701302
4048	3.098852951
4049	3.09735548
4050	3.095977764
4051	3.09516353
4052	3.093437844
4053	3.092350883
4054	3.092138813
4055	3.09137441
4056	3.089948731
4057	3.089422634
4058	3.088342861
4059	3.088333239
4060	3.087337865
4061	3.087170522
4062	3.086834435
4063	3.086095688
4064	3.084676645
4065	3.083526066
4066	3.083305421
4067	3.082272684
4068	3.08051265
4069	3.079241569
4070	3.077284372
4071	3.07551114
4072	3.075492397
4073	3.074990032
4074	3.07333734
4075	3.073073759
4076	3.073057361
4077	3.072431278
4078	3.071555584
4079	3.070155116
4080	3.068531969
4081	3.067625425
4082	3.066607135
4083	3.065683002
4084	3.064007273
4085	3.063509711
4086	3.062056254
4087	3.061780679
4088	3.060425988
4089	3.058453668
4090	3.057422611
4091	3.055704358
4092	3.054159191
4093	3.054146623
4094	3.053233782
4095	3.052564623
4096	3.051774199
4097	3.050022473
4098	3.049834504
4099	3.049772608
4100	3.04910979
4101	3.048537326
4102	3.047952533
4103	3.047930408
4104	3.046489863
4105	3.046301755
4106	3.045719177
4107	3.044973569
4108	3.044380465
4109	3.043009715
4110	3.041817341
4111	3.041186871
4112	3.040111217
4113	3.039097415
4114	3.038844083
4115	3.037053838
4116	3.036932891
4117	3.03558567
4118	3.035512027
4119	3.034110037
4120	3.033292676
4121	3.033170157
4122	3.032345667
4123	3.03139431
4124	3.030245039
4125	3.028985619
4126	3.028156509
4127	3.027581119
4128	3.027157927
4129	3.026287368
4130	3.025193554
4131	3.023796165
4132	3.023391114
4133	3.021815211
4134	3.020309268
4135	3.020033815
4136	3.018823515
4137	3.018748289
4138	3.01793126
4139	3.017187121
4140	3.017080611
4141	3.01534212
4142	3.014390024
4143	3.013557497
4144	3.012257764
4145	3.011552696
4146	3.010721957
4147	3.009152385
4148	3.007858142
4149	3.006672752
4150	3.006060049
4151	3.004816039
4152	3.004636255
4153	3.003829316
4154	3.003203596
4155	3.002307173
4156	3.001419993
4157	3.000923207
4158	3.000168587
4159	2.999628479
4160	2.999481932
4161	2.997635584
4162	2.996776351
4163	2.995752216
4164	2.994554563
4165	2.993227572
4166	2.992378384
4167	2.991347891
4168	2.990585668
4169	2.990573341
4170	2.989774776
4171	2.989761717
4172	2.988606335
4173	2.987434474
4174	2.986956011
4175	2.985962434
4176	2.984347911
4177	2.983748162
4178	2.983394027
4179	2.982838622
4180	2.982803041
4181	2.98195551
4182	2.980973401
4183	2.979803292
4184	2.978747273
4185	2.977640038
4186	2.976669525
4187	2.975952381
4188	2.975726198
4189	2.974997076
4190	2.974075834
4191	2.972983499
4192	2.972649844
4193	2.971959142
4194	2.970546864
4195	2.969514243
4196	2.969193218
4197	2.967884511
4198	2.966599375
4199	2.965681378
4200	2.965311237
4201	2.963421222
4202	2.962513238
4203	2.961521642
4204	2.961276505
4205	2.961266608
4206	2.960283172
4207	2.960103548
4208	2.959246073
4209	2.958173671
4210	2.95697018
4211	2.956064186
4212	2.95527405
4213	2.954355482
4214	2.954276567
4215	2.952985656
4216	2.951690686
4217	2.951362873
4218	2.950043948
4219	2.949106022
4220	2.948092181
4221	2.947128123
4222	2.946583969
4223	2.946048765
4224	2.94433046
4225	2.943789232
4226	2.943779026
4227	2.943446362
4228	2.943087803
4229	2.942381817
4230	2.941191349
4231	2.940520256
4232	2.939297049
4233	2.937873711
4234	2.937855138
4235	2.937797365
4236	2.93770055
4237	2.936581335
4238	2.935897128
4239	2.935876451
4240	2.934158463
4241	2.932639771
4242	2.932080342
4243	2.930973945
4244	2.930350244
4245	2.929742641
4246	2.928044288
4247	2.926614506
4248	2.925520145
4249	2.924439467
4250	2.922856835
4251	2.921271673
4252	2.91997934
4253	2.919321125
4254	2.918868455
4255	2.917585249
4256	2.916376744
4257	2.915133789
4258	2.914678097
4259	2.913455513
4260	2.912444864
4261	2.911697384
4262	2.910277844
4263	2.909903538
4264	2.909404139
4265	2.908386133
4266	2.907499586
4267	2.906370444
4268	2.905105386
4269	2.904590338
4270	2.904020814
4271	2.902902784
4272	2.901839713
4273	2.900542347
4274	2.899364414
4275	2.898223826
4276	2.897357531
4277	2.896650676
4278	2.895845877
4279	2.895386731
4280	2.894453699
4281	2.892946454
4282	2.891917309
4283	2.891226387
4284	2.89011145
4285	2.889356841
4286	2.887934008
4287	2.886657516
4288	2.885908314
4289	2.885315703
4290	2.884307204
4291	2.883576627
4292	2.882501195
4293	2.880873853
4294	2.880853304
4295	2.880131445
4296	2.879254251
4297	2.878546412
4298	2.877659612
4299	2.876536214
4300	2.875476166
4301	2.874408743
4302	2.874012167
4303	2.873441644
4304	2.87218854
4305	2.871496145
4306	2.869958363
4307	2.869496816
4308	2.868059025
4309	2.866658169
4310	2.865187477
4311	2.865159785
4312	2.86474135
4313	2.863689116
4314	2.862816762
4315	2.862271178
4316	2.861711663
4317	2.860562418
4318	2.86055108
4319	2.858808875
4320	2.858394055
4321	2.857235425
4322	2.856273824
4323	2.85487354
4324	2.853997296
4325	2.852427366
4326	2.851289077
4327	2.850820741
4328	2.849861357
4329	2.848950308
4330	2.847858228
4331	2.847242284
4332	2.845921084
4333	2.845462591
4334	2.84428582
4335	2.843377986
4336	2.843243754
4337	2.841884488
4338	2.841408848
4339	2.840372491
4340	2.839521462
4341	2.839445625
4342	2.838354791
4343	2.83757937
4344	2.837344772
4345	2.83642533
4346	2.835372976
4347	2.835352764
4348	2.833987444
4349	2.832886443
4350	2.831924625
4351	2.831478962
4352	2.830191803
4353	2.829616644
4354	2.828240942
4355	2.827851648
4356	2.826940782
4357	2.826388686
4358	2.825304469
4359	2.82407379
4360	2.822842828
4361	2.822378287
4362	2.820658748
4363	2.819999569
4364	2.819044679
4365	2.817737456
4366	2.817112219
4367	2.816975969
4368	2.816098938
4369	2.815426388
4370	2.815091858
4371	2.814199475
4372	2.813559512
4373	2.813018752
4374	2.81235609
4375	2.811679747
4376	2.810848583
4377	2.810077792
4378	2.809551161
4379	2.808472605
4380	2.807577294
4381	2.806973513
4382	2.806756019
4383	2.806377282
4384	2.806360685
4385	2.806168089
4386	2.80514257
4387	2.803878447
4388	2.803031979
4389	2.802398737
4390	2.802202667
4391	2.802037974
4392	2.801055216
4393	2.80009113
4394	2.798642258
4395	2.798229705
4396	2.797890421
4397	2.796709748
4398	2.795438342
4399	2.794330653
4400	2.794319468
4401	2.793756478
4402	2.793134581
4403	2.79311198
4404	2.792498004
4405	2.791054239
4406	2.790325409
4407	2.789754862
4408	2.788545408
4409	2.786904506
4410	2.786899805
4411	2.786505817
4412	2.785811289
4413	2.784289539
4414	2.783856384
4415	2.783670245
4416	2.782354719
4417	2.78084512
4418	2.779924924
4419	2.778430986
4420	2.777611871
4421	2.776700305
4422	2.776329744
4423	2.776011183
4424	2.774982563
4425	2.773073833
4426	2.772101382
4427	2.77091594
4428	2.770582687
4429	2.770271056
4430	2.768666848
4431	2.767481878
4432	2.765849277
4433	2.764880075
4434	2.763849662
4435	2.76384286
4436	2.76282491
4437	2.761377822
4438	2.760430772
4439	2.759297937
4440	2.758552784
4441	2.757811967
4442	2.757117067
4443	2.755769612
4444	2.754522869
4445	2.754501378
4446	2.753772895
4447	2.752384998
4448	2.751652854
4449	2.750735049
4450	2.750285653
4451	2.749437914
4452	2.747892594
4453	2.747857471
4454	2.746352344
4455	2.74627336
4456	2.745398623
4457	2.744709387
4458	2.743852286
4459	2.742963482
4460	2.742417596
4461	2.741968492
4462	2.741505483
4463	2.741074912
4464	2.739797601
4465	2.738790267
4466	2.737897819
4467	2.737018113
4468	2.735975716
4469	2.734706058
4470	2.734621843
4471	2.733985992
4472	2.733253206
4473	2.732298737
4474	2.73176652
4475	2.731354932
4476	2.730117683
4477	2.728900326
4478	2.727934729
4479	2.726646164
4480	2.72593417
4481	2.724902478
4482	2.72355589
4483	2.722985204
4484	2.722026281
4485	2.721196335
4486	2.720061349
4487	2.719012384
4488	2.717976158
4489	2.717056944
4490	2.716608037
4491	2.716572177
4492	2.716352156
4493	2.715779473
4494	2.715444613
4495	2.714963098
4496	2.714728227
4497	2.714022446
4498	2.71340455
4499	2.712901804
4500	2.712480856
4501	2.711514838
4502	2.711071233
4503	2.710611347
4504	2.710010671
4505	2.70901079
4506	2.708778007
4507	2.708428406
4508	2.707499309
4509	2.706617848
4510	2.705318479
4511	2.704377181
4512	2.703527053
4513	2.70277571
4514	2.701954949
4515	2.701098513
4516	2.699592965
4517	2.698277858
4518	2.697324969
4519	2.696404452
4520	2.696136416
4521	2.696113878
4522	2.69593147
4523	2.695314803
4524	2.694498065
4525	2.693411947
4526	2.692613594
4527	2.69192322
4528	2.691912033
4529	2.691249623
4530	2.689934329
4531	2.689916333
4532	2.689446263
4533	2.688402346
4534	2.687380261
4535	2.685936446
4536	2.685846921
4537	2.684898191
4538	2.684212809
4539	2.683107055
4540	2.682153551
4541	2.681749086
4542	2.680647429
4543	2.679614423
4544	2.678168555
4545	2.678113265
4546	2.677515489
4547	2.676442629
4548	2.675472712
4549	2.674641289
4550	2.673880685
4551	2.673077917
4552	2.672680375
4553	2.67224829
4554	2.671693932
4555	2.670918528
4556	2.670443699
4557	2.668880846
4558	2.667548919
4559	2.666499711
4560	2.666024348
4561	2.665004826
4562	2.663813132
4563	2.663729681
4564	2.662972068
4565	2.661964378
4566	2.661439557
4567	2.659967285
4568	2.659133181
4569	2.658290305
4570	2.657708723
4571	2.657236184
4572	2.656887377
4573	2.656019582
4574	2.655973269
4575	2.654667355
4576	2.653882236
4577	2.652849974
4578	2.652398826
4579	2.651698263
4580	2.650923985
4581	2.650399722
4582	2.649811247
4583	2.649491413
4584	2.648516563
4585	2.647920338
4586	2.647542062
4587	2.647527435
4588	2.646346363
4589	2.645701532
4590	2.645221179
4591	2.644128769
4592	2.643996823
4593	2.64295736
4594	2.641732924
4595	2.641020207
4596	2.640325415
4597	2.639701119
4598	2.638558571
4599	2.636955715
4600	2.635736873
4601	2.634799158
4602	2.633554207
4603	2.631806565
4604	2.631758167
4605	2.631739701
4606	2.630604263
4607	2.629540407
4608	2.62834532
4609	2.627025526
4610	2.62601059
4611	2.625172454
4612	2.625156789
4613	2.624110138
4614	2.622838382
4615	2.622133415
4616	2.621346459
4617	2.620865311
4618	2.620002673
4619	2.619584754
4620	2.618158189
4621	2.617135559
4622	2.617121655
4623	2.615734374
4624	2.614975267
4625	2.61496143
4626	2.614483142
4627	2.613195562
4628	2.613184373
4629	2.612348358
4630	2.612163112
4631	2.611732395
4632	2.610839805
4633	2.609872501
4634	2.608581511
4635	2.60774381
4636	2.606948063
4637	2.606599058
4638	2.606329446
4639	2.605183392
4640	2.604009411
4641	2.603213337
4642	2.601972126
4643	2.601135781
4644	2.600462582
4645	2.599656601
4646	2.598804058
4647	2.59879614
4648	2.598784489
4649	2.598663999
4650	2.598648473
4651	2.597589738
4652	2.596935467
4653	2.596140863
4654	2.594889207
4655	2.593811121
4656	2.593199713
4657	2.592606419
4658	2.592210864
4659	2.5915592
4660	2.590998776
4661	2.589982885
4662	2.589972032
4663	2.588708322
4664	2.588488497
4665	2.588090375
4666	2.587194809
4667	2.585662596
4668	2.58547002
4669	2.584642265
4670	2.583106185
4671	2.582295302
4672	2.581562603
4673	2.580563689
4674	2.580555703
4675	2.579655879
4676	2.579163878
4677	2.577884188
4678	2.577236471
4679	2.575558522
4680	2.574076969
4681	2.573405262
4682	2.572542595
4683	2.57172007
4684	2.570453804
4685	2.570434729
4686	2.570244555
4687	2.569191206
4688	2.568518047
4689	2.567429139
4690	2.565955981
4691	2.565301179
4692	2.565061193
4693	2.563841825
4694	2.563464112
4695	2.563058857
4696	2.561188038
4697	2.560647079
4698	2.560107022
4699	2.558983202
4700	2.558447054
4701	2.557515262
4702	2.557505757
4703	2.556702494
4704	2.555809295
4705	2.55514852
4706	2.553882926
4707	2.553275564
4708	2.55270216
4709	2.551402721
4710	2.551392028
4711	2.551381355
4712	2.550799273
4713	2.550769109
4714	2.550547109
4715	2.549188729
4716	2.547850944
4717	2.547356236
4718	2.546662333
4719	2.545612521
4720	2.544933039
4721	2.544050531
4722	2.542933908
4723	2.541543558
4724	2.540684847
4725	2.540215225
4726	2.539669212
4727	2.539155708
4728	2.538229867
4729	2.537687108
4730	2.536531675
4731	2.535484952
4732	2.534644997
4733	2.534359252
4734	2.532918167
4735	2.532155029
4736	2.531330487
4737	2.530655393
4738	2.530031275
4739	2.529318515
4740	2.528831022
4741	2.52785002
4742	2.527200189
4743	2.526192949
4744	2.525259809
4745	2.524663864
4746	2.523729828
4747	2.522789939
4748	2.522778555
4749	2.522044428
4750	2.521635733
4751	2.521621172
4752	2.520070916
4753	2.519228452
4754	2.518938348
4755	2.517802593
4756	2.517199017
4757	2.516069819
4758	2.515978594
4759	2.51511809
4760	2.514802704
4761	2.513375147
4762	2.512899092
4763	2.512887739
4764	2.511774388
4765	2.511180021
4766	2.510226155
4767	2.509629713
4768	2.508424693
4769	2.507584362
4770	2.507041032
4771	2.505790966
4772	2.505281593
4773	2.504246544
4774	2.504233441
4775	2.503759093
4776	2.503103337
4777	2.501712988
4778	2.501166093
4779	2.501118995
4780	2.499390427
4781	2.498809159
4782	2.498233494
4783	2.496878058
4784	2.495424965
4785	2.494612671
4786	2.493942155
4787	2.492723143
4788	2.492117674
4789	2.490902484
4790	2.49014678
4791	2.490138266
4792	2.489931456
4793	2.489508735
4794	2.488737464
4795	2.488333704
4796	2.487302486
4797	2.486257069
4798	2.485440681
4799	2.485409975
4800	2.484344743
4801	2.484327082
4802	2.484017309
4803	2.483589441
4804	2.482499794
4805	2.481281501
4806	2.479832057
4807	2.479768146
4808	2.479044692
4809	2.478429668
4810	2.477898899
4811	2.47669641
4812	2.475463887
4813	2.474912771
4814	2.474697041
4815	2.473688206
4816	2.47212446
4817	2.47087574
4818	2.470643083
4819	2.470252675
4820	2.469700052
4821	2.468787934
4822	2.467932897
4823	2.46723263
4824	2.466275718
4825	2.465856129
4826	2.465420692
4827	2.46468821
4828	2.463945483
4829	2.463202554
4830	2.461970938
4831	2.461273197
4832	2.46027676
4833	2.459822319
4834	2.459806537
4835	2.458770251
4836	2.457715921
4837	2.456887909
4838	2.456224765
4839	2.455677412
4840	2.455399743
4841	2.454488566
4842	2.453851915
4843	2.453537423
4844	2.452534499
4845	2.452530141
4846	2.452198535
4847	2.451243065
4848	2.450635464
4849	2.450620014
4850	2.450219344
4851	2.44938049
4852	2.44931708
4853	2.448824179
4854	2.448050382
4855	2.44682107
4856	2.445779084
4857	2.445540009
4858	2.445122533
4859	2.444118202
4860	2.443131786
4861	2.442136432
4862	2.441383525
4863	2.440653775
4864	2.439820873
4865	2.43939468
4866	2.438752227
4867	2.438338149
4868	2.437516684
4869	2.436633218
4870	2.43537194
4871	2.434582235
4872	2.433429576
4873	2.432823606
4874	2.432073279
4875	2.431345859
4876	2.430302525
4877	2.42930666
4878	2.428756071
4879	2.428027683
4880	2.42716458
4881	2.42608129
4882	2.42534421
4883	2.424670831
4884	2.424323609
4885	2.423557676
4886	2.423535864
4887	2.423270868
4888	2.423251039
4889	2.422608128
4890	2.422254541
4891	2.42161153
4892	2.421600677
4893	2.421034733
4894	2.420196136
4895	2.419811164
4896	2.418669
4897	2.417563366
4898	2.416675255
4899	2.416160067
4900	2.416136923
4901	2.415942433
4902	2.41549582
4903	2.414761566
4904	2.413974647
4905	2.413514384
4906	2.413299943
4907	2.411910222
4908	2.410814749
4909	2.409599094
4910	2.409339503
4911	2.408202467
4912	2.407379723
4913	2.405993412
4914	2.405154349
4915	2.404865942
4916	2.403785558
4917	2.402736355
4918	2.401766996
4919	2.400822954
4920	2.400170934
4921	2.399316706
4922	2.398249077
4923	2.397432397
4924	2.397252491
4925	2.396776901
4926	2.395519517
4927	2.394926308
4928	2.394922165
4929	2.394197324
4930	2.393753375
4931	2.392675242
4932	2.391172788
4933	2.390404308
4934	2.38950627
4935	2.389084081
4936	2.389024675
4937	2.388166389
4938	2.387686058
4939	2.387109722
4940	2.386621593
4941	2.386046722
4942	2.385593411
4943	2.385128696
4944	2.384530309
4945	2.383899404
4946	2.383426258
4947	2.382370747
4948	2.381494044
4949	2.380501195
4950	2.379563847
4951	2.378831722
4952	2.378076532
4953	2.37684225
4954	2.375831239
4955	2.375360741
4956	2.374695103
4957	2.374178874
4958	2.373105733
4959	2.372614958
4960	2.372021991
4961	2.371022043
4962	2.370438526
4963	2.36993304
4964	2.369922646
4965	2.369057518
4966	2.368455625
4967	2.367357403
4968	2.36618512
4969	2.365528211
4970	2.364594814
4971	2.363594276
4972	2.362956502
4973	2.361934685
4974	2.361319578
4975	2.360308292
4976	2.360008699
4977	2.359281382
4978	2.358088722
4979	2.357527394
4980	2.356726909
4981	2.355797504
4982	2.355523549
4983	2.355507858
4984	2.355077669
4985	2.35405616
4986	2.353393182
4987	2.352356797
4988	2.351700198
4989	2.350631753
4990	2.34885941
4991	2.348632612
4992	2.347496867
4993	2.347102647
4994	2.346802026
4995	2.346362671
4996	2.344916137
4997	2.344605912
4998	2.344027292
4999	2.343061291
5000	2.343052576
5001	2.342346823
5002	2.341071122
5003	2.340311144
5004	2.339015976
5005	2.33900574
5006	2.338443701
5007	2.338127494
5008	2.337302334
5009	2.336358952
5010	2.335744007
5011	2.335312014
5012	2.33457916
5013	2.333770108
5014	2.333040864
5015	2.331982709
5016	2.331195411
5017	2.330886245
5018	2.329402869
5019	2.328709135
5020	2.327787818
5021	2.327393711
5022	2.326270271
5023	2.325401676
5024	2.324870945
5025	2.324146904
5026	2.323489241
5027	2.32287606
5028	2.322368364
5029	2.321785013
5030	2.321075536
5031	2.320380137
5032	2.319435875
5033	2.318759756
5034	2.317712097
5035	2.317311692
5036	2.316083931
5037	2.315064877
5038	2.314995779
5039	2.314987939
5040	2.313805607
5041	2.313007351
5042	2.312454942
5043	2.311831988
5044	2.311121068
5045	2.310311164
5046	2.309826339
5047	2.309113103
5048	2.309019303
5049	2.30900102
5050	2.307853624
5051	2.307460114
5052	2.306507766
5053	2.305783524
5054	2.304978317
5055	2.304581004
5056	2.303595321
5057	2.303057474
5058	2.302679023
5059	2.301740852
5060	2.300865323
5061	2.300073962
5062	2.299076213
5063	2.298706077
5064	2.297723498
5065	2.297237267
5066	2.296349586
5067	2.295918154
5068	2.29481918
5069	2.293649524
5070	2.293509289
5071	2.292334128
5072	2.291466736
5073	2.290609118
5074	2.289770201
5075	2.288856135
5076	2.287832336
5077	2.287362119
5078	2.287073777
5079	2.286201177
5080	2.285590647
5081	2.284855261
5082	2.284419591
5083	2.283668698
5084	2.282783763
5085	2.281836114
5086	2.281050862
5087	2.28008086
5088	2.279655427
5089	2.279101888
5090	2.278343403
5091	2.278159767
5092	2.278150542
5093	2.277241001
5094	2.276592572
5095	2.275804783
5096	2.274751633
5097	2.274164253
5098	2.273619317
5099	2.273244282
5100	2.272946212
5101	2.272188039
5102	2.271413078
5103	2.270833217
5104	2.269817827
5105	2.269562423
5106	2.269249747
5107	2.268460076
5108	2.267545683
5109	2.267054414
5110	2.266619732
5111	2.266339334
5112	2.265356976
5113	2.265232098
5114	2.264771238
5115	2.263861569
5116	2.263261913
5117	2.262457425
5118	2.261647514
5119	2.260238379
5120	2.25999981
5121	2.259687088
5122	2.259065838
5123	2.25844224
5124	2.258041163
5125	2.257082359
5126	2.256679258
5127	2.25573465
5128	2.255293707
5129	2.254984413
5130	2.25438322
5131	2.253572927
5132	2.252915938
5133	2.252255402
5134	2.251577029
5135	2.250647813
5136	2.250083221
5137	2.250078187
5138	2.249247309
5139	2.24868532
5140	2.247828849
5141	2.247468044
5142	2.246873096
5143	2.245858682
5144	2.245443364
5145	2.244634355
5146	2.243886296
5147	2.243533071
5148	2.242974483
5149	2.242217866
5150	2.241450613
5151	2.240401402
5152	2.239580956
5153	2.238593371
5154	2.237989632
5155	2.236986468
5156	2.236165999
5157	2.235464586
5158	2.234676249
5159	2.234377683
5160	2.233663233
5161	2.233459518
5162	2.232509477
5163	2.231074021
5164	2.230447361
5165	2.229258348
5166	2.228473078
5167	2.228467511
5168	2.227407434
5169	2.226827075
5170	2.226040425
5171	2.224857678
5172	2.224544141
5173	2.224364273
5174	2.223521434
5175	2.223033068
5176	2.222305628
5177	2.221049082
5178	2.220858603
5179	2.219600352
5180	2.218555907
5181	2.21788498
5182	2.21695066
5183	2.216598145
5184	2.216146165
5185	2.215647706
5186	2.215034925
5187	2.214422487
5188	2.213698768
5189	2.212208033
5190	2.211630577
5191	2.211192239
5192	2.210649118
5193	2.209922578
5194	2.209054317
5195	2.208123685
5196	2.207543307
5197	2.206411287
5198	2.205484965
5199	2.204943645
5200	2.204054502
5201	2.203851424
5202	2.203814849
5203	2.202973273
5204	2.20232166
5205	2.201986039
5206	2.200839035
5207	2.200395441
5208	2.199401119
5209	2.199258576
5210	2.198265727
5211	2.197834586
5212	2.196453233
5213	2.195111321
5214	2.194793362
5215	2.193909341
5216	2.192423142
5217	2.191761792
5218	2.190860085
5219	2.19019692
5220	2.188856174
5221	2.188156909
5222	2.18723465
5223	2.187223918
5224	2.1868199
5225	2.18635148
5226	2.185646156
5227	2.185112427
5228	2.184002484
5229	2.183264017
5230	2.181858183
5231	2.180983795
5232	2.180337429
5233	2.180063384
5234	2.179914914
5235	2.179844106
5236	2.178619633
5237	2.177879136
5238	2.177534551
5239	2.176994227
5240	2.176414802
5241	2.176385688
5242	2.17589022
5243	2.175085831
5244	2.174192124
5245	2.173940178
5246	2.173502055
5247	2.173021928
5248	2.172176388
5249	2.171090084
5250	2.17024868
5251	2.169959051
5252	2.169580893
5253	2.168784258
5254	2.167795487
5255	2.167308514
5256	2.166791986
5257	2.166054031
5258	2.165974763
5259	2.16596834
5260	2.165150828
5261	2.164523008
5262	2.163923318
5263	2.163081459
5264	2.162865067
5265	2.162037682
5266	2.161755261
5267	2.160866366
5268	2.16072582
5269	2.160519482
5270	2.160395393
5271	2.1597108
5272	2.159157331
5273	2.158235854
5274	2.157228619
5275	2.156646144
5276	2.156212561
5277	2.155476917
5278	2.154837725
5279	2.15413404
5280	2.153288536
5281	2.152452722
5282	2.152132314
5283	2.151201242
5284	2.150998176
5285	2.150983077
5286	2.150309037
5287	2.149703178
5288	2.14870807
5289	2.147686648
5290	2.147485273
5291	2.146438021
5292	2.145325788
5293	2.144611767
5294	2.144100363
5295	2.14340001
5296	2.142484151
5297	2.141610991
5298	2.140627071
5299	2.139997587
5300	2.139775505
5301	2.139047746
5302	2.138137106
5303	2.137812521
5304	2.137674266
5305	2.137414244
5306	2.136516367
5307	2.135894532
5308	2.135127333
5309	2.134428706
5310	2.134120139
5311	2.132930556
5312	2.132559644
5313	2.132008571
5314	2.13099026
5315	2.130237879
5316	2.129589258
5317	2.128845998
5318	2.128397543
5319	2.12732519
5320	2.126468962
5321	2.126188973
5322	2.125615782
5323	2.125239758
5324	2.124396727
5325	2.12309997
5326	2.122111081
5327	2.121396255
5328	2.120652878
5329	2.120029152
5330	2.119397243
5331	2.118910804
5332	2.118398318
5333	2.118038037
5334	2.117324094
5335	2.117105511
5336	2.116587888
5337	2.115837581
5338	2.114762167
5339	2.114472903
5340	2.114168623
5341	2.113442525
5342	2.112658149
5343	2.111765566
5344	2.110847168
5345	2.110390992
5346	2.109351085
5347	2.108598622
5348	2.107655666
5349	2.106988969
5350	2.106458409
5351	2.106118085
5352	2.105285478
5353	2.104734334
5354	2.103955604
5355	2.103685216
5356	2.103605264
5357	2.10291289
5358	2.102023954
5359	2.10177057
5360	2.101069913
5361	2.100661973
5362	2.100190549
5363	2.099478542
5364	2.098628679
5365	2.09787635
5366	2.097646406
5367	2.09716005
5368	2.097084082
5369	2.096695102
5370	2.096127209
5371	2.09559903
5372	2.094790439
5373	2.093910691
5374	2.092632066
5375	2.091727988
5376	2.091031197
5377	2.090846882
5378	2.090221165
5379	2.089861832
5380	2.088999467
5381	2.088564427
5382	2.087925018
5383	2.087447554
5384	2.086604202
5385	2.085783862
5386	2.085351098
5387	2.084591487
5388	2.083884647
5389	2.08352925
5390	2.082793364
5391	2.08259794
5392	2.082259297
5393	2.081432179
5394	2.080456342
5395	2.079812423
5396	2.079052471
5397	2.078596722
5398	2.077780902
5399	2.077364183
5400	2.076802268
5401	2.076201389
5402	2.075799204
5403	2.075322114
5404	2.074656746
5405	2.073870198
5406	2.073350959
5407	2.072930031
5408	2.072724751
5409	2.072162693
5410	2.072157172
5411	2.071407075
5412	2.070626184
5413	2.069585115
5414	2.068930556
5415	2.068434406
5416	2.067510633
5417	2.06656673
5418	2.065898175
5419	2.06527336
5420	2.064701894
5421	2.064465853
5422	2.063916465
5423	2.063122072
5424	2.062204525
5425	2.061833708
5426	2.060849812
5427	2.060709253
5428	2.059897105
5429	2.05948419
5430	2.059143451
5431	2.058703879
5432	2.058216199
5433	2.057511607
5434	2.057068871
5435	2.056281725
5436	2.055748748
5437	2.055270556
5438	2.053975902
5439	2.053400895
5440	2.052535678
5441	2.052528013
5442	2.051719592
5443	2.050527839
5444	2.050323349
5445	2.04952444
5446	2.049072851
5447	2.048502503
5448	2.048495076
5449	2.0476913
5450	2.047628069
5451	2.047584991
5452	2.047403964
5453	2.046628275
5454	2.046110444
5455	2.045300791
5456	2.044873671
5457	2.044058357
5458	2.043763804
5459	2.043216285
5460	2.04242935
5461	2.042152548
5462	2.041109706
5463	2.040235135
5464	2.039493942
5465	2.038896911
5466	2.038157335
5467	2.037486005
5468	2.037006888
5469	2.036436353
5470	2.035556515
5471	2.034610419
5472	2.034122213
5473	2.033070668
5474	2.031635542
5475	2.030934619
5476	2.030378337
5477	2.029812211
5478	2.029688141
5479	2.029362866
5480	2.028754541
5481	2.027904595
5482	2.026983633
5483	2.026291896
5484	2.025636381
5485	2.025011481
5486	2.024748644
5487	2.024318821
5488	2.023794795
5489	2.023197788
5490	2.021989763
5491	2.021688352
5492	2.021457359
5493	2.020909916
5494	2.020665182
5495	2.02006721
5496	2.019189891
5497	2.019053278
5498	2.018367855
5499	2.017371857
5500	2.016659405
5501	2.016351445
5502	2.01592049
5503	2.015612488
5504	2.015320978
5505	2.014858827
5506	2.014195679
5507	2.013982318
5508	2.01370021
5509	2.01306175
5510	2.012250771
5511	2.011318581
5512	2.010994955
5513	2.010220811
5514	2.009393891
5515	2.009104401
5516	2.008484129
5517	2.007824145
5518	2.007042184
5519	2.006119976
5520	2.004920256
5521	2.004727779
5522	2.003887938
5523	2.00300592
5524	2.00205519
5525	2.001215329
5526	1.999831352
5527	1.999490678
5528	1.998878304
5529	1.998258281
5530	1.997404538
5531	1.996537654
5532	1.995878966
5533	1.995266846
5534	1.994512923
5535	1.99432893
5536	1.993442048
5537	1.992657387
5538	1.992631899
5539	1.992627158
5540	1.991904761
5541	1.990955102
5542	1.989963486
5543	1.989583259
5544	1.988582095
5545	1.987377301
5546	1.987081102
5547	1.986533876
5548	1.985631725
5549	1.985045186
5550	1.984804899
5551	1.984097054
5552	1.983612329
5553	1.983141882
5554	1.982824605
5555	1.982260791
5556	1.981925014
5557	1.981667898
5558	1.981056246
5559	1.98057532
5560	1.979269476
5561	1.978368663
5562	1.977683128
5563	1.977672646
5564	1.977176157
5565	1.976461832
5566	1.975697285
5567	1.974819905
5568	1.974139682
5569	1.973657128
5570	1.973349937
5571	1.972824945
5572	1.972407327
5573	1.972183368
5574	1.971048433
5575	1.970389339
5576	1.969530671
5577	1.968805201
5578	1.968236818
5579	1.967283938
5580	1.966550058
5581	1.966147408
5582	1.965524072
5583	1.964363523
5584	1.963653281
5585	1.963234687
5586	1.962849571
5587	1.962273274
5588	1.961469135
5589	1.960624499
5590	1.959544381
5591	1.958922484
5592	1.957812433
5593	1.957615188
5594	1.957172451
5595	1.957020379
5596	1.956461826
5597	1.955886107
5598	1.955031811
5599	1.954455421
5600	1.953570031
5601	1.95288309
5602	1.952461516
5603	1.952457476
5604	1.951771791
5605	1.950987035
5606	1.949903979
5607	1.949518938
5608	1.948774945
5609	1.948080104
5610	1.947592433
5611	1.947276253
5612	1.947134841
5613	1.946772768
5614	1.946241475
5615	1.945996686
5616	1.945484628
5617	1.944718009
5618	1.94359794
5619	1.942470453
5620	1.941195158
5621	1.940958403
5622	1.940021706
5623	1.940017403
5624	1.939949173
5625	1.93991787
5626	1.938884729
5627	1.937934868
5628	1.937930837
5629	1.937162274
5630	1.936750901
5631	1.935810977
5632	1.935069606
5633	1.934614693
5634	1.933938998
5635	1.933144576
5636	1.932718076
5637	1.932077123
5638	1.931551244
5639	1.93107705
5640	1.930401149
5641	1.929788147
5642	1.928994462
5643	1.928878768
5644	1.928076437
5645	1.927630829
5646	1.927003321
5647	1.926573993
5648	1.926358046
5649	1.925526009
5650	1.924778823
5651	1.924248303
5652	1.923727119
5653	1.923627541
5654	1.922413833
5655	1.922078186
5656	1.921218625
5657	1.920855189
5658	1.920162978
5659	1.919862695
5660	1.919575738
5661	1.919097327
5662	1.91869407
5663	1.917815331
5664	1.917225636
5665	1.917097834
5666	1.916542578
5667	1.915989519
5668	1.915911369
5669	1.915424073
5670	1.914526829
5671	1.91421031
5672	1.913268967
5673	1.912754898
5674	1.912301126
5675	1.912033865
5676	1.910657192
5677	1.910175414
5678	1.909429059
5679	1.90858698
5680	1.908086337
5681	1.90781464
5682	1.907330727
5683	1.906958496
5684	1.906179188
5685	1.905469446
5686	1.905175988
5687	1.904996057
5688	1.904141141
5689	1.903423986
5690	1.902697122
5691	1.902382911
5692	1.901481502
5693	1.900797057
5694	1.900230662
5695	1.899637489
5696	1.899132482
5697	1.898900359
5698	1.898545767
5699	1.897833503
5700	1.89750786
5701	1.896662148
5702	1.896364012
5703	1.896030944
5704	1.89538044
5705	1.89537747
5706	1.894895299
5707	1.894246669
5708	1.893772148
5709	1.892877163
5710	1.892321117
5711	1.892033944
5712	1.891625203
5713	1.891245706
5714	1.890862929
5715	1.890044499
5716	1.888997981
5717	1.888446063
5718	1.888209263
5719	1.887426855
5720	1.886830197
5721	1.886208426
5722	1.885351345
5723	1.88475832
5724	1.883620978
5725	1.883414973
5726	1.883121218
5727	1.882335712
5728	1.881938371
5729	1.881706496
5730	1.881275682
5731	1.881058828
5732	1.880681672
5733	1.879932172
5734	1.879142775
5735	1.87868009
5736	1.877933226
5737	1.877307503
5738	1.876597837
5739	1.876299494
5740	1.876007347
5741	1.875269566
5742	1.874581475
5743	1.874285457
5744	1.874191184
5745	1.873841313
5746	1.872917035
5747	1.872464109
5748	1.872087946
5749	1.871627849
5750	1.870661171
5751	1.870297331
5752	1.869802907
5753	1.869361817
5754	1.869026965
5755	1.86818831
5756	1.867588197
5757	1.866851727
5758	1.866112579
5759	1.865155574
5760	1.864307809
5761	1.863550601
5762	1.863258221
5763	1.862632643
5764	1.861742505
5765	1.861224371
5766	1.860730449
5767	1.860125223
5768	1.858982173
5769	1.858264708
5770	1.858121809
5771	1.857532024
5772	1.857192571
5773	1.856496096
5774	1.856068145
5775	1.855268549
5776	1.854726397
5777	1.854412005
5778	1.853694441
5779	1.852927522
5780	1.852348417
5781	1.851947654
5782	1.851237049
5783	1.851120596
5784	1.850693181
5785	1.850189839
5786	1.850034784
5787	1.84940801
5788	1.849289991
5789	1.848557393
5790	1.848071375
5791	1.847541053
5792	1.846965384
5793	1.846448284
5794	1.84520259
5795	1.844404924
5796	1.843950166
5797	1.843665084
5798	1.843049323
5799	1.842739475
5800	1.842001042
5801	1.841501086
5802	1.840503963
5803	1.840471426
5804	1.8395172
5805	1.838804623
5806	1.838537694
5807	1.838210851
5808	1.837967547
5809	1.837445233
5810	1.836423607
5811	1.835727257
5812	1.834875792
5813	1.834655084
5814	1.833621409
5815	1.832982087
5816	1.832724759
5817	1.832134402
5818	1.831087208
5819	1.830655896
5820	1.829945025
5821	1.829452569
5822	1.82857576
5823	1.827494571
5824	1.826907504
5825	1.826366437
5826	1.825588091
5827	1.825023107
5828	1.824582363
5829	1.824020613
5830	1.823222947
5831	1.822306127
5832	1.821310108
5833	1.820842299
5834	1.820765349
5835	1.820223984
5836	1.819920255
5837	1.819536755
5838	1.818902575
5839	1.817957878
5840	1.817402264
5841	1.816692679
5842	1.815939531
5843	1.815805172
5844	1.81558111
5845	1.814917567
5846	1.814543555
5847	1.813721866
5848	1.813145798
5849	1.812418978
5850	1.812336065
5851	1.811756366
5852	1.811695229
5853	1.811260734
5854	1.810597869
5855	1.809973521
5856	1.809656841
5857	1.808939574
5858	1.808811458
5859	1.808174836
5860	1.807501566
5861	1.806523373
5862	1.80596575
5863	1.805748892
5864	1.804989089
5865	1.804188484
5866	1.803581511
5867	1.802902632
5868	1.802607621
5869	1.80208884
5870	1.80173031
5871	1.801217581
5872	1.801067913
5873	1.800257693
5874	1.799632276
5875	1.799436365
5876	1.798801871
5877	1.798064901
5878	1.797639308
5879	1.797381468
5880	1.796743453
5881	1.795659467
5882	1.795034019
5883	1.794634254
5884	1.794251729
5885	1.793961668
5886	1.793244209
5887	1.79273897
5888	1.792536982
5889	1.79167261
5890	1.79107393
5891	1.79035287
5892	1.789716883
5893	1.789271263
5894	1.788501679
5895	1.787819173
5896	1.787224941
5897	1.786938912
5898	1.786807596
5899	1.786182721
5900	1.785772383
5901	1.785154938
5902	1.784551754
5903	1.783918522
5904	1.783283665
5905	1.782817991
5906	1.782398526
5907	1.781778085
5908	1.781053768
5909	1.780647134
5910	1.780559298
5911	1.780205701
5912	1.779798982
5913	1.779270067
5914	1.77841068
5915	1.777888942
5916	1.777055762
5917	1.776575479
5918	1.775959594
5919	1.774758573
5920	1.773829971
5921	1.773150393
5922	1.772502672
5923	1.772275871
5924	1.77188209
5925	1.771152526
5926	1.770649644
5927	1.769816039
5928	1.7693153
5929	1.769098096
5930	1.768270425
5931	1.767442074
5932	1.767293994
5933	1.766774375
5934	1.766027092
5935	1.765586715
5936	1.765327968
5937	1.765118121
5938	1.76438801
5939	1.763839726
5940	1.763182561
5941	1.762372563
5942	1.761904207
5943	1.760977094
5944	1.760139322
5945	1.759547716
5946	1.75876462
5947	1.758237726
5948	1.75801806
5949	1.757499655
5950	1.756881647
5951	1.756497175
5952	1.755959957
5953	1.755466766
5954	1.754937534
5955	1.754424151
5956	1.754253826
5957	1.753808778
5958	1.753343943
5959	1.753145036
5960	1.75299511
5961	1.752135533
5962	1.751894701
5963	1.751265904
5964	1.750750173
5965	1.750127112
5966	1.749618859
5967	1.749053814
5968	1.748820376
5969	1.74814703
5970	1.747861575
5971	1.747353143
5972	1.747302168
5973	1.746494394
5974	1.745828457
5975	1.745221609
5976	1.744614866
5977	1.744259082
5978	1.743656178
5979	1.743086762
5980	1.742734442
5981	1.741953046
5982	1.741350589
5983	1.740990235
5984	1.740419688
5985	1.74007288
5986	1.739544556
5987	1.738530231
5988	1.738302832
5989	1.737654002
5990	1.737231664
5991	1.736439888
5992	1.735766856
5993	1.735059078
5994	1.734439557
5995	1.73424184
5996	1.733615107
5997	1.733181618
5998	1.732915798
5999	1.732343915
6000	1.731996076
6001	1.731617239
6002	1.730613072
6003	1.730337387
6004	1.72974623
6005	1.72938817
6006	1.729041432
6007	1.728705959
6008	1.728378524
6009	1.727917336
6010	1.727184534
6011	1.726706829
6012	1.725843125
6013	1.725522891
6014	1.725201806
6015	1.724424044
6016	1.72389997
6017	1.723611436
6018	1.723602321
6019	1.723413623
6020	1.722974232
6021	1.722508445
6022	1.721942282
6023	1.721556527
6024	1.720661409
6025	1.720294456
6026	1.719542417
6027	1.718793652
6028	1.718205676
6029	1.717353169
6030	1.716557989
6031	1.71604232
6032	1.715106705
6033	1.714775716
6034	1.713928425
6035	1.713430881
6036	1.713137222
6037	1.712853284
6038	1.712689204
6039	1.712434293
6040	1.711890147
6041	1.711242338
6042	1.710987849
6043	1.710823652
6044	1.710318287
6045	1.709842731
6046	1.708957175
6047	1.708351278
6048	1.708137154
6049	1.707619268
6050	1.707104221
6051	1.706359809
6052	1.706076655
6053	1.705659845
6054	1.704902731
6055	1.70463173
6056	1.704351432
6057	1.703854343
6058	1.70327135
6059	1.70275964
6060	1.702547919
6061	1.70208636
6062	1.701829997
6063	1.701351819
6064	1.700859247
6065	1.700201954
6066	1.699733111
6067	1.69946319
6068	1.699228993
6069	1.698800922
6070	1.698572596
6071	1.698116214
6072	1.697910903
6073	1.697612402
6074	1.696835786
6075	1.696748094
6076	1.696092836
6077	1.695514792
6078	1.694765052
6079	1.694460574
6080	1.694212096
6081	1.693754971
6082	1.693353197
6083	1.69304592
6084	1.692311958
6085	1.69157809
6086	1.69109791
6087	1.690621468
6088	1.690361906
6089	1.68990414
6090	1.689420937
6091	1.688762811
6092	1.688478688
6093	1.687870706
6094	1.687224132
6095	1.686674592
6096	1.686335161
6097	1.685425947
6098	1.684918829
6099	1.684251577
6100	1.683802237
6101	1.683510755
6102	1.6829976
6103	1.682757518
6104	1.682338688
6105	1.682126463
6106	1.681761885
6107	1.681517229
6108	1.681307196
6109	1.680801874
6110	1.680218794
6111	1.679952452
6112	1.679343053
6113	1.679057095
6114	1.678294718
6115	1.677495199
6116	1.676967944
6117	1.676283882
6118	1.675750621
6119	1.675350861
6120	1.674528752
6121	1.673712707
6122	1.673381866
6123	1.673261317
6124	1.673119441
6125	1.672588953
6126	1.672114823
6127	1.671798416
6128	1.671354981
6129	1.671099553
6130	1.670705893
6131	1.670521355
6132	1.669746489
6133	1.669181442
6134	1.669010973
6135	1.6684965
6136	1.667854182
6137	1.667175333
6138	1.666489762
6139	1.665993793
6140	1.665283553
6141	1.664886813
6142	1.664489786
6143	1.664079911
6144	1.663406221
6145	1.663134625
6146	1.662383064
6147	1.662174224
6148	1.661856395
6149	1.66135134
6150	1.660470158
6151	1.659515916
6152	1.659176244
6153	1.658759667
6154	1.658511446
6155	1.658166038
6156	1.657856953
6157	1.657175949
6158	1.656330422
6159	1.656161558
6160	1.65573397
6161	1.655240037
6162	1.654499365
6163	1.653896183
6164	1.653317144
6165	1.652552533
6166	1.652046121
6167	1.651466567
6168	1.651165768
6169	1.650835277
6170	1.650510687
6171	1.649967396
6172	1.649636879
6173	1.648834828
6174	1.648476365
6175	1.647913572
6176	1.647367377
6177	1.646714216
6178	1.646266623
6179	1.645740307
6180	1.645149367
6181	1.645141909
6182	1.644376294
6183	1.643912961
6184	1.643596129
6185	1.642665599
6186	1.6421861
6187	1.641270474
6188	1.640864532
6189	1.640855132
6190	1.640134379
6191	1.639373333
6192	1.638880744
6193	1.638212582
6194	1.637833477
6195	1.637504746
6196	1.637035214
6197	1.636763031
6198	1.636633977
6199	1.636238119
6200	1.63541799
6201	1.634642138
6202	1.634395812
6203	1.633912704
6204	1.633297219
6205	1.632952464
6206	1.63231703
6207	1.63179612
6208	1.631437329
6209	1.630896284
6210	1.6303886
6211	1.629827724
6212	1.629324883
6213	1.628786365
6214	1.628297726
6215	1.627403658
6216	1.626905418
6217	1.626742873
6218	1.626047322
6219	1.625422362
6220	1.624950603
6221	1.624482076
6222	1.624066373
6223	1.623459463
6224	1.622881254
6225	1.62235382
6226	1.621441888
6227	1.621218956
6228	1.620938253
6229	1.620471959
6230	1.6201851
6231	1.619691857
6232	1.61908107
6233	1.618351936
6234	1.617855502
6235	1.616939338
6236	1.616538606
6237	1.616014466
6238	1.615768027
6239	1.615568813
6240	1.615034012
6241	1.614507287
6242	1.614140091
6243	1.613367368
6244	1.613051404
6245	1.612644344
6246	1.61238908
6247	1.611936869
6248	1.611358242
6249	1.610715968
6250	1.61013307
6251	1.609924048
6252	1.609678424
6253	1.609061382
6254	1.608734151
6255	1.608441213
6256	1.60779071
6257	1.607262901
6258	1.60684335
6259	1.606124388
6260	1.60578821
6261	1.605472951
6262	1.604931847
6263	1.604520317
6264	1.604516861
6265	1.604071138
6266	1.603812589
6267	1.603118087
6268	1.60291333
6269	1.6026029
6270	1.601838005
6271	1.601351532
6272	1.600822071
6273	1.600352203
6274	1.599994382
6275	1.599881313
6276	1.5993949
6277	1.599038637
6278	1.598667339
6279	1.598261405
6280	1.59768614
6281	1.597338694
6282	1.597194582
6283	1.596923615
6284	1.596648191
6285	1.596040504
6286	1.595451158
6287	1.594723357
6288	1.594283654
6289	1.593746837
6290	1.593060536
6291	1.592638269
6292	1.592214514
6293	1.591875826
6294	1.591371883
6295	1.591097995
6296	1.590755668
6297	1.590323563
6298	1.589537129
6299	1.589179429
6300	1.588316955
6301	1.587844886
6302	1.587454465
6303	1.58695584
6304	1.586372978
6305	1.586105248
6306	1.585920339
6307	1.585571813
6308	1.584719898
6309	1.584050813
6310	1.583793576
6311	1.582802409
6312	1.582746642
6313	1.582393593
6314	1.581979772
6315	1.581594872
6316	1.581166357
6317	1.581137182
6318	1.581131707
6319	1.580590635
6320	1.579857977
6321	1.579580553
6322	1.579373049
6323	1.578985219
6324	1.578853977
6325	1.578152314
6326	1.577681477
6327	1.577539102
6328	1.576887143
6329	1.576861205
6330	1.576437361
6331	1.576241431
6332	1.575839445
6333	1.575198227
6334	1.574883463
6335	1.574314643
6336	1.574103092
6337	1.573499016
6338	1.572957817
6339	1.57257864
6340	1.571995492
6341	1.571669999
6342	1.571124742
6343	1.570607675
6344	1.569871765
6345	1.56948254
6346	1.569274507
6347	1.568833643
6348	1.568471637
6349	1.56790338
6350	1.567205257
6351	1.56682576
6352	1.566632031
6353	1.566090159
6354	1.565573303
6355	1.565211342
6356	1.564349616
6357	1.564003052
6358	1.563389462
6359	1.56282443
6360	1.562578296
6361	1.562121636
6362	1.561632593
6363	1.561384915
6364	1.560948987
6365	1.560448014
6366	1.560000694
6367	1.559488507
6368	1.559066159
6369	1.558559551
6370	1.55777706
6371	1.557545054
6372	1.556867125
6373	1.556139706
6374	1.555434393
6375	1.554988211
6376	1.554729518
6377	1.554342786
6378	1.554177886
6379	1.553372742
6380	1.553099831
6381	1.552655618
6382	1.552115097
6383	1.55175844
6384	1.550983578
6385	1.550850432
6386	1.550329789
6387	1.549755197
6388	1.54931282
6389	1.548683871
6390	1.54805678
6391	1.547356162
6392	1.546889692
6393	1.546043008
6394	1.545921854
6395	1.545614354
6396	1.545375661
6397	1.544905969
6398	1.54431662
6399	1.543829272
6400	1.543398024
6401	1.543187812
6402	1.542461122
6403	1.542253058
6404	1.542010191
6405	1.54156519
6406	1.541055633
6407	1.540811906
6408	1.540502123
6409	1.540130229
6410	1.539610469
6411	1.538834073
6412	1.538167803
6413	1.537655714
6414	1.53743297
6415	1.536729978
6416	1.536628509
6417	1.5357949
6418	1.535177901
6419	1.534638966
6420	1.534162467
6421	1.533516839
6422	1.53310106
6423	1.532478761
6424	1.531974652
6425	1.531507177
6426	1.530968004
6427	1.53068779
6428	1.530076212
6429	1.529395919
6430	1.528706494
6431	1.528438621
6432	1.528043424
6433	1.527637735
6434	1.527313997
6435	1.527003835
6436	1.526835963
6437	1.526407835
6438	1.526247911
6439	1.525556844
6440	1.524846416
6441	1.524702489
6442	1.524280562
6443	1.523850825
6444	1.523769254
6445	1.52324419
6446	1.522540397
6447	1.521887133
6448	1.52140085
6449	1.521261525
6450	1.520868283
6451	1.520853855
6452	1.520425819
6453	1.520420429
6454	1.519963786
6455	1.519710493
6456	1.519019478
6457	1.518663606
6458	1.518177246
6459	1.51783939
6460	1.517427279
6461	1.517185787
6462	1.516708577
6463	1.515945524
6464	1.51594021
6465	1.515845839
6466	1.5154108
6467	1.514913994
6468	1.514360468
6469	1.514126316
6470	1.513310385
6471	1.512727795
6472	1.512025751
6473	1.511429841
6474	1.51125989
6475	1.510622506
6476	1.510259553
6477	1.509555665
6478	1.509162942
6479	1.508593618
6480	1.508057202
6481	1.507752688
6482	1.507747205
6483	1.507331435
6484	1.507140997
6485	1.506690356
6486	1.506445264
6487	1.506176781
6488	1.505763077
6489	1.505558199
6490	1.50530342
6491	1.505293338
6492	1.504819866
6493	1.504422346
6494	1.503841095
6495	1.503338406
6496	1.50280409
6497	1.502315292
6498	1.501862219
6499	1.501371021
6500	1.5009677
6501	1.500347804
6502	1.499830601
6503	1.499372096
6504	1.498730422
6505	1.498019227
6506	1.497625173
6507	1.497186978
6508	1.496973763
6509	1.495971551
6510	1.495966878
6511	1.49596087
6512	1.495584733
6513	1.494953044
6514	1.494567997
6515	1.49424778
6516	1.493950917
6517	1.493571599
6518	1.493453638
6519	1.49298618
6520	1.49241559
6521	1.492002303
6522	1.491409452
6523	1.49085293
6524	1.490627014
6525	1.490599688
6526	1.490116754
6527	1.48966279
6528	1.489126616
6529	1.488668298
6530	1.488130132
6531	1.487704315
6532	1.487164914
6533	1.486467067
6534	1.485590316
6535	1.485400887
6536	1.484989551
6537	1.484659568
6538	1.484185894
6539	1.483431079
6540	1.48293434
6541	1.482927798
6542	1.482285962
6543	1.481874192
6544	1.481733991
6545	1.481228048
6546	1.480701111
6547	1.480188411
6548	1.479880218
6549	1.479356667
6550	1.478982174
6551	1.478574309
6552	1.477999473
6553	1.477340537
6554	1.476938175
6555	1.476761599
6556	1.476292459
6557	1.476095335
6558	1.475952448
6559	1.47585846
6560	1.475528967
6561	1.47516954
6562	1.474765008
6563	1.474325337
6564	1.473773803
6565	1.472906479
6566	1.472562825
6567	1.471721803
6568	1.471088167
6569	1.470657669
6570	1.470530511
6571	1.470132127
6572	1.469802707
6573	1.469799499
6574	1.469398293
6575	1.469005777
6576	1.468525643
6577	1.467878474
6578	1.467601152
6579	1.466720117
6580	1.466691302
6581	1.466171955
6582	1.466160777
6583	1.465787311
6584	1.465410946
6585	1.464948355
6586	1.464309075
6587	1.463740724
6588	1.463279368
6589	1.462867009
6590	1.462475339
6591	1.462201813
6592	1.461424736
6593	1.461407168
6594	1.460991218
6595	1.460618602
6596	1.460113497
6597	1.459513552
6598	1.459102515
6599	1.45865452
6600	1.45836084
6601	1.458005555
6602	1.457558089
6603	1.457101464
6604	1.456708079
6605	1.456409765
6606	1.455812779
6607	1.455422025
6608	1.454812483
6609	1.454335142
6610	1.453610933
6611	1.453455339
6612	1.453096984
6613	1.45290672
6614	1.452289732
6615	1.451696199
6616	1.451452539
6617	1.451004643
6618	1.450215953
6619	1.449476833
6620	1.448886284
6621	1.44853319
6622	1.448367255
6623	1.447860394
6624	1.447295278
6625	1.447018263
6626	1.446495335
6627	1.445976825
6628	1.445115846
6629	1.444293731
6630	1.443638553
6631	1.443287326
6632	1.442698026
6633	1.442526539
6634	1.441956143
6635	1.44132096
6636	1.440424527
6637	1.440173719
6638	1.439459896
6639	1.439455097
6640	1.439266311
6641	1.438794463
6642	1.438116325
6643	1.437822074
6644	1.436947945
6645	1.436526043
6646	1.436172826
6647	1.435983692
6648	1.435423362
6649	1.434933154
6650	1.434824981
6651	1.434471341
6652	1.433929004
6653	1.433847535
6654	1.433147226
6655	1.432375818
6656	1.431690726
6657	1.431242689
6658	1.431239189
6659	1.430686844
6660	1.430223613
6661	1.429949484
6662	1.429466391
6663	1.429027589
6664	1.428570725
6665	1.428138553
6666	1.427483626
6667	1.42709455
6668	1.426455014
6669	1.425931129
6670	1.425176056
6671	1.424718993
6672	1.424069701
6673	1.423800005
6674	1.423362344
6675	1.422889462
6676	1.422364126
6677	1.421728943
6678	1.421133973
6679	1.420790629
6680	1.420421703
6681	1.419907049
6682	1.419367504
6683	1.418919968
6684	1.418302836
6685	1.418162306
6686	1.417570924
6687	1.41718658
6688	1.416555844
6689	1.416142052
6690	1.41573604
6691	1.415213631
6692	1.415017218
6693	1.414437139
6694	1.414030098
6695	1.413289713
6696	1.412826234
6697	1.412536661
6698	1.411995447
6699	1.41157262
6700	1.411127964
6701	1.410766629
6702	1.410708521
6703	1.410053845
6704	1.409775145
6705	1.40943158
6706	1.409114048
6707	1.408969819
6708	1.408543443
6709	1.408214291
6710	1.407829361
6711	1.407219979
6712	1.406561835
6713	1.406203312
6714	1.405968894
6715	1.405644485
6716	1.405318402
6717	1.40483979
6718	1.404385565
6719	1.403912145
6720	1.403540543
6721	1.402991873
6722	1.402462426
6723	1.402306688
6724	1.401682612
6725	1.401209521
6726	1.40099571
6727	1.400196866
6728	1.399405633
6729	1.398816557
6730	1.39836318
6731	1.398127286
6732	1.397579777
6733	1.397183234
6734	1.397037335
6735	1.39679656
6736	1.3965255
6737	1.395930408
6738	1.395567806
6739	1.395331226
6740	1.394649622
6741	1.39414796
6742	1.393975346
6743	1.393431247
6744	1.392884811
6745	1.392585751
6746	1.39254414
6747	1.392062876
6748	1.391654118
6749	1.391641428
6750	1.39107925
6751	1.390678349
6752	1.390281499
6753	1.38957118
6754	1.389356618
6755	1.388970909
6756	1.388379013
6757	1.388197306
6758	1.387608303
6759	1.386931699
6760	1.386302558
6761	1.385862861
6762	1.385298427
6763	1.384891036
6764	1.384599857
6765	1.384248496
6766	1.38402496
6767	1.383568758
6768	1.383024577
6769	1.382836413
6770	1.382268746
6771	1.381868324
6772	1.381675424
6773	1.381525495
6774	1.381069923
6775	1.380738005
6776	1.380175743
6777	1.380100654
6778	1.379785315
6779	1.379559202
6780	1.379115309
6781	1.37848473
6782	1.377995148
6783	1.377640476
6784	1.377147305
6785	1.376994225
6786	1.376731339
6787	1.376546194
6788	1.376278515
6789	1.375834814
6790	1.375600882
6791	1.375228091
6792	1.375054349
6793	1.374682076
6794	1.374232389
6795	1.373974911
6796	1.373578845
6797	1.373166684
6798	1.372707108
6799	1.37232531
6800	1.372089645
6801	1.371728103
6802	1.371191868
6803	1.370530589
6804	1.37008014
6805	1.36941259
6806	1.369044267
6807	1.3687051
6808	1.368266564
6809	1.368056492
6810	1.367886317
6811	1.367258183
6812	1.366730018
6813	1.366725181
6814	1.366181757
6815	1.366073354
6816	1.365895008
6817	1.365513635
6818	1.364915947
6819	1.364740181
6820	1.364492616
6821	1.364245797
6822	1.363662317
6823	1.363224854
6824	1.362888676
6825	1.362291691
6826	1.362027949
6827	1.361761607
6828	1.361647239
6829	1.360884201
6830	1.360689155
6831	1.360179021
6832	1.359980348
6833	1.359594176
6834	1.359272263
6835	1.359082921
6836	1.358830504
6837	1.358821422
6838	1.358438268
6839	1.358346473
6840	1.358058812
6841	1.357686086
6842	1.357274054
6843	1.357031881
6844	1.356578552
6845	1.356117153
6846	1.355845091
6847	1.355161338
6848	1.35463408
6849	1.354553944
6850	1.354091786
6851	1.353270872
6852	1.352993421
6853	1.352741478
6854	1.352732962
6855	1.352364752
6856	1.351931095
6857	1.351346088
6858	1.351012655
6859	1.350438525
6860	1.349802073
6861	1.349546964
6862	1.349231079
6863	1.349061604
6864	1.348984515
6865	1.348876873
6866	1.348420397
6867	1.347987033
6868	1.347544664
6869	1.347299924
6870	1.346924402
6871	1.346697518
6872	1.346497434
6873	1.34586876
6874	1.345309463
6875	1.344874013
6876	1.344691
6877	1.344297933
6878	1.34397543
6879	1.343467216
6880	1.343356328
6881	1.342788643
6882	1.342327239
6883	1.341857419
6884	1.341381952
6885	1.341123952
6886	1.340819794
6887	1.340389553
6888	1.340076442
6889	1.339870224
6890	1.339273619
6891	1.338893056
6892	1.338085565
6893	1.33775615
6894	1.337441749
6895	1.337083884
6896	1.336744002
6897	1.336529949
6898	1.335826241
6899	1.335246103
6900	1.33493103
6901	1.334468527
6902	1.334027448
6903	1.333860113
6904	1.333671897
6905	1.333578576
6906	1.333255459
6907	1.332870372
6908	1.332361183
6909	1.331829596
6910	1.33140299
6911	1.330761398
6912	1.330607232
6913	1.330342851
6914	1.329671959
6915	1.328860243
6916	1.328416489
6917	1.327648992
6918	1.327319591
6919	1.326945858
6920	1.326524923
6921	1.326373692
6922	1.326132378
6923	1.325795683
6924	1.325081339
6925	1.324640501
6926	1.324179985
6927	1.324002336
6928	1.323811143
6929	1.323347351
6930	1.322812194
6931	1.322808301
6932	1.322410238
6933	1.321961477
6934	1.321458978
6935	1.320866796
6936	1.320725129
6937	1.320476169
6938	1.320013399
6939	1.319987974
6940	1.319843771
6941	1.319254994
6942	1.318965433
6943	1.318877169
6944	1.318641593
6945	1.318248888
6946	1.317881795
6947	1.317547749
6948	1.316988255
6949	1.316982553
6950	1.316428706
6951	1.316031973
6952	1.315961657
6953	1.315706258
6954	1.315270214
6955	1.314752139
6956	1.314175845
6957	1.313954918
6958	1.313414558
6959	1.313034996
6960	1.312818522
6961	1.312664015
6962	1.312476647
6963	1.312184024
6964	1.311939627
6965	1.311664579
6966	1.311250447
6967	1.310856705
6968	1.31039866
6969	1.310254563
6970	1.3100405
6971	1.309937772
6972	1.309839963
6973	1.309346854
6974	1.308876843
6975	1.308471866
6976	1.308052679
6977	1.307639264
6978	1.307361216
6979	1.30681645
6980	1.306308739
6981	1.306050735
6982	1.30556541
6983	1.305247295
6984	1.304764711
6985	1.304381929
6986	1.30381407
6987	1.303360088
6988	1.302819722
6989	1.30252209
6990	1.302121801
6991	1.30199767
6992	1.301349795
6993	1.301000888
6994	1.300856242
6995	1.300480615
6996	1.30036035
6997	1.299994076
6998	1.299276452
6999	1.298774795
7000	1.298242294
7001	1.297962237
7002	1.297847989
7003	1.297501245
7004	1.297322685
7005	1.297116485
7006	1.296871748
7007	1.296352757
7008	1.295577527
7009	1.295180255
7010	1.294802936
7011	1.294386784
7012	1.293771205
7013	1.293317574
7014	1.292997733
7015	1.292736746
7016	1.292618646
7017	1.292528651
7018	1.292141724
7019	1.291756799
7020	1.291350551
7021	1.291060402
7022	1.290519752
7023	1.290065542
7024	1.289860145
7025	1.289534135
7026	1.289429185
7027	1.28942361
7028	1.28941401
7029	1.2887465
7030	1.288357377
7031	1.288013938
7032	1.287470183
7033	1.286906434
7034	1.286500311
7035	1.286081944
7036	1.285896785
7037	1.285300623
7038	1.285006773
7039	1.284702406
7040	1.284027349
7041	1.283533787
7042	1.283290325
7043	1.282968997
7044	1.282570035
7045	1.282560886
7046	1.282116086
7047	1.281829688
7048	1.281223832
7049	1.280912105
7050	1.280236851
7051	1.279838487
7052	1.279435263
7053	1.279089861
7054	1.278413265
7055	1.278272908
7056	1.278159612
7057	1.278049723
7058	1.277630218
7059	1.277241946
7060	1.277032997
7061	1.276746716
7062	1.276742609
7063	1.276295826
7064	1.275805716
7065	1.275412998
7066	1.27492573
7067	1.274923119
7068	1.274649582
7069	1.274329913
7070	1.274004947
7071	1.27381276
7072	1.273581132
7073	1.273292198
7074	1.273042692
7075	1.272628015
7076	1.27207892
7077	1.271616173
7078	1.271053027
7079	1.270679139
7080	1.270675909
7081	1.270217934
7082	1.269918704
7083	1.269551665
7084	1.269341051
7085	1.268850061
7086	1.268521027
7087	1.267631251
7088	1.267474471
7089	1.267048944
7090	1.266594193
7091	1.266342243
7092	1.26605324
7093	1.265895444
7094	1.26550893
7095	1.265194125
7096	1.264838345
7097	1.26450159
7098	1.26416055
7099	1.26388213
7100	1.263226852
7101	1.262657993
7102	1.262498924
7103	1.262275744
7104	1.261873959
7105	1.261707597
7106	1.261555703
7107	1.261551215
7108	1.261364346
7109	1.261077492
7110	1.260718095
7111	1.260482398
7112	1.260388188
7113	1.260183933
7114	1.259724961
7115	1.259152707
7116	1.258733451
7117	1.258294002
7118	1.257748782
7119	1.257336982
7120	1.257079353
7121	1.25662428
7122	1.256201038
7123	1.255745178
7124	1.255338923
7125	1.255138554
7126	1.254727565
7127	1.254470834
7128	1.253988534
7129	1.253770623
7130	1.253317024
7131	1.25307155
7132	1.252563093
7133	1.25218933
7134	1.25189878
7135	1.2511733
7136	1.251079355
7137	1.250634139
7138	1.250202296
7139	1.249686573
7140	1.249178821
7141	1.248865439
7142	1.248582186
7143	1.248140445
7144	1.247590111
7145	1.247068211
7146	1.246907507
7147	1.246645087
7148	1.246210339
7149	1.245897174
7150	1.245422279
7151	1.245077427
7152	1.245073287
7153	1.244313702
7154	1.243958389
7155	1.243620845
7156	1.243455011
7157	1.243276289
7158	1.242830838
7159	1.242764339
7160	1.242088543
7161	1.242082297
7162	1.242034029
7163	1.24172249
7164	1.241040364
7165	1.240647482
7166	1.240262434
7167	1.239569859
7168	1.239252338
7169	1.238928903
7170	1.23859289
7171	1.238470711
7172	1.238057829
7173	1.237827791
7174	1.237206038
7175	1.236680905
7176	1.236638094
7177	1.236410941
7178	1.236139264
7179	1.235508244
7180	1.235153739
7181	1.234727914
7182	1.234174798
7183	1.233622149
7184	1.233365986
7185	1.233275256
7186	1.233113265
7187	1.232865547
7188	1.232570099
7189	1.231993928
7190	1.231714926
7191	1.231444939
7192	1.231164052
7193	1.23106385
7194	1.230779365
7195	1.230703899
7196	1.23065033
7197	1.230187005
7198	1.229731735
7199	1.229149242
7200	1.22856702
7201	1.228341192
7202	1.228201541
7203	1.227652859
7204	1.227238311
7205	1.22695211
7206	1.226732263
7207	1.226483351
7208	1.226103297
7209	1.225908864
7210	1.225314676
7211	1.225059731
7212	1.224644975
7213	1.224391612
7214	1.223905376
7215	1.223344243
7216	1.222819354
7217	1.222796329
7218	1.222208421
7219	1.222110678
7220	1.221733697
7221	1.221193885
7222	1.221079443
7223	1.220911483
7224	1.220676859
7225	1.220012651
7226	1.219578657
7227	1.219252468
7228	1.218848149
7229	1.21855742
7230	1.218334803
7231	1.218057402
7232	1.217881061
7233	1.217313861
7234	1.216971169
7235	1.216643119
7236	1.21645504
7237	1.21626356
7238	1.215645159
7239	1.215222522
7240	1.214780307
7241	1.214295082
7242	1.213935569
7243	1.213550402
7244	1.21327949
7245	1.212997041
7246	1.212961805
7247	1.212330579
7248	1.212058218
7249	1.211731717
7250	1.211071321
7251	1.210633708
7252	1.210231271
7253	1.20972791
7254	1.209672085
7255	1.209127878
7256	1.208861053
7257	1.208360146
7258	1.207811588
7259	1.207624991
7260	1.207277993
7261	1.206982345
7262	1.206822065
7263	1.206193051
7264	1.205834175
7265	1.205471968
7266	1.205031677
7267	1.20473426
7268	1.204398155
7269	1.204088786
7270	1.203816769
7271	1.203571202
7272	1.202977494
7273	1.202557522
7274	1.202327603
7275	1.202178982
7276	1.201551429
7277	1.201373825
7278	1.200871756
7279	1.200742136
7280	1.200189542
7281	1.199757831
7282	1.199621257
7283	1.199352383
7284	1.199105377
7285	1.19854797
7286	1.198226401
7287	1.197839494
7288	1.197770758
7289	1.197574696
7290	1.197283706
7291	1.197022667
7292	1.196828554
7293	1.196403529
7294	1.195878455
7295	1.195428596
7296	1.195188748
7297	1.194719584
7298	1.194490407
7299	1.194189251
7300	1.193686964
7301	1.193066699
7302	1.193045799
7303	1.192681384
7304	1.192521815
7305	1.192253634
7306	1.192092325
7307	1.192007379
7308	1.191757387
7309	1.191537377
7310	1.191009521
7311	1.190652421
7312	1.190268344
7313	1.190074521
7314	1.189635091
7315	1.189376836
7316	1.189073795
7317	1.188799465
7318	1.188638526
7319	1.188201284
7320	1.187803991
7321	1.18744577
7322	1.187210082
7323	1.186973833
7324	1.186586191
7325	1.186111088
7326	1.185879435
7327	1.185453132
7328	1.185305607
7329	1.184946953
7330	1.184817499
7331	1.184529082
7332	1.184156274
7333	1.183634143
7334	1.183046419
7335	1.182833248
7336	1.182596989
7337	1.182157131
7338	1.181850475
7339	1.181282005
7340	1.180742398
7341	1.180632257
7342	1.180223171
7343	1.179999085
7344	1.17970385
7345	1.179250325
7346	1.17878576
7347	1.178734236
7348	1.178379103
7349	1.178257813
7350	1.177870285
7351	1.177564254
7352	1.177096188
7353	1.176709816
7354	1.176388036
7355	1.176057893
7356	1.175926978
7357	1.175379654
7358	1.175140587
7359	1.174727403
7360	1.174630928
7361	1.174089498
7362	1.174026477
7363	1.173859528
7364	1.173697904
7365	1.173434238
7366	1.173003217
7367	1.172886464
7368	1.172617607
7369	1.172398945
7370	1.172207915
7371	1.172076339
7372	1.171787487
7373	1.171448145
7374	1.171255699
7375	1.170845429
7376	1.170835844
7377	1.170688116
7378	1.170382598
7379	1.170220098
7380	1.169869271
7381	1.16965006
7382	1.169440531
7383	1.169145086
7384	1.168785892
7385	1.168546892
7386	1.168156065
7387	1.167810888
7388	1.167460127
7389	1.167043641
7390	1.166860596
7391	1.166521929
7392	1.166272888
7393	1.165898795
7394	1.165634485
7395	1.165186647
7396	1.164690408
7397	1.1643451
7398	1.164115941
7399	1.163901211
7400	1.163662779
7401	1.163301971
7402	1.163120135
7403	1.162880599
7404	1.162504383
7405	1.162363984
7406	1.161962907
7407	1.161846862
7408	1.161755263
7409	1.161391752
7410	1.160894285
7411	1.160492363
7412	1.16043469
7413	1.160105539
7414	1.159946576
7415	1.159706993
7416	1.159496259
7417	1.159494109
7418	1.159280295
7419	1.158813038
7420	1.158579618
7421	1.158044872
7422	1.157871519
7423	1.157865061
7424	1.157615902
7425	1.157244932
7426	1.157058261
7427	1.15671851
7428	1.156697296
7429	1.156453264
7430	1.156344987
7431	1.156203493
7432	1.156195492
7433	1.156033258
7434	1.156025525
7435	1.155501082
7436	1.15520532
7437	1.154915588
7438	1.154527952
7439	1.154463211
7440	1.154187806
7441	1.154030006
7442	1.153552767
7443	1.153205934
7444	1.152997323
7445	1.152689005
7446	1.152115969
7447	1.151637383
7448	1.151263887
7449	1.150874169
7450	1.150663609
7451	1.150537596
7452	1.150206795
7453	1.149913438
7454	1.149698427
7455	1.149285432
7456	1.149254888
7457	1.149055898
7458	1.148713331
7459	1.148472335
7460	1.148091365
7461	1.147692294
7462	1.147224044
7463	1.147218438
7464	1.146825249
7465	1.146804717
7466	1.146405228
7467	1.145982834
7468	1.145465854
7469	1.145172143
7470	1.145029874
7471	1.144757806
7472	1.144262393
7473	1.143797426
7474	1.143522798
7475	1.143211536
7476	1.142979337
7477	1.142570855
7478	1.142023689
7479	1.141793425
7480	1.141421735
7481	1.141088574
7482	1.140920821
7483	1.140506786
7484	1.140303467
7485	1.139832616
7486	1.139448353
7487	1.139112216
7488	1.138798382
7489	1.138459004
7490	1.138219422
7491	1.138066226
7492	1.137743209
7493	1.137601787
7494	1.136992582
7495	1.136860008
7496	1.13651779
7497	1.136360066
7498	1.135998723
7499	1.135978242
7500	1.1356926
7501	1.135578039
7502	1.135508355
7503	1.135137729
7504	1.134803646
7505	1.134674204
7506	1.134507909
7507	1.134235807
7508	1.134151744
7509	1.133558779
7510	1.133151053
7511	1.132907339
7512	1.132579379
7513	1.132374781
7514	1.132070962
7515	1.131731652
7516	1.131711766
7517	1.131622076
7518	1.131333034
7519	1.13104601
7520	1.130567206
7521	1.130233586
7522	1.129647443
7523	1.129065263
7524	1.128628326
7525	1.128424765
7526	1.127924236
7527	1.127578442
7528	1.127301064
7529	1.126916146
7530	1.126699914
7531	1.126497161
7532	1.125995475
7533	1.125940638
7534	1.125499349
7535	1.125173488
7536	1.124886041
7537	1.124801074
7538	1.124283788
7539	1.123898102
7540	1.123566542
7541	1.123563221
7542	1.123258751
7543	1.122959896
7544	1.122512891
7545	1.122430397
7546	1.122059385
7547	1.121881278
7548	1.121585324
7549	1.121364398
7550	1.121058214
7551	1.120874272
7552	1.120587038
7553	1.120172309
7554	1.120111158
7555	1.120048204
7556	1.119625149
7557	1.11891544
7558	1.118565007
7559	1.11815133
7560	1.118030993
7561	1.117461307
7562	1.117153846
7563	1.116734549
7564	1.116563835
7565	1.116275405
7566	1.115933713
7567	1.115497939
7568	1.114963844
7569	1.114795055
7570	1.114641665
7571	1.114328601
7572	1.113996195
7573	1.113484087
7574	1.113226949
7575	1.112945703
7576	1.112599752
7577	1.112478507
7578	1.112229559
7579	1.112097411
7580	1.111903032
7581	1.111536024
7582	1.111275738
7583	1.111028274
7584	1.110805291
7585	1.110614372
7586	1.10995838
7587	1.10973164
7588	1.109426749
7589	1.108939566
7590	1.108687248
7591	1.108609179
7592	1.108435484
7593	1.108083139
7594	1.107656723
7595	1.107542979
7596	1.107110438
7597	1.106615721
7598	1.106614227
7599	1.106432746
7600	1.105915643
7601	1.105398797
7602	1.105149657
7603	1.105111619
7604	1.104614813
7605	1.103984981
7606	1.103861149
7607	1.103764719
7608	1.103703965
7609	1.103414999
7610	1.103240646
7611	1.102869769
7612	1.102770021
7613	1.102416428
7614	1.102066041
7615	1.101612138
7616	1.101383431
7617	1.100999395
7618	1.100596717
7619	1.100509002
7620	1.100051412
7621	1.099493129
7622	1.099097941
7623	1.098853549
7624	1.098540854
7625	1.09820825
7626	1.097846465
7627	1.09736547
7628	1.097294414
7629	1.097042597
7630	1.096898282
7631	1.096785481
7632	1.096290567
7633	1.096041139
7634	1.09583518
7635	1.095699143
7636	1.095479072
7637	1.095078356
7638	1.095009731
7639	1.094968541
7640	1.094508318
7641	1.09396506
7642	1.093895023
7643	1.093628634
7644	1.093373102
7645	1.092947986
7646	1.092763411
7647	1.09245131
7648	1.092304533
7649	1.091933548
7650	1.091929682
7651	1.091430615
7652	1.090925543
7653	1.090777895
7654	1.09074593
7655	1.09052847
7656	1.090059201
7657	1.089887591
7658	1.089653898
7659	1.089373389
7660	1.08904269
7661	1.088626912
7662	1.088244847
7663	1.087966857
7664	1.087659851
7665	1.087287166
7666	1.087060345
7667	1.086554899
7668	1.086257208
7669	1.08602569
7670	1.085818445
7671	1.085510387
7672	1.085265143
7673	1.084905422
7674	1.084863587
7675	1.084448198
7676	1.083967336
7677	1.083534389
7678	1.083151634
7679	1.082819606
7680	1.082801054
7681	1.082503005
7682	1.082405388
7683	1.08239896
7684	1.082136663
7685	1.081784332
7686	1.081428364
7687	1.081425689
7688	1.081157327
7689	1.080852392
7690	1.08054509
7691	1.080311322
7692	1.080124457
7693	1.079614498
7694	1.079167165
7695	1.078814673
7696	1.078378769
7697	1.078043097
7698	1.077616236
7699	1.077491783
7700	1.077068213
7701	1.076675177
7702	1.076450503
7703	1.076241706
7704	1.0759736
7705	1.075698486
7706	1.0752875
7707	1.074926754
7708	1.074414756
7709	1.074027293
7710	1.073789188
7711	1.073637768
7712	1.073571333
7713	1.073435546
7714	1.073302574
7715	1.072750609
7716	1.072613961
7717	1.072331953
7718	1.072010175
7719	1.071601074
7720	1.071389463
7721	1.071003608
7722	1.07071337
7723	1.070326663
7724	1.070068281
7725	1.069776783
7726	1.069441317
7727	1.069164256
7728	1.06902734
7729	1.068938565
7730	1.068905914
7731	1.068515661
7732	1.068334793
7733	1.067932461
7734	1.067722243
7735	1.067386131
7736	1.067121
7737	1.066907156
7738	1.06657551
7739	1.066385722
7740	1.066371534
7741	1.065957566
7742	1.065605825
7743	1.065178799
7744	1.064619235
7745	1.064175982
7746	1.063825142
7747	1.063645082
7748	1.063413591
7749	1.063299784
7750	1.063019482
7751	1.062676616
7752	1.062590129
7753	1.062483735
7754	1.062107685
7755	1.061784113
7756	1.06150963
7757	1.061445524
7758	1.061180581
7759	1.060831173
7760	1.060433613
7761	1.060298268
7762	1.060004031
7763	1.059675444
7764	1.059670201
7765	1.059294075
7766	1.059128086
7767	1.058888816
7768	1.058803958
7769	1.058509183
7770	1.058298993
7771	1.05779051
7772	1.057314132
7773	1.057020856
7774	1.056710192
7775	1.056335993
7776	1.055859866
7777	1.055589498
7778	1.055321685
7779	1.05457473
7780	1.054471857
7781	1.054004396
7782	1.05365432
7783	1.053381087
7784	1.052871245
7785	1.052777461
7786	1.052677966
7787	1.052392716
7788	1.05202712
7789	1.051698333
7790	1.051329744
7791	1.051153039
7792	1.050821262
7793	1.050085155
7794	1.050004352
7795	1.049882915
7796	1.049422651
7797	1.049092948
7798	1.048786941
7799	1.048316505
7800	1.048313903
7801	1.048111593
7802	1.047944036
7803	1.047822211
7804	1.047370125
7805	1.047067278
7806	1.046928129
7807	1.046761187
7808	1.046484036
7809	1.046218085
7810	1.045883915
7811	1.045811483
7812	1.045384411
7813	1.045044985
7814	1.044734706
7815	1.04449201
7816	1.04446418
7817	1.044259873
7818	1.043664699
7819	1.043589349
7820	1.04345577
7821	1.043234891
7822	1.042817439
7823	1.042572852
7824	1.042254686
7825	1.041854096
7826	1.041321585
7827	1.041007472
7828	1.041002121
7829	1.040526408
7830	1.040524351
7831	1.040520191
7832	1.040297692
7833	1.040146787
7834	1.039599311
7835	1.039203918
7836	1.039083412
7837	1.038791907
7838	1.0387878
7839	1.038343934
7840	1.038157737
7841	1.038155046
7842	1.037919921
7843	1.03757186
7844	1.037418264
7845	1.037307732
7846	1.036925953
7847	1.036668524
7848	1.036473047
7849	1.036368923
7850	1.035895868
7851	1.035686126
7852	1.035429187
7853	1.035204996
7854	1.034954576
7855	1.034746202
7856	1.034694025
7857	1.03446311
7858	1.034102332
7859	1.033803716
7860	1.033450281
7861	1.033019421
7862	1.033010189
7863	1.032705953
7864	1.032691737
7865	1.032317517
7866	1.031829334
7867	1.031414144
7868	1.030906934
7869	1.03066411
7870	1.030138601
7871	1.029809494
7872	1.029806984
7873	1.029327772
7874	1.029242794
7875	1.028892828
7876	1.028620157
7877	1.028378138
7878	1.027924173
7879	1.027799192
7880	1.027611722
7881	1.027271253
7882	1.026798053
7883	1.026438956
7884	1.026020322
7885	1.025605724
7886	1.025264706
7887	1.02484813
7888	1.024666907
7889	1.024130832
7890	1.023803747
7891	1.023727265
7892	1.023301219
7893	1.023170684
7894	1.023154617
7895	1.022849055
7896	1.022645739
7897	1.022455666
7898	1.022067782
7899	1.021813539
7900	1.021557362
7901	1.021131043
7902	1.021118448
7903	1.021055416
7904	1.020827899
7905	1.020520646
7906	1.020147233
7907	1.019965499
7908	1.019642803
7909	1.019641032
7910	1.019547493
7911	1.019544621
7912	1.019272651
7913	1.019244402
7914	1.018986031
7915	1.018612335
7916	1.018498409
7917	1.018163387
7918	1.017949131
7919	1.017605403
7920	1.017593487
7921	1.017443664
7922	1.017005071
7923	1.016648471
7924	1.016478501
7925	1.01626409
7926	1.016045772
7927	1.015856167
7928	1.015532522
7929	1.015241474
7930	1.014892036
7931	1.014526931
7932	1.014282444
7933	1.01428058
7934	1.014026948
7935	1.013840741
7936	1.013690547
7937	1.013353492
7938	1.01296651
7939	1.012727995
7940	1.01238273
7941	1.011998185
7942	1.011996526
7943	1.011833466
7944	1.01183114
7945	1.011313204
7946	1.011305777
7947	1.011292102
7948	1.010818342
7949	1.010504606
7950	1.010128443
7951	1.009789324
7952	1.009453243
7953	1.009331602
7954	1.009329349
7955	1.008956256
7956	1.008707338
7957	1.008492758
7958	1.008081955
7959	1.007761259
7960	1.007390515
7961	1.007001643
7962	1.006674815
7963	1.006445046
7964	1.006065531
7965	1.005734107
7966	1.005233453
7967	1.004919533
7968	1.004831918
7969	1.00466551
7970	1.004493266
7971	1.004224365
7972	1.003832478
7973	1.003829791
7974	1.003309277
7975	1.002887202
7976	1.002684911
7977	1.002408975
7978	1.002146831
7979	1.001923588
7980	1.001870924
7981	1.001403303
7982	1.001144125
7983	1.000911284
7984	1.000584077
7985	1.000252425
7986	1.000037415
7987	0.9997085195
7988	0.9992452729
7989	0.9990573867
7990	0.9988126946
7991	0.9984615988
7992	0.998358736
7993	0.9980996859
7994	0.9978711372
7995	0.9977632191
7996	0.9975846232
7997	0.9972738265
7998	0.9970717177
7999	0.9967383233
8000	0.9963874481
8001	0.9959309867
8002	0.9956465794
8003	0.9952779845
8004	0.9949990774
8005	0.9947689644
8006	0.9945877038
8007	0.9944772907
8008	0.9940741602
8009	0.9938633638
8010	0.9935151238
8011	0.9933475674
8012	0.9930437828
8013	0.9928153633
8014	0.9924215822
8015	0.9922190345
8016	0.991903494
8017	0.9919016289
8018	0.991721155
8019	0.9915225028
8020	0.9911112381
8021	0.9905708135
8022	0.99026167
8023	0.9900972819
8024	0.9899783261
8025	0.9898848564
8026	0.9895162648
8027	0.9894104431
8028	0.9893848633
8029	0.9890346296
8030	0.9887984523
8031	0.9885249158
8032	0.9881764604
8033	0.9880412521
8034	0.9876023179
8035	0.987243302
8036	0.9872413541
8037	0.9871344618
8038	0.9871174637
8039	0.9868362417
8040	0.9866684366
8041	0.9864441461
8042	0.9859837822
8043	0.9857829461
8044	0.9854861342
8045	0.9850074307
8046	0.9849163649
8047	0.9849148374
8048	0.9845884633
8049	0.9844535383
8050	0.9842232395
8051	0.9840458147
8052	0.9838437525
8053	0.9833907976
8054	0.9832086305
8055	0.9828605961
8056	0.9825811619
8057	0.9822637356
8058	0.9821517552
8059	0.9817647982
8060	0.9814904426
8061	0.9813483433
8062	0.9809757869
8063	0.9808723302
8064	0.9807110846
8065	0.9803423359
8066	0.9802340338
8067	0.9801036785
8068	0.9797909362
8069	0.9795348721
8070	0.9793326225
8071	0.9791075222
8072	0.9788914434
8073	0.9785068773
8074	0.9781179977
8075	0.978116063
8076	0.9777391429
8077	0.9774924997
8078	0.9772045762
8079	0.9770531526
8080	0.9770517295
8081	0.9770344867
8082	0.9767716335
8083	0.9764991721
8084	0.976409919
8085	0.9763021107
8086	0.976152067
8087	0.9760872443
8088	0.9758072094
8089	0.9756516699
8090	0.9754816912
8091	0.9750196505
8092	0.9747363404
8093	0.9740581097
8094	0.9738247863
8095	0.9736698798
8096	0.9732861604
8097	0.9731180192
8098	0.973115915
8099	0.9726181641
8100	0.9726159369
8101	0.9726042619
8102	0.972218079
8103	0.9720884775
8104	0.9719353716
8105	0.9717442521
8106	0.9715463907
8107	0.9711648587
8108	0.9708109489
8109	0.9703463719
8110	0.9702377262
8111	0.9699114304
8112	0.9696581592
8113	0.9693771456
8114	0.968920739
8115	0.9687153402
8116	0.9684447661
8117	0.9683726801
8118	0.9681065211
8119	0.9677272461
8120	0.9677257189
8121	0.9674020721
8122	0.9672265561
8123	0.967148484
8124	0.966611811
8125	0.9663393229
8126	0.9663363392
8127	0.9661434337
8128	0.9658706543
8129	0.9655200878
8130	0.9653021667
8131	0.9650513318
8132	0.9649975665
8133	0.9647571418
8134	0.9645595915
8135	0.9641913287
8136	0.9639363714
8137	0.9637113327
8138	0.9631604915
8139	0.9627254594
8140	0.962488433
8141	0.9623750714
8142	0.9621074752
8143	0.9619344956
8144	0.9616248468
8145	0.9612667943
8146	0.9610286515
8147	0.9607372264
8148	0.9603639561
8149	0.9599278426
8150	0.9597993024
8151	0.9594610254
8152	0.9592367289
8153	0.9591276076
8154	0.9589892357
8155	0.9589877958
8156	0.958727458
8157	0.9581941465
8158	0.9580806338
8159	0.9578950557
8160	0.9577741209
8161	0.9574039992
8162	0.9569988464
8163	0.9567199462
8164	0.9563194367
8165	0.9559284185
8166	0.9555464451
8167	0.9550997148
8168	0.9550077239
8169	0.9546995214
8170	0.9544780654
8171	0.9544492336
8172	0.9540375611
8173	0.9540356578
8174	0.9538887785
8175	0.9535015579
8176	0.9530364888
8177	0.9526602509
8178	0.9521611738
8179	0.9517454783
8180	0.9513168193
8181	0.9511662751
8182	0.950971905
8183	0.9507826974
8184	0.9506448147
8185	0.9504102806
8186	0.9501162072
8187	0.9497467735
8188	0.9496015094
8189	0.9493144065
8190	0.948777126
8191	0.9483779079
8192	0.9481279572
8193	0.9478630915
8194	0.9473275488
8195	0.9471081188
8196	0.9469888654
8197	0.9465897128
8198	0.9463015911
8199	0.9460588035
8200	0.9457291448
8201	0.9454106792
8202	0.9453106498
8203	0.9449592159
8204	0.9446983592
8205	0.9444111308
8206	0.9442028974
8207	0.9440296496
8208	0.943763312
8209	0.9434724999
8210	0.9430998755
8211	0.9428015932
8212	0.9426102232
8213	0.9423356016
8214	0.942245904
8215	0.9418960897
8216	0.9416395323
8217	0.941316504
8218	0.9411610925
8219	0.9407564248
8220	0.9404405183
8221	0.9398220019
8222	0.9393787865
8223	0.9392186698
8224	0.9390061813
8225	0.9388726869
8226	0.9386131379
8227	0.9385123335
8228	0.9381391289
8229	0.9379321038
8230	0.9376627528
8231	0.9371797981
8232	0.9366908087
8233	0.9365048673
8234	0.9362519097
8235	0.9362499213
8236	0.9360474187
8237	0.9354941149
8238	0.9352746201
8239	0.9350644508
8240	0.9348306104
8241	0.9344776171
8242	0.9344256198
8243	0.9342871338
8244	0.9339752113
8245	0.9338000856
8246	0.9335484056
8247	0.933430792
8248	0.9330038475
8249	0.9329333185
8250	0.9326289362
8251	0.9325288309
8252	0.9323571009
8253	0.9320888785
8254	0.9319335968
8255	0.9317935031
8256	0.9314760476
8257	0.9311791091
8258	0.9307499755
8259	0.9304424397
8260	0.9299345446
8261	0.9295531792
8262	0.929206349
8263	0.9290598445
8264	0.9288153683
8265	0.9287998419
8266	0.9287967556
8267	0.9286024176
8268	0.9283250847
8269	0.928287475
8270	0.9279969815
8271	0.927798169
8272	0.9275935255
8273	0.9271952278
8274	0.9271908156
8275	0.9269165663
8276	0.9268297575
8277	0.9268274264
8278	0.9264535865
8279	0.9260576878
8280	0.9257158799
8281	0.9255976073
8282	0.9255866928
8283	0.9253113243
8284	0.9251438298
8285	0.9250654898
8286	0.9245561537
8287	0.9242315393
8288	0.923720881
8289	0.9234998251
8290	0.9234979927
8291	0.9233394628
8292	0.9233374033
8293	0.9230907938
8294	0.9227839632
8295	0.9223700236
8296	0.9222573808
8297	0.9220674331
8298	0.9220544389
8299	0.9216827623
8300	0.9212555579
8301	0.9211698661
8302	0.921168409
8303	0.9206504972
8304	0.9206481975
8305	0.9205362495
8306	0.9204598069
8307	0.9201080535
8308	0.9199335875
8309	0.9199273461
8310	0.9194119998
8311	0.9190936147
8312	0.9187434318
8313	0.9186322367
8314	0.9184830382
8315	0.9183636153
8316	0.9180684198
8317	0.9177934487
8318	0.9174913408
8319	0.9173085832
8320	0.916849787
8321	0.9168476873
8322	0.9166442402
8323	0.9164798464
8324	0.916240486
8325	0.9160015486
8326	0.9159405293
8327	0.9156850769
8328	0.9156165938
8329	0.9153679881
8330	0.9150781176
8331	0.9149160617
8332	0.914745354
8333	0.9145326334
8334	0.9143079571
8335	0.9141589531
8336	0.9140980222
8337	0.9136923216
8338	0.9135281332
8339	0.9134768935
8340	0.9133438078
8341	0.9129031139
8342	0.9125683622
8343	0.9121974515
8344	0.9119479247
8345	0.9116591787
8346	0.9115282242
8347	0.9113384864
8348	0.9109901695
8349	0.9107795885
8350	0.9107388605
8351	0.9105328764
8352	0.9102418977
8353	0.9102396312
8354	0.9102086415
8355	0.9100842202
8356	0.9099552442
8357	0.9097747615
8358	0.9095757193
8359	0.9092722848
8360	0.9092017299
8361	0.9088895537
8362	0.9085988787
8363	0.908299657
8364	0.9082239772
8365	0.9078392714
8366	0.9077226402
8367	0.9074644029
8368	0.9072136412
8369	0.9070320001
8370	0.9069860063
8371	0.9069575338
8372	0.9069547676
8373	0.90676311
8374	0.906563902
8375	0.9061911887
8376	0.9059921583
8377	0.9059163987
8378	0.9056481763
8379	0.9053924419
8380	0.9050776773
8381	0.9046632674
8382	0.904359147
8383	0.9040892056
8384	0.9037439713
8385	0.9036612749
8386	0.9032467486
8387	0.9032447955
8388	0.9028533113
8389	0.9025932327
8390	0.902268455
8391	0.9021655878
8392	0.9018267709
8393	0.9017449671
8394	0.9017269587
8395	0.9016683802
8396	0.9014657511
8397	0.9012693491
8398	0.9010847243
8399	0.9010817639
8400	0.9010793168
8401	0.9008171738
8402	0.9005828271
8403	0.9005126954
8404	0.9001256224
8405	0.899970857
8406	0.8997485284
8407	0.8995560928
8408	0.8991143094
8409	0.8987845126
8410	0.8985151609
8411	0.898105213
8412	0.8976705936
8413	0.8974962894
8414	0.8969787178
8415	0.8966349631
8416	0.896546776
8417	0.8963567134
8418	0.8963083969
8419	0.8961938972
8420	0.8959442451
8421	0.8956067495
8422	0.8953641621
8423	0.8948000499
8424	0.8946489527
8425	0.8943459562
8426	0.8940674582
8427	0.8939880939
8428	0.8936506767
8429	0.8933682483
8430	0.8932244143
8431	0.8928147083
8432	0.8926433083
8433	0.8926338881
8434	0.8923581506
8435	0.8921219455
8436	0.8919442554
8437	0.8918752897
8438	0.8915149034
8439	0.8912972005
8440	0.8908358582
8441	0.8908110703
8442	0.8908092166
8443	0.8905112471
8444	0.8903311021
8445	0.8899822626
8446	0.8896842819
8447	0.8893719513
8448	0.8892356474
8449	0.8889523958
8450	0.8884965144
8451	0.8882349002
8452	0.8882323881
8453	0.8877990685
8454	0.8876828509
8455	0.8874588415
8456	0.8870549709
8457	0.8868299846
8458	0.8868055725
8459	0.8866464329
8460	0.8862794081
8461	0.8859992649
8462	0.8857346831
8463	0.8852430451
8464	0.8849545621
8465	0.8846379973
8466	0.8844511622
8467	0.8844498077
8468	0.8842152349
8469	0.884149735
8470	0.8841474225
8471	0.8837893269
8472	0.8836730201
8473	0.8833981815
8474	0.8833953982
8475	0.8830100491
8476	0.8827237778
8477	0.8824249326
8478	0.882094824
8479	0.8817657604
8480	0.8816017494
8481	0.8815992495
8482	0.88141066
8483	0.8810001616
8484	0.8808798467
8485	0.8804613911
8486	0.8802850724
8487	0.8801543972
8488	0.8801249278
8489	0.8800687474
8490	0.8798858655
8491	0.8797173988
8492	0.879417704
8493	0.8793017597
8494	0.8790627658
8495	0.8790603843
8496	0.8788635469
8497	0.8786850957
8498	0.8785117618
8499	0.8782018219
8500	0.8779361278
8501	0.8775899235
8502	0.8774666937
8503	0.8774053707
8504	0.8770675012
8505	0.8766415788
8506	0.8763444451
8507	0.8761733505
8508	0.8761712174
8509	0.8759978347
8510	0.8759258846
8511	0.8757060914
8512	0.8755024629
8513	0.8752587485
8514	0.8750909469
8515	0.8748659316
8516	0.8745515531
8517	0.8743724283
8518	0.8741253022
8519	0.8739616485
8520	0.8737012604
8521	0.8735935981
8522	0.8735097151
8523	0.8731651161
8524	0.8729527484
8525	0.8726541528
8526	0.8724681213
8527	0.872281141
8528	0.8722795043
8529	0.8719496079
8530	0.8717110411
8531	0.871410768
8532	0.8714066419
8533	0.8710724202
8534	0.8709835359
8535	0.870460212
8536	0.8702854071
8537	0.8702836871
8538	0.8700659658
8539	0.8700592768
8540	0.8699979372
8541	0.8699955571
8542	0.8698979257
8543	0.8698433152
8544	0.869607652
8545	0.8695834648
8546	0.869461307
8547	0.8690798037
8548	0.8686391721
8549	0.8683119892
8550	0.8683103462
8551	0.8682133939
8552	0.8680533271
8553	0.8678562967
8554	0.8676500528
8555	0.8673401825
8556	0.8671152957
8557	0.8669180323
8558	0.8669163007
8559	0.8667005538
8560	0.866493158
8561	0.8664813911
8562	0.8663433559
8563	0.8659825509
8564	0.8658245991
8565	0.8656103122
8566	0.8655690168
8567	0.8653129555
8568	0.8652265657
8569	0.8648901942
8570	0.8645415102
8571	0.8644284843
8572	0.864268286
8573	0.8641015733
8574	0.8636877177
8575	0.8636813887
8576	0.863490674
8577	0.8631185624
8578	0.8630296009
8579	0.8628737391
8580	0.8625030989
8581	0.8622378364
8582	0.862013799
8583	0.8618042261
8584	0.8617186721
8585	0.8615128496
8586	0.8612631007
8587	0.8611201327
8588	0.8610956287
8589	0.8609665572
8590	0.8609004692
8591	0.8608972232
8592	0.8607137767
8593	0.8603775444
8594	0.8602513896
8595	0.8597152901
8596	0.8595853808
8597	0.8591802373
8598	0.858945543
8599	0.8588074817
8600	0.8583686701
8601	0.8581999972
8602	0.8578695533
8603	0.8578206294
8604	0.8574002978
8605	0.8573990377
8606	0.8573613759
8607	0.8573490638
8608	0.8568612921
8609	0.8567231258
8610	0.8567186833
8611	0.8565588103
8612	0.8565571981
8613	0.8561022997
8614	0.8559571895
8615	0.8558072824
8616	0.8556855786
8617	0.8554233964
8618	0.8552892655
8619	0.8552864508
8620	0.8549940415
8621	0.8548968127
8622	0.8545510768
8623	0.8543958729
8624	0.8540259011
8625	0.8536684185
8626	0.8534069502
8627	0.8533499449
8628	0.8531265158
8629	0.8528461787
8630	0.8524294042
8631	0.8520649675
8632	0.8519465707
8633	0.8518083753
8634	0.8517108084
8635	0.851508617
8636	0.8511489174
8637	0.8509033133
8638	0.8506309677
8639	0.8503920006
8640	0.8501454723
8641	0.8499424903
8642	0.8495247567
8643	0.8491503901
8644	0.8488147957
8645	0.8486572855
8646	0.8485907554
8647	0.8483268282
8648	0.8479756676
8649	0.8478374228
8650	0.8475424051
8651	0.8471143631
8652	0.8470066638
8653	0.8468249801
8654	0.8466510596
8655	0.8464517668
8656	0.8461824571
8657	0.8459558259
8658	0.8459294661
8659	0.8455974683
8660	0.8454620412
8661	0.8453470359
8662	0.8450600005
8663	0.8447154777
8664	0.8444943238
8665	0.844409872
8666	0.8441494541
8667	0.8438470817
8668	0.8434941286
8669	0.8434370844
8670	0.8431582518
8671	0.8429233433
8672	0.8429217763
8673	0.8427617571
8674	0.842505447
8675	0.842503533
8676	0.8423902585
8677	0.8423590412
8678	0.8419260288
8679	0.8419240547
8680	0.841763016
8681	0.8414060777
8682	0.8411588923
8683	0.841157639
8684	0.8408975811
8685	0.8408233616
8686	0.8406724757
8687	0.8404224807
8688	0.8402988029
8689	0.840069639
8690	0.8398720322
8691	0.8394251895
8692	0.8392741317
8693	0.8390954978
8694	0.8387939337
8695	0.8386560437
8696	0.8386546527
8697	0.8383971845
8698	0.8383171518
8699	0.8380982776
8700	0.8379642616
8701	0.8375579257
8702	0.8373546459
8703	0.8371348509
8704	0.8368185483
8705	0.836816967
8706	0.836593145
8707	0.8363108116
8708	0.8358935612
8709	0.8357936099
8710	0.8356160487
8711	0.8353186121
8712	0.8351164865
8713	0.8348365366
8714	0.8346876795
8715	0.8345193344
8716	0.8344665763
8717	0.8344650886
8718	0.8341728055
8719	0.8339342609
8720	0.833684547
8721	0.8334162045
8722	0.8331127614
8723	0.8331111284
8724	0.8330914918
8725	0.8330734609
8726	0.8330141381
8727	0.8329822232
8728	0.8328082515
8729	0.8325325451
8730	0.8323821389
8731	0.8322412162
8732	0.8321153767
8733	0.8319662956
8734	0.831791571
8735	0.8315619988
8736	0.8313672656
8737	0.8311328545
8738	0.8309813176
8739	0.8308911673
8740	0.8306945138
8741	0.8304477129
8742	0.8299966353
8743	0.8298701137
8744	0.8296169729
8745	0.8292706845
8746	0.8291665588
8747	0.8286686828
8748	0.8284408031
8749	0.8284381225
8750	0.828325723
8751	0.8280806918
8752	0.8277043681
8753	0.8274240297
8754	0.8270453727
8755	0.8269475631
8756	0.8269461952
8757	0.8266802449
8758	0.8266612301
8759	0.8264001846
8760	0.8262356345
8761	0.8259287725
8762	0.8258088357
8763	0.8255133615
8764	0.825353588
8765	0.8253477847
8766	0.825082184
8767	0.8250805473
8768	0.825061439
8769	0.8249201259
8770	0.8246696598
8771	0.8245317192
8772	0.8242006713
8773	0.8239848409
8774	0.8238059027
8775	0.823539505
8776	0.8233131992
8777	0.8231349428
8778	0.8229537613
8779	0.822630645
8780	0.8223468132
8781	0.8222329666
8782	0.821929686
8783	0.8217875707
8784	0.8217859864
8785	0.8217028
8786	0.821701602
8787	0.8216480003
8788	0.8215066885
8789	0.8213998899
8790	0.821141067
8791	0.8209533412
8792	0.8207718635
8793	0.8205734142
8794	0.8205006305
8795	0.8203694019
8796	0.8201862982
8797	0.8201796118
8798	0.8199520811
8799	0.8196641824
8800	0.8195514147
8801	0.8192550043
8802	0.8190268207
8803	0.8190253607
8804	0.8189012868
8805	0.8185440921
8806	0.8182237095
8807	0.8180858166
8808	0.8178346781
8809	0.8178320442
8810	0.8174892782
8811	0.8172841763
8812	0.8172393475
8813	0.816973053
8814	0.8169645248
8815	0.8169616579
8816	0.8167340111
8817	0.8165500827
8818	0.8165470036
8819	0.8162648143
8820	0.8159983036
8821	0.8156267056
8822	0.815612793
8823	0.8155561097
8824	0.8155491791
8825	0.8155476777
8826	0.8154045319
8827	0.8151478187
8828	0.8151460592
8829	0.8149060558
8830	0.8147665758
8831	0.8146320854
8832	0.8143563452
8833	0.8142033867
8834	0.8140974057
8835	0.8139022803
8836	0.8136214372
8837	0.8135086834
8838	0.8134070716
8839	0.8132549279
8840	0.8130790123
8841	0.8129950577
8842	0.8128417857
8843	0.8128400765
8844	0.8126576638
8845	0.8122873154
8846	0.8122352147
8847	0.8119274062
8848	0.811800861
8849	0.8117307059
8850	0.8113308173
8851	0.8108037084
8852	0.8104506742
8853	0.8102560025
8854	0.8099663745
8855	0.809806515
8856	0.8098046588
8857	0.8095467442
8858	0.809545153
8859	0.8095077907
8860	0.8094148758
8861	0.8091592642
8862	0.808903407
8863	0.808595822
8864	0.8082849881
8865	0.8082674701
8866	0.8081093808
8867	0.8080655867
8868	0.8079364872
8869	0.8075870239
8870	0.8075850957
8871	0.8072382815
8872	0.8070826227
8873	0.8068119284
8874	0.8066956229
8875	0.8064189264
8876	0.8063194919
8877	0.8061097146
8878	0.8058488017
8879	0.8056060994
8880	0.8054446981
8881	0.8053739497
8882	0.8052515046
8883	0.8052499316
8884	0.8049160449
8885	0.804785166
8886	0.8047833882
8887	0.8047820326
8888	0.804454997
8889	0.8042455428
8890	0.8040938059
8891	0.8040228968
8892	0.8038851651
8893	0.8038673613
8894	0.8034866475
8895	0.8033258282
8896	0.8031041886
8897	0.8027392238
8898	0.8026551816
8899	0.8023226686
8900	0.801946432
8901	0.801829092
8902	0.80172938
8903	0.8016669723
8904	0.801401428
8905	0.8013885384
8906	0.8011501392
8907	0.8007371041
8908	0.8004874752
8909	0.8002713066
8910	0.7999058354
8911	0.7996993913
8912	0.7994635945
8913	0.7992058861
8914	0.7990630493
8915	0.798913489
8916	0.7987926067
8917	0.7984766779
8918	0.7982722064
8919	0.7980417891
8920	0.7977148441
8921	0.7974972917
8922	0.7974556873
8923	0.7972819704
8924	0.7972044502
8925	0.7971475084
8926	0.7969910018
8927	0.7969839919
8928	0.7967200486
8929	0.7964055151
8930	0.7964035024
8931	0.7964016068
8932	0.7962243977
8933	0.7960912474
8934	0.7955758595
8935	0.7954027433
8936	0.7952745966
8937	0.795198997
8938	0.7949313579
8939	0.7947614085
8940	0.7946871142
8941	0.7944660407
8942	0.7942556286
8943	0.7940186481
8944	0.7940166568
8945	0.7938870223
8946	0.7936694773
8947	0.7934622913
8948	0.7934022872
8949	0.7932691208
8950	0.7932016344
8951	0.7930223089
8952	0.7924530889
8953	0.7923257418
8954	0.7922824262
8955	0.7921600516
8956	0.7916090503
8957	0.7914835715
8958	0.7912954221
8959	0.7911086428
8960	0.7911068213
8961	0.7909612059
8962	0.7906699218
8963	0.7903614373
8964	0.7901262576
8965	0.7900078814
8966	0.789812582
8967	0.7896233706
8968	0.7892604989
8969	0.7889205594
8970	0.7885893364
8971	0.7883776044
8972	0.7881893249
8973	0.7881812552
8974	0.7879990144
8975	0.7878438839
8976	0.7876503357
8977	0.7873772149
8978	0.7872297396
8979	0.7870053943
8980	0.7867970566
8981	0.7867020257
8982	0.7866939041
8983	0.7864710304
8984	0.7864298516
8985	0.7860079074
8986	0.7857051724
8987	0.7853180414
8988	0.7853158342
8989	0.7852134288
8990	0.785025913
8991	0.7846463265
8992	0.7846029519
8993	0.7845079564
8994	0.7842453834
8995	0.7840328795
8996	0.7838704177
8997	0.7837782787
8998	0.7834718918
8999	0.7832631427
9000	0.7832612577
9001	0.7830069471
9002	0.7828551087
9003	0.7828540749
9004	0.7826595916
9005	0.782447377
9006	0.7822547939
9007	0.78190926
9008	0.7818115021
9009	0.7815678976
9010	0.7812788656
9011	0.7809575381
9012	0.7806594266
9013	0.7806300808
9014	0.7804319162
9015	0.7801901991
9016	0.7798520725
9017	0.7795561297
9018	0.7793593448
9019	0.7793026265
9020	0.7791895893
9021	0.779084004
9022	0.7788315397
9023	0.7786174715
9024	0.7786159707
9025	0.7784070642
9026	0.7782877966
9027	0.7780196307
9028	0.7778008269
9029	0.7777988346
9030	0.7777971374
9031	0.7774572118
9032	0.7773035065
9033	0.7770954589
9034	0.7770923352
9035	0.7769307888
9036	0.7767535539
9037	0.7764668224
9038	0.7762578791
9039	0.7760783117
9040	0.7759207425
9041	0.7757076256
9042	0.7755938075
9043	0.7754386599
9044	0.7752265141
9045	0.7750757878
9046	0.7748252242
9047	0.774663228
9048	0.7744183973
9049	0.7742117669
9050	0.7738688281
9051	0.7737093577
9052	0.7737074854
9053	0.7736634797
9054	0.7735655757
9055	0.7733608058
9056	0.7733564588
9057	0.7731832705
9058	0.7730489839
9059	0.772940935
9060	0.7725486029
9061	0.772290697
9062	0.7722056797
9063	0.7721318891
9064	0.7719337361
9065	0.7716493885
9066	0.7716481922
9067	0.7714773702
9068	0.7713982529
9069	0.7712876688
9070	0.7711612253
9071	0.7710599358
9072	0.7707961567
9073	0.7706894387
9074	0.7705302995
9075	0.7702422058
9076	0.7700866327
9077	0.7698889756
9078	0.7698223177
9079	0.7697109977
9080	0.7695003354
9081	0.7694439491
9082	0.7692892867
9083	0.7691703406
9084	0.7688108199
9085	0.7684924769
9086	0.768491054
9087	0.7684467734
9088	0.768313144
9089	0.7682420269
9090	0.7682080311
9091	0.7680192182
9092	0.7678202225
9093	0.7675367294
9094	0.7674707275
9095	0.7671993984
9096	0.7671225712
9097	0.7667896133
9098	0.7663384613
9099	0.7661822169
9100	0.7658585937
9101	0.7656698407
9102	0.7654309897
9103	0.7650737888
9104	0.7648517697
9105	0.7647271072
9106	0.7646835164
9107	0.7646055808
9108	0.7644668825
9109	0.76409069
9110	0.7640891909
9111	0.7638009114
9112	0.7634233306
9113	0.7632923893
9114	0.7632908758
9115	0.7631470206
9116	0.7630077177
9117	0.7630064599
9118	0.7628139297
9119	0.7625092291
9120	0.7624265746
9121	0.7623141542
9122	0.7621040362
9123	0.7618542063
9124	0.7616145181
9125	0.7614472222
9126	0.7612968479
9127	0.7610431417
9128	0.7607482378
9129	0.7606089864
9130	0.760569495
9131	0.7602952353
9132	0.7602687702
9133	0.7599852401
9134	0.759800418
9135	0.7596808718
9136	0.759679638
9137	0.7594581973
9138	0.7592008425
9139	0.7590101728
9140	0.7587988339
9141	0.7587083628
9142	0.7585503209
9143	0.7581291521
9144	0.7577904889
9145	0.7576604509
9146	0.7574839299
9147	0.7570875372
9148	0.7569314558
9149	0.756930193
9150	0.7569288435
9151	0.7566696046
9152	0.7564516607
9153	0.756206763
9154	0.7559638909
9155	0.7559095306
9156	0.7556429856
9157	0.7555839314
9158	0.7552629721
9159	0.7551242257
9160	0.7550022532
9161	0.7548297291
9162	0.7546387671
9163	0.7543534983
9164	0.7542761981
9165	0.7540560829
9166	0.7538241197
9167	0.753580279
9168	0.7533454238
9169	0.7531585713
9170	0.7531467259
9171	0.7530492712
9172	0.752773877
9173	0.7523386634
9174	0.7520586747
9175	0.7519641119
9176	0.7517459687
9177	0.7517440523
9178	0.7514775552
9179	0.7512245661
9180	0.7509846824
9181	0.750861173
9182	0.7507264983
9183	0.7506163528
9184	0.7504527114
9185	0.7500640956
9186	0.7500626982
9187	0.7496841355
9188	0.7494015556
9189	0.7491514501
9190	0.7490541188
9191	0.7489641534
9192	0.7488415104
9193	0.748608559
9194	0.7483675812
9195	0.7482325583
9196	0.7480831205
9197	0.7479704083
9198	0.7479303127
9199	0.7478827157
9200	0.7477041501
9201	0.7473095847
9202	0.7472434608
9203	0.7470370794
9204	0.7467477933
9205	0.7464498613
9206	0.7462098324
9207	0.7459981328
9208	0.7455640718
9209	0.7455625352
9210	0.7452527734
9211	0.7450804721
9212	0.7450399739
9213	0.7449285344
9214	0.7447932489
9215	0.7446127148
9216	0.7445234247
9217	0.7444406361
9218	0.7443551355
9219	0.7440203584
9220	0.7437826472
9221	0.7436467694
9222	0.7433675115
9223	0.7431650583
9224	0.7429813418
9225	0.7428938011
9226	0.742891999
9227	0.7426026775
9228	0.7423597065
9229	0.7421045481
9230	0.7417836235
9231	0.7415288563
9232	0.7414542538
9233	0.7414528476
9234	0.7414509656
9235	0.7411564988
9236	0.7409019197
9237	0.7406873746
9238	0.740578607
9239	0.7403644631
9240	0.7403601356
9241	0.740140569
9242	0.7399706409
9243	0.7397204422
9244	0.7395215459
9245	0.7394261808
9246	0.7394245456
9247	0.7392129045
9248	0.7389828522
9249	0.7388683671
9250	0.7386270114
9251	0.7383765589
9252	0.7379990117
9253	0.7377997128
9254	0.7376570697
9255	0.7374523775
9256	0.7372074639
9257	0.7371144857
9258	0.7368678904
9259	0.73663536
9260	0.7363533975
9261	0.7360867629
9262	0.7356559929
9263	0.735465574
9264	0.7351715516
9265	0.7348596928
9266	0.7345302031
9267	0.7343866433
9268	0.7340024421
9269	0.733782983
9270	0.7336552337
9271	0.7335128959
9272	0.7331448618
9273	0.7328714907
9274	0.7327290167
9275	0.7327014022
9276	0.7325688184
9277	0.7323669165
9278	0.73185796
9279	0.7316890761
9280	0.7314719267
9281	0.7313105912
9282	0.7312307573
9283	0.7309715744
9284	0.7308232068
9285	0.7304625844
9286	0.7302249438
9287	0.7300586927
9288	0.7298385781
9289	0.729798925
9290	0.7295927052
9291	0.7293779336
9292	0.7293758691
9293	0.7289875662
9294	0.728681375
9295	0.7284138422
9296	0.7281339223
9297	0.7277700221
9298	0.7277675485
9299	0.7276756439
9300	0.7276125163
9301	0.7275140961
9302	0.7273770403
9303	0.727163504
9304	0.7270035216
9305	0.726691934
9306	0.7265345401
9307	0.7265279315
9308	0.7264729982
9309	0.7261859517
9310	0.7261843637
9311	0.7260617441
9312	0.7258584467
9313	0.7258521022
9314	0.7257286128
9315	0.7256990083
9316	0.7254391938
9317	0.7250765436
9318	0.7248588721
9319	0.7246120358
9320	0.7246107526
9321	0.7245486517
9322	0.7243249043
9323	0.7240982295
9324	0.7238097335
9325	0.7237303933
9326	0.7233855952
9327	0.7232307462
9328	0.7230853609
9329	0.7229673321
9330	0.7228093784
9331	0.7226998432
9332	0.7224884244
9333	0.7221137318
9334	0.7218800197
9335	0.7217979157
9336	0.7217946615
9337	0.7216631131
9338	0.7215591366
9339	0.7211203708
9340	0.7209917757
9341	0.7206717137
9342	0.7205710302
9343	0.7203432502
9344	0.720176593
9345	0.7201254559
9346	0.7197052502
9347	0.7193299672
9348	0.7191557037
9349	0.7188121179
9350	0.7186426934
9351	0.7186414383
9352	0.7184431619
9353	0.7183162129
9354	0.7183146821
9355	0.7182635301
9356	0.7182620844
9357	0.7181714964
9358	0.718041237
9359	0.7178007144
9360	0.7176186492
9361	0.7176168882
9362	0.7174155792
9363	0.71700923
9364	0.7165538859
9365	0.7162737011
9366	0.7161250974
9367	0.7160177086
9368	0.7158721735
9369	0.7156454674
9370	0.7154424648
9371	0.71536525
9372	0.7150174671
9373	0.7148155604
9374	0.714693145
9375	0.7143857795
9376	0.7143311064
9377	0.714192693
9378	0.7138251341
9379	0.7137871743
9380	0.713786003
9381	0.7135632482
9382	0.7135615343
9383	0.713373031
9384	0.7133709023
9385	0.7130535798
9386	0.7128001695
9387	0.7124354506
9388	0.7123290355
9389	0.7121587257
9390	0.7121576723
9391	0.7119223807
9392	0.7119207856
9393	0.7117636554
9394	0.7115351455
9395	0.7113484779
9396	0.7111223817
9397	0.7111208326
9398	0.7107953379
9399	0.7106905866
9400	0.7106887149
9401	0.7105127556
9402	0.710511009
9403	0.7105100615
9404	0.7102620903
9405	0.7101605521
9406	0.7099456918
9407	0.709752523
9408	0.7094456406
9409	0.7093009791
9410	0.7089082295
9411	0.7088241266
9412	0.7088210995
9413	0.7086381552
9414	0.7084863232
9415	0.7084726303
9416	0.70816603
9417	0.7081644851
9418	0.7079878263
9419	0.7078508644
9420	0.7076990799
9421	0.7076974518
9422	0.7076958989
9423	0.7075717498
9424	0.7074369374
9425	0.7072801297
9426	0.7071624867
9427	0.7069426973
9428	0.7066918267
9429	0.7065632811
9430	0.7065520609
9431	0.7063436977
9432	0.7061214123
9433	0.7058553602
9434	0.7056773657
9435	0.7055140525
9436	0.7053277329
9437	0.705151568
9438	0.7049273217
9439	0.7046655093
9440	0.7046641596
9441	0.7045768128
9442	0.7045756733
9443	0.7044489343
9444	0.7042808102
9445	0.7040925105
9446	0.7037682787
9447	0.7035760482
9448	0.7035550952
9449	0.7032215811
9450	0.703117317
9451	0.7028236427
9452	0.7028198355
9453	0.7026059131
9454	0.7025086045
9455	0.7023370097
9456	0.7022069213
9457	0.7021491988
9458	0.7018604102
9459	0.7017424722
9460	0.7014097675
9461	0.7010761553
9462	0.7007530386
9463	0.7005804336
9464	0.7002224667
9465	0.7001059969
9466	0.6999408225
9467	0.6996676253
9468	0.6994644453
9469	0.6992720942
9470	0.6990533374
9471	0.6988741035
9472	0.6986197242
9473	0.6984696491
9474	0.6982652151
9475	0.6980489823
9476	0.6979536974
9477	0.6976641608
9478	0.6976627715
9479	0.6975131988
9480	0.6974353055
9481	0.6971563696
9482	0.6968077747
9483	0.6965730905
9484	0.696539366
9485	0.6964317798
9486	0.6961969469
9487	0.6961447538
9488	0.6961439308
9489	0.6961427972
9490	0.696013111
9491	0.6958723455
9492	0.695741156
9493	0.6954718027
9494	0.6954707133
9495	0.6953629136
9496	0.6952130577
9497	0.6950513495
9498	0.6950294426
9499	0.6947728266
9500	0.6946366707
9501	0.6943500672
9502	0.6941356978
9503	0.6940033764
9504	0.6939647397
9505	0.6938798934
9506	0.6937043764
9507	0.6934170416
9508	0.6931835781
9509	0.6930562086
9510	0.6928483742
9511	0.6926887738
9512	0.6924874403
9513	0.6924858733
9514	0.6922806608
9515	0.6920386347
9516	0.6917792995
9517	0.6917628636
9518	0.6916270951
9519	0.6914074218
9520	0.6911809575
9521	0.691164909
9522	0.6911490879
9523	0.6909193882
9524	0.6907814513
9525	0.6905970741
9526	0.6902603916
9527	0.690258758
9528	0.6901327141
9529	0.689979692
9530	0.6897196112
9531	0.6893717271
9532	0.6891827365
9533	0.6888760045
9534	0.6885417213
9535	0.6883880557
9536	0.6881687129
9537	0.6879767903
9538	0.6878937757
9539	0.6878160353
9540	0.6877301674
9541	0.6875504724
9542	0.6873340774
9543	0.6870581282
9544	0.6869858551
9545	0.6869002465
9546	0.686825696
9547	0.6866407683
9548	0.6864987616
9549	0.6862380934
9550	0.6861239863
9551	0.6859186142
9552	0.6856584643
9553	0.6854305067
9554	0.6852782713
9555	0.685229013
9556	0.6851296406
9557	0.684964121
9558	0.6847624082
9559	0.6847609385
9560	0.684616846
9561	0.6843935925
9562	0.6841523395
9563	0.6838682009
9564	0.6838670519
9565	0.683728984
9566	0.683727089
9567	0.6837262615
9568	0.6834825672
9569	0.6831662974
9570	0.6826937307
9571	0.6823774009
9572	0.6821822992
9573	0.6820953879
9574	0.6820472749
9575	0.6818764882
9576	0.6818254074
9577	0.6816193711
9578	0.681462001
9579	0.6813147863
9580	0.6812736326
9581	0.6810289434
9582	0.6808573364
9583	0.6805218138
9584	0.6802894076
9585	0.6801678202
9586	0.6801664707
9587	0.6801074805
9588	0.6799745626
9589	0.6797095408
9590	0.6795306761
9591	0.6795294293
9592	0.6795279294
9593	0.6792848884
9594	0.6790942744
9595	0.6788396427
9596	0.6786581373
9597	0.6782801322
9598	0.6782772791
9599	0.6780636164
9600	0.6779606726
9601	0.6778936669
9602	0.677663921
9603	0.6773525634
9604	0.6773483846
9605	0.6771689472
9606	0.6770369295
9607	0.6769582515
9608	0.676768422
9609	0.6762926523
9610	0.6761086758
9611	0.676057962
9612	0.6757500793
9613	0.6756797452
9614	0.6755295458
9615	0.6752640828
9616	0.6752102462
9617	0.6750661607
9618	0.6750308415
9619	0.6747697829
9620	0.6744883724
9621	0.6744241018
9622	0.6743572955
9623	0.6742046351
9624	0.674114772
9625	0.6740386684
9626	0.6740376158
9627	0.67403463
9628	0.673949572
9629	0.6738786158
9630	0.6738445207
9631	0.6736355133
9632	0.6734241913
9633	0.673214024
9634	0.6730096727
9635	0.6729197805
9636	0.6728939166
9637	0.6725999461
9638	0.6725098564
9639	0.6722606755
9640	0.6721658938
9641	0.6720406051
9642	0.6718889913
9643	0.6718710702
9644	0.6717264163
9645	0.6716523117
9646	0.6715533473
9647	0.6713817014
9648	0.6712168034
9649	0.6710894215
9650	0.670990136
9651	0.6709891269
9652	0.6707134142
9653	0.6705996191
9654	0.6705980994
9655	0.6703829711
9656	0.6702278135
9657	0.6699150603
9658	0.6696426498
9659	0.6694879086
9660	0.6693782795
9661	0.6691990303
9662	0.6691276904
9663	0.6690824581
9664	0.6688839643
9665	0.668654994
9666	0.6683567536
9667	0.6681486688
9668	0.6681141727
9669	0.6681012998
9670	0.6678481812
9671	0.6675711838
9672	0.6673727158
9673	0.6672729046
9674	0.6671417154
9675	0.666907656
9676	0.666783861
9677	0.6665429659
9678	0.666494361
9679	0.6664933329
9680	0.666467827
9681	0.6664622081
9682	0.6662210758
9683	0.6660251719
9684	0.6659295428
9685	0.6657267896
9686	0.6653973215
9687	0.6652343918
9688	0.665184421
9689	0.6651019077
9690	0.6647485759
9691	0.6646045794
9692	0.6646037136
9693	0.6645179881
9694	0.6644420713
9695	0.6644056978
9696	0.6643523466
9697	0.6643483061
9698	0.6640855838
9699	0.6640372058
9700	0.6638851078
9701	0.66373159
9702	0.663569731
9703	0.6633647418
9704	0.6632060323
9705	0.6631474518
9706	0.6630701402
9707	0.6629243213
9708	0.6628466186
9709	0.662801222
9710	0.6624796477
9711	0.6624434399
9712	0.6624420823
9713	0.6624409889
9714	0.6622916069
9715	0.6622892678
9716	0.6622414326
9717	0.6620431541
9718	0.6620416254
9719	0.6618952389
9720	0.6617214041
9721	0.6614594774
9722	0.661245694
9723	0.6610357354
9724	0.6609110566
9725	0.660744773
9726	0.6604854024
9727	0.6603852839
9728	0.6602448822
9729	0.6598799674
9730	0.6598197276
9731	0.6597899122
9732	0.6596321635
9733	0.6591759988
9734	0.6590305463
9735	0.6589353818
9736	0.6587939302
9737	0.6585257136
9738	0.658373685
9739	0.6582061669
9740	0.6580818571
9741	0.6577419222
9742	0.6577402405
9743	0.6576970043
9744	0.657696019
9745	0.6575933572
9746	0.6573286949
9747	0.6570408884
9748	0.6568420921
9749	0.6568410886
9750	0.6567856108
9751	0.6565412438
9752	0.656384925
9753	0.6561956153
9754	0.6561400006
9755	0.6561386075
9756	0.6558288427
9757	0.6556539933
9758	0.6555019353
9759	0.6553597836
9760	0.6552823071
9761	0.6552811773
9762	0.6550289796
9763	0.6549426285
9764	0.6549411611
9765	0.6548044434
9766	0.6545959183
9767	0.654438022
9768	0.6544364087
9769	0.6541743309
9770	0.6540253225
9771	0.6539288565
9772	0.6538405301
9773	0.6536464397
9774	0.6535522135
9775	0.6533084462
9776	0.6532435941
9777	0.6531947221
9778	0.6529845492
9779	0.6526423676
9780	0.6522651311
9781	0.6519378355
9782	0.6518650838
9783	0.6516277869
9784	0.6513573185
9785	0.6512275936
9786	0.6510761385
9787	0.651016694
9788	0.6508447777
9789	0.6506270054
9790	0.6505201799
9791	0.6502846079
9792	0.6500574
9793	0.6499554305
9794	0.6497733688
9795	0.6495768566
9796	0.649407833
9797	0.6491640341
9798	0.6491347409
9799	0.6491183317
9800	0.6489273424
9801	0.6488360113
9802	0.648793728
9803	0.6485067074
9804	0.6482791114
9805	0.6481407958
9806	0.6480885183
9807	0.6479584325
9808	0.6478708425
9809	0.6476755695
9810	0.6475236942
9811	0.647289557
9812	0.6472217474
9813	0.6470721084
9814	0.6469795114
9815	0.6467801638
9816	0.6465286259
9817	0.6464347228
9818	0.6461500045
9819	0.6459783844
9820	0.6457868088
9821	0.6454300874
9822	0.6453479958
9823	0.6450542346
9824	0.6448949234
9825	0.6447540348
9826	0.6445616282
9827	0.6444003237
9828	0.6439669795
9829	0.6436335601
9830	0.6435272081
9831	0.6434433081
9832	0.643293035
9833	0.6431722537
9834	0.6428288946
9835	0.6426829193
9836	0.6425294282
9837	0.6424288859
9838	0.6422458866
9839	0.6421159798
9840	0.6418963293
9841	0.6417625468
9842	0.6416004609
9843	0.6413287982
9844	0.6410574978
9845	0.6408534381
9846	0.6407161591
9847	0.6403787966
9848	0.64037723
9849	0.6401205315
9850	0.6400905715
9851	0.6400207672
9852	0.6399281996
9853	0.6397700607
9854	0.639588597
9855	0.6395873951
9856	0.6393585577
9857	0.6392865906
9858	0.6390185177
9859	0.6388896811
9860	0.6387845153
9861	0.6387834318
9862	0.6386747227
9863	0.6385278962
9864	0.6382533801
9865	0.6379103733
9866	0.6379089759
9867	0.6378172004
9868	0.6376477875
9869	0.6374491163
9870	0.6372519304
9871	0.6371876983
9872	0.6369576677
9873	0.636956333
9874	0.6367683753
9875	0.6366127188
9876	0.6364357132
9877	0.6364337198
9878	0.636343558
9879	0.6362426452
9880	0.635959328
9881	0.6358344751
9882	0.635591396
9883	0.6354288057
9884	0.6354280184
9885	0.6352615757
9886	0.635093685
9887	0.6350920157
9888	0.6349240998
9889	0.6347060581
9890	0.6344559501
9891	0.6343711535
9892	0.6343695278
9893	0.6342995432
9894	0.6341023181
9895	0.6340075871
9896	0.6337883269
9897	0.6336752941
9898	0.6335045617
9899	0.6333396162
9900	0.6331461609
9901	0.632967982
9902	0.6328364804
9903	0.6326317396
9904	0.6324679623
9905	0.6322976242
9906	0.6320034629
9907	0.6319717406
9908	0.6316527078
9909	0.6316510259
9910	0.6315648149
9911	0.6314851599
9912	0.63135969
9913	0.6313581716
9914	0.6312071767
9915	0.6310276809
9916	0.6309123313
9917	0.6308338516
9918	0.6306892153
9919	0.6304021998
9920	0.6302368185
9921	0.6300375003
9922	0.6299378708
9923	0.6298056822
9924	0.629652928
9925	0.6295957383
9926	0.6293584456
9927	0.6292547656
9928	0.6291801018
9929	0.6289926625
9930	0.6288869272
9931	0.6285837356
9932	0.6283550478
9933	0.6282873034
9934	0.62819094
9935	0.6281088645
9936	0.6279026306
9937	0.6276893699
9938	0.627500008
9939	0.6272642194
9940	0.6272430956
9941	0.6270490785
9942	0.6270470802
9943	0.6268177563
9944	0.6266320755
9945	0.6264516705
9946	0.626450151
9947	0.6261956344
9948	0.6260194473
9949	0.6259891065
9950	0.6258236533
9951	0.6256291984
9952	0.6255098757
9953	0.625446388
9954	0.6253159905
9955	0.625113491
9956	0.6250249397
9957	0.6248811215
9958	0.6246285997
9959	0.6245881983
9960	0.6244743554
9961	0.6243159233
9962	0.6241409555
9963	0.6240335899
9964	0.6238390187
9965	0.6236061196
9966	0.6235468023
9967	0.6232096808
9968	0.6230056317
9969	0.6230037665
9970	0.6230022995
9971	0.6228032689
9972	0.6225662889
9973	0.6223544724
9974	0.6221583803
9975	0.621972741
9976	0.6217517409
9977	0.6216576292
9978	0.6214931491
9979	0.621444412
9980	0.6212938015
9981	0.6210914238
9982	0.6210504718
9983	0.6209533513
9984	0.6205936598
9985	0.6204060237
9986	0.6201494211
9987	0.6200641287
9988	0.6199247189
9989	0.619689893
9990	0.6194745456
9991	0.619359175
9992	0.6193577936
9993	0.6193568406
9994	0.6193067271
9995	0.6189359631
9996	0.6186292016
9997	0.6184325387
9998	0.6183511678
9999	0.6182374893
