iter	Passed	Remaining
0	3	38352
1	6	34388
2	10	35419
3	13	33255
4	16	32629
5	19	31985
6	22	31646
7	24	30603
8	27	30092
9	29	29412
10	32	29092
11	35	29401
12	37	29028
13	40	28993
14	43	28683
15	45	28445
16	48	28659
17	51	28423
18	54	28465
19	56	28310
20	59	28105
21	62	28366
22	64	28179
23	68	28423
24	71	28407
25	74	28434
26	76	28286
27	78	28116
28	82	28217
29	84	28012
30	86	27758
31	89	27778
32	91	27591
33	93	27496
34	95	27317
35	98	27189
36	100	27105
37	102	26980
38	104	26796
39	109	27222
40	111	27033
41	113	26907
42	115	26798
43	117	26629
44	119	26449
45	122	26432
46	124	26317
47	126	26251
48	129	26253
49	131	26119
50	133	25992
51	136	26065
52	138	25997
53	141	25971
54	143	25897
55	145	25758
56	146	25622
57	149	25555
58	151	25471
59	153	25359
60	155	25381
61	157	25261
62	159	25173
63	161	25142
64	163	25058
65	165	24950
66	168	24915
67	170	24850
68	171	24738
69	173	24659
70	176	24615
71	177	24542
72	179	24469
73	182	24460
74	184	24433
75	186	24371
76	189	24380
77	191	24318
78	193	24255
79	195	24261
80	197	24219
81	199	24176
82	202	24152
83	204	24094
84	205	24026
85	208	23991
86	210	23930
87	212	23883
88	213	23824
89	216	23793
90	218	23739
91	220	23739
92	222	23730
93	224	23665
94	226	23612
95	228	23581
96	230	23542
97	232	23504
98	235	23526
99	237	23484
100	239	23456
101	242	23500
102	244	23472
103	246	23454
104	249	23468
105	251	23452
106	253	23417
107	255	23434
108	258	23419
109	260	23379
110	262	23387
111	264	23361
112	266	23336
113	269	23358
114	271	23344
115	273	23308
116	276	23336
117	278	23313
118	280	23273
119	282	23273
120	284	23255
121	287	23242
122	290	23347
123	292	23331
124	295	23344
125	297	23338
126	299	23308
127	302	23297
128	304	23264
129	306	23250
130	308	23276
131	310	23242
132	312	23213
133	315	23238
134	317	23229
135	320	23224
136	323	23259
137	325	23260
138	327	23253
139	331	23318
140	333	23308
141	336	23348
142	338	23333
143	340	23311
144	343	23343
145	345	23334
146	347	23314
147	350	23325
148	352	23335
149	355	23353
150	357	23331
151	359	23316
152	362	23329
153	364	23314
154	366	23309
155	369	23309
156	371	23294
157	373	23261
158	375	23271
159	377	23242
160	379	23213
161	382	23203
162	384	23183
163	386	23166
164	388	23159
165	390	23140
166	392	23111
167	394	23083
168	396	23061
169	398	23034
170	400	23012
171	402	22996
172	404	22966
173	406	22935
174	407	22902
175	409	22882
176	411	22859
177	413	22825
178	415	22821
179	417	22800
180	419	22763
181	421	22732
182	423	22725
183	425	22711
184	427	22701
185	430	22697
186	432	22669
187	433	22637
188	436	22635
189	438	22617
190	440	22597
191	442	22579
192	443	22557
193	445	22535
194	447	22507
195	449	22497
196	451	22470
197	453	22439
198	455	22434
199	457	22409
200	459	22381
201	460	22359
202	463	22351
203	464	22328
204	466	22296
205	468	22275
206	470	22268
207	472	22251
208	474	22225
209	476	22214
210	478	22183
211	479	22151
212	481	22120
213	483	22108
214	485	22087
215	487	22060
216	488	22044
217	490	22020
218	492	21989
219	493	21958
220	495	21941
221	497	21926
222	499	21918
223	502	21927
224	504	21927
225	506	21906
226	508	21882
227	510	21889
228	512	21872
229	514	21864
230	517	21900
231	519	21893
232	522	21922
233	525	21942
234	528	21965
235	532	22013
236	536	22090
237	539	22116
238	541	22112
239	544	22129
240	546	22131
241	548	22129
242	551	22130
243	553	22131
244	555	22112
245	557	22117
246	560	22117
247	562	22105
248	564	22095
249	566	22086
250	568	22068
251	570	22073
252	572	22055
253	574	22047
254	576	22049
255	579	22039
256	581	22028
257	583	22027
258	585	22017
259	587	22004
260	589	21999
261	591	21990
262	593	21970
263	595	21949
264	597	21946
265	599	21930
266	601	21912
267	603	21908
268	605	21895
269	607	21874
270	608	21853
271	610	21851
272	612	21836
273	614	21817
274	616	21812
275	618	21807
276	620	21789
277	622	21775
278	624	21766
279	626	21754
280	628	21738
281	630	21731
282	632	21719
283	634	21698
284	636	21686
285	638	21675
286	640	21662
287	641	21647
288	644	21646
289	646	21630
290	647	21617
291	650	21612
292	651	21598
293	653	21581
294	655	21563
295	657	21557
296	659	21542
297	661	21521
298	662	21509
299	665	21502
300	667	21497
301	669	21484
302	671	21486
303	673	21472
304	675	21459
305	677	21461
306	679	21454
307	681	21444
308	683	21448
309	685	21438
310	687	21417
311	689	21404
312	691	21402
313	693	21398
314	695	21387
315	697	21383
316	699	21367
317	701	21352
318	703	21342
319	705	21332
320	706	21316
321	708	21300
322	711	21310
323	713	21294
324	714	21278
325	716	21276
326	719	21270
327	720	21258
328	722	21245
329	724	21240
330	726	21224
331	728	21212
332	730	21204
333	732	21204
334	734	21193
335	736	21194
336	738	21188
337	740	21173
338	742	21158
339	744	21161
340	746	21148
341	748	21133
342	750	21126
343	752	21121
344	754	21107
345	755	21090
346	758	21094
347	760	21083
348	761	21070
349	763	21063
350	766	21060
351	768	21065
352	770	21065
353	772	21058
354	774	21045
355	777	21058
356	780	21070
357	782	21063
358	784	21064
359	786	21061
360	788	21057
361	791	21071
362	793	21073
363	796	21078
364	799	21092
365	801	21087
366	803	21078
367	805	21080
368	807	21073
369	809	21068
370	812	21078
371	814	21084
372	817	21091
373	819	21104
374	822	21107
375	825	21122
376	827	21126
377	830	21131
378	832	21132
379	834	21131
380	837	21132
381	839	21140
382	841	21141
383	844	21145
384	846	21143
385	849	21148
386	851	21153
387	854	21157
388	856	21154
389	860	21213
390	863	21217
391	865	21223
392	868	21230
393	871	21257
394	874	21255
395	876	21252
396	878	21253
397	880	21250
398	882	21239
399	885	21241
400	887	21238
401	889	21245
402	892	21255
403	894	21249
404	896	21241
405	899	21244
406	901	21243
407	903	21245
408	906	21257
409	908	21259
410	911	21259
411	913	21263
412	916	21278
413	919	21301
414	922	21306
415	925	21310
416	927	21307
417	929	21305
418	932	21330
419	936	21350
420	938	21360
421	941	21362
422	943	21367
423	946	21371
424	949	21381
425	953	21426
426	955	21426
427	958	21429
428	960	21427
429	962	21425
430	965	21430
431	967	21428
432	969	21427
433	972	21435
434	974	21431
435	976	21422
436	979	21443
437	982	21440
438	984	21436
439	986	21429
440	988	21421
441	990	21421
442	992	21416
443	994	21404
444	996	21403
445	999	21404
446	1001	21396
447	1003	21387
448	1005	21391
449	1007	21384
450	1009	21372
451	1012	21378
452	1014	21381
453	1016	21374
454	1018	21373
455	1020	21367
456	1022	21361
457	1025	21362
458	1027	21352
459	1029	21342
460	1031	21337
461	1033	21329
462	1034	21318
463	1036	21306
464	1038	21303
465	1041	21300
466	1042	21289
467	1045	21290
468	1047	21284
469	1049	21272
470	1051	21264
471	1053	21262
472	1055	21259
473	1057	21259
474	1060	21258
475	1062	21255
476	1064	21250
477	1068	21281
478	1070	21285
479	1073	21286
480	1075	21284
481	1077	21285
482	1080	21285
483	1082	21285
484	1085	21289
485	1087	21283
486	1089	21278
487	1091	21275
488	1093	21269
489	1095	21261
490	1097	21255
491	1099	21251
492	1101	21244
493	1103	21233
494	1105	21227
495	1107	21225
496	1109	21217
497	1111	21215
498	1113	21210
499	1116	21208
500	1118	21207
501	1120	21200
502	1122	21197
503	1125	21206
504	1128	21222
505	1131	21237
506	1133	21228
507	1135	21218
508	1137	21211
509	1139	21208
510	1141	21199
511	1143	21192
512	1146	21195
513	1148	21191
514	1150	21181
515	1152	21180
516	1154	21171
517	1156	21161
518	1158	21159
519	1160	21155
520	1162	21148
521	1164	21143
522	1166	21141
523	1168	21136
524	1170	21127
525	1172	21123
526	1174	21116
527	1176	21106
528	1178	21107
529	1180	21099
530	1182	21089
531	1185	21091
532	1187	21085
533	1189	21083
534	1191	21075
535	1193	21074
536	1195	21067
537	1197	21057
538	1199	21057
539	1202	21073
540	1205	21078
541	1207	21072
542	1209	21068
543	1211	21063
544	1213	21054
545	1215	21047
546	1217	21044
547	1220	21043
548	1222	21040
549	1224	21031
550	1226	21027
551	1227	21017
552	1229	21011
553	1232	21010
554	1234	21003
555	1236	20995
556	1238	20990
557	1240	20986
558	1242	20977
559	1243	20968
560	1246	20966
561	1247	20958
562	1249	20948
563	1251	20944
564	1253	20940
565	1256	20936
566	1258	20933
567	1260	20932
568	1262	20926
569	1264	20920
570	1266	20916
571	1268	20911
572	1270	20906
573	1273	20909
574	1275	20902
575	1277	20895
576	1279	20897
577	1281	20897
578	1284	20895
579	1286	20899
580	1289	20899
581	1291	20896
582	1293	20897
583	1295	20894
584	1298	20890
585	1300	20896
586	1303	20898
587	1305	20902
588	1308	20903
589	1310	20900
590	1312	20902
591	1315	20903
592	1317	20903
593	1320	20910
594	1322	20908
595	1325	20915
596	1327	20910
597	1330	20912
598	1332	20919
599	1335	20918
600	1337	20915
601	1340	20924
602	1343	20929
603	1345	20935
604	1348	20936
605	1350	20938
606	1353	20942
607	1355	20938
608	1357	20935
609	1360	20938
610	1362	20937
611	1364	20936
612	1367	20940
613	1369	20940
614	1372	20944
615	1374	20942
616	1376	20937
617	1379	20941
618	1381	20937
619	1383	20931
620	1385	20931
621	1388	20928
622	1390	20925
623	1392	20918
624	1394	20915
625	1396	20910
626	1398	20910
627	1401	20914
628	1403	20910
629	1406	20912
630	1408	20907
631	1410	20900
632	1412	20900
633	1414	20894
634	1416	20891
635	1419	20892
636	1421	20890
637	1423	20886
638	1425	20885
639	1427	20883
640	1430	20879
641	1432	20887
642	1435	20885
643	1437	20879
644	1439	20881
645	1441	20878
646	1443	20873
647	1446	20879
648	1448	20876
649	1450	20871
650	1453	20872
651	1455	20865
652	1457	20859
653	1459	20861
654	1462	20858
655	1463	20852
656	1466	20852
657	1468	20845
658	1470	20839
659	1472	20835
660	1474	20830
661	1476	20827
662	1478	20825
663	1480	20823
664	1482	20817
665	1485	20812
666	1487	20810
667	1489	20808
668	1492	20814
669	1495	20828
670	1498	20829
671	1500	20829
672	1503	20830
673	1505	20831
674	1508	20836
675	1511	20843
676	1514	20857
677	1516	20855
678	1519	20865
679	1522	20873
680	1526	20893
681	1529	20896
682	1531	20892
683	1534	20895
684	1536	20889
685	1538	20887
686	1540	20889
687	1542	20882
688	1544	20874
689	1547	20873
690	1549	20867
691	1551	20865
692	1553	20863
693	1555	20859
694	1557	20853
695	1559	20852
696	1561	20844
697	1563	20840
698	1565	20836
699	1568	20835
700	1570	20830
701	1572	20827
702	1575	20829
703	1577	20830
704	1580	20835
705	1582	20834
706	1584	20829
707	1587	20831
708	1589	20827
709	1591	20819
710	1594	20825
711	1596	20823
712	1598	20816
713	1600	20816
714	1602	20809
715	1604	20803
716	1606	20805
717	1608	20799
718	1611	20796
719	1613	20795
720	1615	20787
721	1617	20780
722	1619	20774
723	1621	20768
724	1622	20761
725	1624	20755
726	1627	20755
727	1629	20748
728	1631	20742
729	1633	20739
730	1635	20733
731	1637	20728
732	1639	20725
733	1641	20720
734	1643	20715
735	1645	20708
736	1647	20706
737	1649	20700
738	1651	20693
739	1653	20693
740	1656	20693
741	1658	20694
742	1661	20704
743	1664	20704
744	1667	20709
745	1669	20711
746	1672	20717
747	1675	20725
748	1678	20729
749	1681	20738
750	1684	20740
751	1687	20751
752	1690	20765
753	1694	20777
754	1697	20782
755	1700	20791
756	1703	20798
757	1706	20801
758	1708	20803
759	1711	20806
760	1714	20819
761	1717	20821
762	1720	20828
763	1723	20835
764	1726	20840
765	1730	20861
766	1734	20881
767	1737	20884
768	1740	20887
769	1743	20895
770	1745	20899
771	1749	20908
772	1751	20905
773	1753	20903
774	1756	20905
775	1758	20900
776	1760	20899
777	1762	20897
778	1765	20893
779	1767	20888
780	1769	20882
781	1771	20876
782	1772	20869
783	1775	20870
784	1777	20867
785	1779	20864
786	1782	20865
787	1784	20860
788	1787	20866
789	1789	20865
790	1792	20864
791	1794	20863
792	1796	20858
793	1798	20857
794	1801	20860
795	1803	20858
796	1806	20857
797	1808	20856
798	1811	20856
799	1813	20857
800	1815	20855
801	1818	20853
802	1821	20858
803	1823	20856
804	1825	20852
805	1828	20852
806	1830	20851
807	1832	20845
808	1834	20844
809	1836	20838
810	1838	20832
811	1840	20831
812	1843	20826
813	1845	20823
814	1847	20820
815	1849	20815
816	1851	20809
817	1853	20806
818	1855	20803
819	1857	20798
820	1860	20795
821	1862	20790
822	1863	20784
823	1866	20781
824	1868	20785
825	1871	20781
826	1873	20778
827	1875	20775
828	1877	20770
829	1879	20767
830	1882	20769
831	1884	20768
832	1887	20767
833	1889	20761
834	1891	20757
835	1893	20751
836	1895	20750
837	1897	20745
838	1899	20739
839	1901	20737
840	1903	20733
841	1905	20729
842	1908	20726
843	1910	20721
844	1912	20717
845	1914	20716
846	1916	20712
847	1918	20709
848	1921	20706
849	1922	20700
850	1925	20695
851	1927	20692
852	1929	20689
853	1931	20686
854	1933	20684
855	1936	20680
856	1938	20677
857	1940	20680
858	1943	20682
859	1945	20681
860	1948	20684
861	1951	20689
862	1954	20691
863	1956	20692
864	1959	20689
865	1961	20693
866	1964	20692
867	1966	20688
868	1968	20687
869	1970	20682
870	1972	20679
871	1976	20686
872	1978	20684
873	1980	20682
874	1982	20678
875	1985	20675
876	1987	20671
877	1989	20667
878	1991	20663
879	1993	20658
880	1995	20655
881	1997	20651
882	1999	20645
883	2002	20650
884	2004	20647
885	2006	20643
886	2008	20639
887	2011	20635
888	2012	20630
889	2015	20627
890	2017	20623
891	2020	20630
892	2022	20628
893	2024	20621
894	2026	20615
895	2028	20613
896	2030	20606
897	2032	20602
898	2035	20602
899	2037	20600
900	2039	20599
901	2042	20602
902	2044	20600
903	2047	20599
904	2049	20599
905	2051	20596
906	2054	20600
907	2056	20596
908	2058	20592
909	2061	20594
910	2068	20639
911	2072	20652
912	2077	20676
913	2080	20684
914	2084	20695
915	2086	20695
916	2089	20698
917	2091	20693
918	2093	20688
919	2096	20692
920	2099	20692
921	2101	20696
922	2104	20691
923	2105	20685
924	2108	20681
925	2110	20679
926	2112	20674
927	2114	20669
928	2116	20664
929	2118	20660
930	2120	20655
931	2122	20652
932	2124	20647
933	2126	20640
934	2128	20639
935	2130	20634
936	2132	20629
937	2135	20626
938	2137	20621
939	2138	20615
940	2141	20614
941	2143	20611
942	2145	20609
943	2147	20606
944	2150	20602
945	2152	20605
946	2156	20611
947	2158	20610
948	2161	20613
949	2164	20615
950	2166	20618
951	2169	20621
952	2172	20625
953	2175	20626
954	2178	20630
955	2180	20629
956	2182	20627
957	2185	20626
958	2187	20623
959	2189	20621
960	2192	20619
961	2194	20617
962	2197	20622
963	2199	20619
964	2202	20619
965	2204	20616
966	2206	20614
967	2209	20614
968	2211	20612
969	2214	20619
970	2217	20616
971	2219	20613
972	2221	20614
973	2225	20620
974	2227	20619
975	2229	20614
976	2231	20610
977	2233	20607
978	2236	20604
979	2238	20601
980	2240	20596
981	2242	20594
982	2244	20591
983	2247	20596
984	2250	20594
985	2252	20590
986	2254	20589
987	2257	20587
988	2259	20584
989	2261	20583
990	2264	20582
991	2266	20579
992	2269	20584
993	2271	20583
994	2275	20589
995	2277	20592
996	2280	20592
997	2283	20598
998	2285	20596
999	2289	20604
1000	2292	20606
1001	2294	20606
1002	2297	20607
1003	2299	20605
1004	2303	20613
1005	2305	20609
1006	2307	20603
1007	2309	20603
1008	2311	20598
1009	2313	20592
1010	2315	20590
1011	2317	20584
1012	2319	20580
1013	2322	20579
1014	2324	20575
1015	2326	20570
1016	2328	20567
1017	2330	20562
1018	2332	20558
1019	2334	20555
1020	2336	20551
1021	2338	20547
1022	2341	20545
1023	2343	20543
1024	2345	20538
1025	2347	20532
1026	2349	20528
1027	2351	20525
1028	2353	20522
1029	2356	20518
1030	2357	20512
1031	2359	20506
1032	2361	20502
1033	2363	20495
1034	2365	20490
1035	2367	20483
1036	2369	20479
1037	2371	20477
1038	2373	20471
1039	2376	20471
1040	2378	20467
1041	2380	20462
1042	2382	20460
1043	2384	20455
1044	2386	20451
1045	2388	20450
1046	2391	20450
1047	2393	20445
1048	2395	20443
1049	2398	20440
1050	2400	20436
1051	2402	20435
1052	2404	20430
1053	2406	20423
1054	2408	20423
1055	2410	20418
1056	2412	20414
1057	2414	20410
1058	2416	20405
1059	2419	20402
1060	2421	20399
1061	2423	20398
1062	2425	20396
1063	2428	20392
1064	2430	20387
1065	2432	20382
1066	2433	20375
1067	2435	20372
1068	2438	20368
1069	2439	20363
1070	2443	20367
1071	2444	20361
1072	2446	20355
1073	2448	20352
1074	2450	20344
1075	2452	20338
1076	2454	20331
1077	2456	20329
1078	2458	20324
1079	2460	20318
1080	2462	20314
1081	2463	20306
1082	2465	20300
1083	2467	20292
1084	2469	20287
1085	2471	20282
1086	2472	20275
1087	2474	20271
1088	2476	20267
1089	2478	20261
1090	2480	20253
1091	2482	20251
1092	2484	20246
1093	2486	20241
1094	2488	20235
1095	2490	20229
1096	2491	20223
1097	2493	20216
1098	2495	20210
1099	2497	20208
1100	2499	20204
1101	2501	20197
1102	2503	20193
1103	2505	20189
1104	2507	20183
1105	2509	20181
1106	2511	20177
1107	2514	20176
1108	2516	20173
1109	2518	20166
1110	2519	20161
1111	2521	20155
1112	2523	20149
1113	2525	20142
1114	2526	20135
1115	2528	20129
1116	2530	20124
1117	2532	20119
1118	2534	20112
1119	2536	20108
1120	2538	20102
1121	2539	20095
1122	2541	20089
1123	2543	20083
1124	2545	20079
1125	2547	20073
1126	2548	20068
1127	2550	20062
1128	2552	20056
1129	2554	20050
1130	2556	20045
1131	2557	20038
1132	2559	20031
1133	2561	20026
1134	2563	20021
1135	2565	20017
1136	2567	20012
1137	2569	20007
1138	2571	20002
1139	2573	19997
1140	2574	19990
1141	2577	19988
1142	2578	19983
1143	2580	19978
1144	2582	19974
1145	2584	19969
1146	2586	19963
1147	2588	19957
1148	2590	19954
1149	2592	19948
1150	2594	19942
1151	2595	19938
1152	2597	19934
1153	2599	19928
1154	2601	19921
1155	2603	19917
1156	2605	19913
1157	2607	19908
1158	2609	19905
1159	2611	19900
1160	2613	19895
1161	2615	19892
1162	2617	19887
1163	2619	19884
1164	2621	19878
1165	2623	19874
1166	2624	19868
1167	2626	19862
1168	2628	19855
1169	2630	19852
1170	2632	19847
1171	2634	19843
1172	2636	19838
1173	2638	19832
1174	2639	19826
1175	2641	19820
1176	2643	19815
1177	2645	19810
1178	2647	19804
1179	2648	19798
1180	2650	19794
1181	2652	19789
1182	2654	19784
1183	2656	19779
1184	2658	19775
1185	2660	19769
1186	2661	19763
1187	2663	19759
1188	2665	19755
1189	2667	19750
1190	2670	19748
1191	2671	19743
1192	2673	19737
1193	2675	19731
1194	2677	19727
1195	2679	19721
1196	2680	19716
1197	2682	19710
1198	2684	19706
1199	2686	19700
1200	2688	19694
1201	2690	19690
1202	2691	19683
1203	2693	19680
1204	2695	19675
1205	2697	19673
1206	2700	19670
1207	2701	19665
1208	2704	19662
1209	2705	19657
1210	2707	19652
1211	2709	19649
1212	2711	19644
1213	2714	19642
1214	2715	19637
1215	2718	19634
1216	2719	19629
1217	2722	19626
1218	2723	19621
1219	2725	19616
1220	2727	19611
1221	2729	19605
1222	2731	19601
1223	2733	19596
1224	2734	19590
1225	2736	19586
1226	2738	19582
1227	2740	19576
1228	2742	19572
1229	2744	19569
1230	2746	19564
1231	2748	19559
1232	2750	19554
1233	2752	19549
1234	2753	19544
1235	2755	19538
1236	2757	19534
1237	2759	19529
1238	2761	19524
1239	2762	19517
1240	2764	19514
1241	2766	19509
1242	2768	19503
1243	2770	19498
1244	2772	19494
1245	2774	19490
1246	2776	19486
1247	2778	19483
1248	2780	19478
1249	2781	19473
1250	2783	19469
1251	2785	19465
1252	2787	19461
1253	2789	19455
1254	2791	19451
1255	2793	19446
1256	2795	19441
1257	2796	19435
1258	2798	19430
1259	2800	19425
1260	2802	19421
1261	2804	19417
1262	2806	19412
1263	2808	19407
1264	2809	19401
1265	2811	19396
1266	2813	19392
1267	2815	19387
1268	2817	19382
1269	2819	19378
1270	2820	19373
1271	2822	19368
1272	2824	19364
1273	2826	19359
1274	2828	19354
1275	2830	19348
1276	2831	19343
1277	2833	19338
1278	2835	19333
1279	2837	19330
1280	2839	19326
1281	2841	19320
1282	2842	19315
1283	2845	19313
1284	2847	19309
1285	2848	19303
1286	2850	19298
1287	2852	19294
1288	2854	19290
1289	2856	19285
1290	2858	19283
1291	2860	19280
1292	2862	19276
1293	2864	19272
1294	2866	19267
1295	2868	19262
1296	2869	19256
1297	2871	19253
1298	2873	19248
1299	2875	19245
1300	2877	19239
1301	2879	19235
1302	2881	19230
1303	2882	19224
1304	2884	19220
1305	2886	19215
1306	2888	19210
1307	2890	19205
1308	2892	19202
1309	2893	19197
1310	2895	19193
1311	2897	19189
1312	2899	19186
1313	2901	19181
1314	2903	19175
1315	2905	19172
1316	2907	19168
1317	2909	19164
1318	2910	19158
1319	2912	19153
1320	2914	19148
1321	2916	19143
1322	2918	19139
1323	2920	19134
1324	2921	19130
1325	2923	19125
1326	2925	19121
1327	2927	19115
1328	2928	19109
1329	2930	19103
1330	2932	19098
1331	2934	19093
1332	2935	19087
1333	2937	19082
1334	2939	19080
1335	2941	19074
1336	2943	19070
1337	2945	19065
1338	2946	19060
1339	2948	19055
1340	2950	19049
1341	2952	19045
1342	2953	19040
1343	2955	19036
1344	2957	19030
1345	2959	19028
1346	2961	19023
1347	2963	19017
1348	2964	19011
1349	2967	19010
1350	2968	19005
1351	2970	18999
1352	2972	18997
1353	2974	18992
1354	2975	18986
1355	2977	18979
1356	2979	18977
1357	2981	18973
1358	2983	18969
1359	2985	18966
1360	2987	18963
1361	2989	18958
1362	2991	18953
1363	2993	18951
1364	2994	18946
1365	2996	18940
1366	2998	18935
1367	3000	18933
1368	3002	18930
1369	3004	18925
1370	3006	18923
1371	3008	18918
1372	3010	18913
1373	3012	18910
1374	3014	18906
1375	3015	18900
1376	3017	18895
1377	3019	18893
1378	3021	18887
1379	3022	18882
1380	3024	18876
1381	3026	18875
1382	3028	18870
1383	3030	18864
1384	3032	18860
1385	3033	18856
1386	3035	18850
1387	3037	18843
1388	3039	18842
1389	3041	18837
1390	3042	18831
1391	3044	18826
1392	3046	18824
1393	3048	18819
1394	3049	18813
1395	3051	18807
1396	3053	18805
1397	3055	18802
1398	3057	18796
1399	3059	18793
1400	3061	18790
1401	3063	18785
1402	3064	18780
1403	3066	18777
1404	3068	18772
1405	3070	18766
1406	3071	18760
1407	3073	18757
1408	3075	18751
1409	3077	18748
1410	3078	18742
1411	3081	18739
1412	3082	18734
1413	3084	18729
1414	3087	18732
1415	3089	18727
1416	3090	18721
1417	3092	18715
1418	3094	18711
1419	3095	18705
1420	3097	18700
1421	3099	18695
1422	3101	18693
1423	3103	18689
1424	3104	18684
1425	3107	18681
1426	3108	18677
1427	3110	18672
1428	3112	18668
1429	3114	18665
1430	3116	18661
1431	3118	18656
1432	3120	18655
1433	3122	18651
1434	3124	18646
1435	3125	18642
1436	3127	18638
1437	3129	18632
1438	3131	18627
1439	3133	18625
1440	3135	18621
1441	3136	18615
1442	3138	18610
1443	3140	18608
1444	3142	18604
1445	3143	18598
1446	3145	18593
1447	3147	18590
1448	3149	18585
1449	3151	18581
1450	3152	18576
1451	3155	18573
1452	3157	18570
1453	3158	18566
1454	3161	18565
1455	3162	18560
1456	3164	18556
1457	3166	18553
1458	3168	18548
1459	3170	18543
1460	3171	18538
1461	3174	18536
1462	3175	18530
1463	3177	18525
1464	3178	18520
1465	3181	18518
1466	3183	18514
1467	3184	18510
1468	3186	18506
1469	3188	18503
1470	3190	18497
1471	3191	18491
1472	3193	18488
1473	3195	18485
1474	3197	18482
1475	3199	18479
1476	3201	18475
1477	3203	18471
1478	3205	18465
1479	3207	18462
1480	3209	18460
1481	3211	18455
1482	3212	18450
1483	3214	18448
1484	3216	18444
1485	3218	18441
1486	3221	18440
1487	3223	18437
1488	3225	18434
1489	3227	18431
1490	3229	18430
1491	3231	18425
1492	3233	18422
1493	3235	18420
1494	3237	18416
1495	3239	18414
1496	3241	18414
1497	3243	18410
1498	3245	18406
1499	3247	18404
1500	3249	18400
1501	3251	18396
1502	3253	18392
1503	3255	18390
1504	3257	18386
1505	3259	18382
1506	3261	18380
1507	3263	18375
1508	3264	18370
1509	3266	18365
1510	3268	18364
1511	3270	18358
1512	3271	18353
1513	3273	18348
1514	3275	18345
1515	3277	18342
1516	3279	18336
1517	3281	18333
1518	3282	18328
1519	3284	18322
1520	3285	18318
1521	3288	18315
1522	3289	18311
1523	3291	18306
1524	3293	18301
1525	3295	18297
1526	3296	18292
1527	3298	18287
1528	3300	18282
1529	3302	18280
1530	3304	18277
1531	3306	18273
1532	3308	18270
1533	3309	18266
1534	3311	18261
1535	3313	18256
1536	3315	18254
1537	3316	18249
1538	3318	18244
1539	3320	18239
1540	3322	18238
1541	3324	18233
1542	3325	18228
1543	3327	18225
1544	3329	18222
1545	3331	18218
1546	3333	18213
1547	3335	18210
1548	3336	18205
1549	3338	18199
1550	3339	18194
1551	3342	18191
1552	3343	18187
1553	3345	18183
1554	3347	18178
1555	3349	18175
1556	3351	18172
1557	3353	18168
1558	3355	18166
1559	3357	18162
1560	3358	18157
1561	3360	18152
1562	3362	18151
1563	3364	18146
1564	3366	18142
1565	3368	18141
1566	3370	18140
1567	3372	18136
1568	3375	18135
1569	3377	18132
1570	3378	18129
1571	3381	18127
1572	3383	18126
1573	3385	18122
1574	3387	18119
1575	3389	18118
1576	3391	18115
1577	3393	18112
1578	3395	18110
1579	3397	18106
1580	3399	18103
1581	3402	18103
1582	3404	18101
1583	3406	18099
1584	3409	18100
1585	3411	18098
1586	3413	18095
1587	3415	18093
1588	3417	18090
1589	3419	18086
1590	3421	18085
1591	3424	18084
1592	3426	18082
1593	3429	18083
1594	3431	18082
1595	3433	18079
1596	3435	18077
1597	3437	18075
1598	3440	18073
1599	3442	18072
1600	3444	18071
1601	3446	18068
1602	3449	18067
1603	3451	18066
1604	3453	18063
1605	3455	18060
1606	3457	18057
1607	3459	18052
1608	3460	18048
1609	3463	18046
1610	3464	18042
1611	3466	18040
1612	3469	18038
1613	3471	18037
1614	3473	18033
1615	3476	18038
1616	3478	18035
1617	3480	18033
1618	3483	18031
1619	3485	18027
1620	3486	18023
1621	3488	18020
1622	3490	18017
1623	3492	18013
1624	3494	18010
1625	3496	18009
1626	3498	18006
1627	3500	18002
1628	3503	18001
1629	3505	17998
1630	3506	17994
1631	3509	17992
1632	3511	17990
1633	3513	17988
1634	3515	17986
1635	3517	17984
1636	3519	17982
1637	3522	17980
1638	3524	17978
1639	3526	17974
1640	3528	17971
1641	3530	17969
1642	3532	17966
1643	3534	17962
1644	3536	17961
1645	3538	17958
1646	3540	17954
1647	3542	17952
1648	3544	17950
1649	3546	17947
1650	3548	17945
1651	3551	17944
1652	3553	17941
1653	3554	17937
1654	3557	17936
1655	3559	17935
1656	3561	17931
1657	3563	17929
1658	3565	17926
1659	3567	17922
1660	3569	17921
1661	3571	17918
1662	3573	17914
1663	3575	17910
1664	3577	17907
1665	3578	17903
1666	3580	17899
1667	3582	17897
1668	3584	17893
1669	3586	17889
1670	3588	17886
1671	3590	17883
1672	3592	17879
1673	3593	17874
1674	3595	17870
1675	3597	17868
1676	3599	17863
1677	3601	17860
1678	3603	17860
1679	3605	17856
1680	3607	17852
1681	3609	17849
1682	3611	17846
1683	3612	17841
1684	3614	17836
1685	3616	17834
1686	3618	17831
1687	3620	17827
1688	3622	17823
1689	3624	17820
1690	3625	17816
1691	3627	17811
1692	3629	17807
1693	3631	17804
1694	3632	17800
1695	3634	17797
1696	3636	17794
1697	3638	17791
1698	3640	17789
1699	3642	17786
1700	3645	17784
1701	3646	17780
1702	3648	17775
1703	3650	17772
1704	3652	17769
1705	3653	17764
1706	3655	17759
1707	3657	17756
1708	3659	17752
1709	3660	17747
1710	3662	17745
1711	3664	17742
1712	3666	17738
1713	3668	17735
1714	3670	17733
1715	3672	17729
1716	3674	17725
1717	3676	17721
1718	3678	17718
1719	3679	17714
1720	3681	17710
1721	3683	17707
1722	3685	17703
1723	3687	17699
1724	3688	17695
1725	3690	17693
1726	3693	17691
1727	3695	17689
1728	3697	17688
1729	3699	17686
1730	3701	17683
1731	3704	17683
1732	3706	17680
1733	3708	17678
1734	3710	17677
1735	3713	17676
1736	3715	17673
1737	3717	17673
1738	3720	17672
1739	3722	17671
1740	3725	17672
1741	3727	17670
1742	3729	17668
1743	3732	17667
1744	3734	17664
1745	3736	17661
1746	3738	17661
1747	3741	17660
1748	3743	17657
1749	3745	17657
1750	3747	17654
1751	3749	17650
1752	3751	17649
1753	3753	17647
1754	3755	17643
1755	3757	17642
1756	3759	17638
1757	3761	17635
1758	3763	17632
1759	3765	17630
1760	3768	17629
1761	3769	17625
1762	3772	17624
1763	3773	17620
1764	3775	17616
1765	3777	17614
1766	3779	17611
1767	3781	17608
1768	3784	17607
1769	3786	17604
1770	3788	17602
1771	3790	17599
1772	3792	17596
1773	3794	17593
1774	3795	17589
1775	3798	17588
1776	3800	17585
1777	3802	17581
1778	3804	17579
1779	3806	17576
1780	3808	17573
1781	3810	17570
1782	3812	17569
1783	3814	17565
1784	3816	17562
1785	3818	17561
1786	3820	17558
1787	3822	17554
1788	3824	17552
1789	3826	17551
1790	3828	17548
1791	3830	17546
1792	3832	17543
1793	3834	17540
1794	3836	17537
1795	3838	17535
1796	3840	17531
1797	3842	17529
1798	3845	17529
1799	3847	17525
1800	3848	17522
1801	3851	17520
1802	3853	17517
1803	3854	17513
1804	3856	17510
1805	3859	17509
1806	3860	17505
1807	3863	17503
1808	3865	17501
1809	3867	17499
1810	3869	17495
1811	3871	17494
1812	3873	17491
1813	3875	17487
1814	3877	17485
1815	3879	17483
1816	3881	17480
1817	3883	17477
1818	3885	17476
1819	3888	17475
1820	3890	17472
1821	3892	17471
1822	3894	17468
1823	3896	17465
1824	3898	17464
1825	3900	17460
1826	3902	17457
1827	3904	17454
1828	3906	17452
1829	3908	17449
1830	3910	17446
1831	3912	17445
1832	3914	17442
1833	3916	17438
1834	3918	17436
1835	3920	17434
1836	3922	17430
1837	3924	17428
1838	3926	17426
1839	3928	17424
1840	3930	17421
1841	3933	17418
1842	3934	17415
1843	3936	17412
1844	3938	17409
1845	3940	17406
1846	3942	17401
1847	3943	17397
1848	3946	17395
1849	3947	17391
1850	3949	17387
1851	3951	17383
1852	3953	17380
1853	3954	17375
1854	3956	17371
1855	3958	17368
1856	3960	17365
1857	3962	17362
1858	3964	17359
1859	3966	17357
1860	3967	17353
1861	3969	17349
1862	3971	17344
1863	3973	17341
1864	3974	17336
1865	3976	17332
1866	3978	17331
1867	3980	17327
1868	3982	17323
1869	3983	17319
1870	3985	17316
1871	3987	17313
1872	3989	17308
1873	3990	17304
1874	3992	17302
1875	3994	17297
1876	3995	17293
1877	3997	17289
1878	4000	17287
1879	4001	17284
1880	4006	17294
1881	4009	17295
1882	4012	17298
1883	4015	17297
1884	4017	17295
1885	4022	17306
1886	4024	17303
1887	4027	17302
1888	4029	17302
1889	4032	17301
1890	4034	17299
1891	4035	17295
1892	4037	17291
1893	4039	17289
1894	4041	17285
1895	4043	17281
1896	4045	17279
1897	4047	17276
1898	4048	17272
1899	4050	17268
1900	4052	17266
1901	4054	17263
1902	4056	17260
1903	4058	17257
1904	4060	17254
1905	4062	17250
1906	4063	17246
1907	4065	17243
1908	4067	17240
1909	4069	17236
1910	4071	17232
1911	4073	17230
1912	4074	17226
1913	4076	17221
1914	4078	17218
1915	4080	17215
1916	4081	17211
1917	4083	17208
1918	4086	17207
1919	4088	17205
1920	4090	17201
1921	4092	17198
1922	4093	17195
1923	4095	17190
1924	4097	17186
1925	4099	17183
1926	4101	17181
1927	4102	17177
1928	4104	17173
1929	4106	17170
1930	4108	17166
1931	4109	17162
1932	4111	17158
1933	4113	17157
1934	4115	17154
1935	4117	17150
1936	4119	17147
1937	4121	17143
1938	4122	17139
1939	4124	17135
1940	4126	17133
1941	4128	17130
1942	4130	17128
1943	4132	17125
1944	4134	17121
1945	4136	17118
1946	4137	17114
1947	4139	17111
1948	4141	17108
1949	4143	17104
1950	4144	17100
1951	4147	17098
1952	4148	17094
1953	4150	17090
1954	4152	17086
1955	4154	17084
1956	4156	17080
1957	4157	17076
1958	4161	17082
1959	4163	17080
1960	4166	17080
1961	4168	17078
1962	4170	17075
1963	4173	17075
1964	4175	17074
1965	4177	17071
1966	4180	17071
1967	4182	17070
1968	4184	17068
1969	4187	17068
1970	4189	17066
1971	4191	17064
1972	4194	17065
1973	4196	17062
1974	4199	17061
1975	4201	17060
1976	4203	17058
1977	4205	17055
1978	4208	17056
1979	4210	17056
1980	4213	17055
1981	4215	17053
1982	4217	17052
1983	4220	17051
1984	4222	17051
1985	4224	17047
1986	4227	17046
1987	4229	17043
1988	4230	17040
1989	4233	17039
1990	4235	17037
1991	4237	17035
1992	4239	17033
1993	4241	17031
1994	4243	17027
1995	4245	17025
1996	4248	17023
1997	4250	17021
1998	4252	17018
1999	4254	17016
2000	4256	17014
2001	4258	17010
2002	4260	17010
2003	4262	17008
2004	4264	17005
2005	4267	17005
2006	4269	17002
2007	4271	17000
2008	4274	17000
2009	4276	16998
2010	4278	16996
2011	4280	16995
2012	4282	16992
2013	4285	16991
2014	4287	16991
2015	4289	16988
2016	4292	16987
2017	4294	16987
2018	4297	16986
2019	4299	16985
2020	4301	16982
2021	4303	16979
2022	4305	16976
2023	4307	16975
2024	4309	16972
2025	4311	16970
2026	4314	16968
2027	4316	16966
2028	4318	16963
2029	4320	16963
2030	4323	16963
2031	4325	16962
2032	4328	16962
2033	4330	16959
2034	4332	16956
2035	4334	16955
2036	4336	16953
2037	4339	16951
2038	4341	16951
2039	4344	16950
2040	4346	16949
2041	4348	16948
2042	4351	16946
2043	4353	16945
2044	4355	16943
2045	4357	16941
2046	4360	16939
2047	4362	16938
2048	4364	16936
2049	4366	16934
2050	4368	16932
2051	4371	16930
2052	4374	16934
2053	4377	16933
2054	4380	16934
2055	4382	16933
2056	4386	16938
2057	4389	16938
2058	4391	16938
2059	4394	16939
2060	4397	16940
2061	4402	16946
2062	4404	16946
2063	4406	16943
2064	4409	16942
2065	4412	16943
2066	4415	16947
2067	4418	16949
2068	4422	16950
2069	4424	16949
2070	4427	16950
2071	4429	16948
2072	4431	16946
2073	4434	16947
2074	4437	16946
2075	4439	16945
2076	4442	16945
2077	4444	16944
2078	4447	16944
2079	4449	16943
2080	4452	16942
2081	4455	16944
2082	4457	16943
2083	4460	16942
2084	4463	16943
2085	4465	16942
2086	4468	16942
2087	4471	16942
2088	4473	16941
2089	4476	16941
2090	4478	16941
2091	4481	16940
2092	4484	16940
2093	4486	16938
2094	4489	16938
2095	4491	16936
2096	4493	16935
2097	4496	16934
2098	4497	16931
2099	4500	16929
2100	4502	16928
2101	4504	16926
2102	4507	16926
2103	4509	16925
2104	4511	16922
2105	4514	16921
2106	4516	16919
2107	4518	16916
2108	4520	16915
2109	4522	16912
2110	4524	16910
2111	4527	16908
2112	4529	16905
2113	4531	16903
2114	4532	16899
2115	4535	16898
2116	4537	16895
2117	4539	16892
2118	4541	16890
2119	4543	16888
2120	4545	16885
2121	4547	16882
2122	4549	16881
2123	4551	16878
2124	4553	16875
2125	4555	16873
2126	4557	16870
2127	4559	16866
2128	4561	16864
2129	4563	16862
2130	4565	16860
2131	4568	16860
2132	4570	16858
2133	4572	16855
2134	4575	16855
2135	4577	16854
2136	4580	16853
2137	4583	16853
2138	4585	16850
2139	4587	16850
2140	4589	16848
2141	4591	16844
2142	4593	16842
2143	4596	16842
2144	4598	16840
2145	4601	16840
2146	4603	16838
2147	4605	16836
2148	4608	16837
2149	4611	16836
2150	4613	16834
2151	4615	16832
2152	4617	16830
2153	4619	16827
2154	4621	16825
2155	4623	16822
2156	4625	16819
2157	4627	16817
2158	4629	16814
2159	4631	16810
2160	4633	16806
2161	4635	16805
2162	4637	16801
2163	4639	16798
2164	4641	16797
2165	4643	16794
2166	4645	16790
2167	4646	16787
2168	4648	16784
2169	4650	16781
2170	4652	16778
2171	4654	16776
2172	4656	16773
2173	4658	16770
2174	4660	16768
2175	4662	16765
2176	4664	16762
2177	4666	16759
2178	4668	16757
2179	4670	16754
2180	4672	16750
2181	4674	16747
2182	4676	16744
2183	4678	16741
2184	4679	16737
2185	4681	16735
2186	4683	16732
2187	4685	16729
2188	4687	16727
2189	4689	16724
2190	4691	16720
2191	4692	16716
2192	4696	16719
2193	4698	16715
2194	4699	16712
2195	4702	16710
2196	4703	16706
2197	4706	16704
2198	4707	16701
2199	4710	16699
2200	4712	16696
2201	4713	16693
2202	4716	16692
2203	4718	16690
2204	4720	16688
2205	4723	16688
2206	4725	16686
2207	4727	16683
2208	4730	16682
2209	4732	16681
2210	4734	16678
2211	4736	16676
2212	4738	16674
2213	4740	16672
2214	4743	16671
2215	4745	16667
2216	4747	16666
2217	4749	16665
2218	4751	16662
2219	4753	16659
2220	4756	16658
2221	4758	16656
2222	4760	16653
2223	4763	16653
2224	4765	16651
2225	4767	16648
2226	4769	16647
2227	4771	16645
2228	4773	16643
2229	4776	16642
2230	4778	16640
2231	4780	16637
2232	4783	16636
2233	4785	16634
2234	4787	16631
2235	4789	16630
2236	4791	16628
2237	4793	16625
2238	4796	16624
2239	4798	16622
2240	4800	16619
2241	4802	16617
2242	4804	16614
2243	4806	16612
2244	4808	16610
2245	4810	16608
2246	4812	16605
2247	4814	16602
2248	4816	16600
2249	4818	16598
2250	4820	16594
2251	4823	16594
2252	4825	16591
2253	4827	16588
2254	4829	16586
2255	4831	16584
2256	4833	16580
2257	4834	16577
2258	4837	16575
2259	4839	16573
2260	4841	16570
2261	4843	16569
2262	4845	16565
2263	4847	16562
2264	4849	16560
2265	4851	16557
2266	4853	16555
2267	4855	16552
2268	4857	16550
2269	4859	16546
2270	4861	16543
2271	4863	16541
2272	4865	16539
2273	4867	16535
2274	4869	16534
2275	4871	16532
2276	4873	16529
2277	4875	16525
2278	4877	16523
2279	4879	16520
2280	4881	16518
2281	4883	16516
2282	4885	16513
2283	4887	16510
2284	4890	16513
2285	4892	16510
2286	4894	16507
2287	4896	16505
2288	4898	16502
2289	4900	16499
2290	4902	16496
2291	4904	16494
2292	4906	16491
2293	4908	16487
2294	4910	16485
2295	4912	16483
2296	4914	16480
2297	4916	16478
2298	4918	16475
2299	4920	16471
2300	4921	16468
2301	4924	16466
2302	4925	16462
2303	4927	16459
2304	4929	16457
2305	4931	16455
2306	4933	16452
2307	4935	16449
2308	4937	16446
2309	4939	16443
2310	4941	16440
2311	4943	16438
2312	4945	16435
2313	4947	16432
2314	4949	16429
2315	4951	16427
2316	4953	16424
2317	4954	16421
2318	4957	16420
2319	4959	16417
2320	4961	16415
2321	4964	16414
2322	4966	16412
2323	4968	16410
2324	4970	16408
2325	4972	16406
2326	4974	16404
2327	4977	16402
2328	4979	16399
2329	4980	16396
2330	4982	16393
2331	4985	16392
2332	4987	16390
2333	4989	16389
2334	4992	16387
2335	4994	16385
2336	4996	16382
2337	4998	16380
2338	5000	16379
2339	5002	16377
2340	5005	16375
2341	5007	16373
2342	5009	16371
2343	5012	16370
2344	5014	16368
2345	5016	16365
2346	5018	16364
2347	5020	16362
2348	5022	16360
2349	5025	16359
2350	5027	16356
2351	5029	16354
2352	5032	16353
2353	5034	16351
2354	5036	16349
2355	5038	16347
2356	5040	16344
2357	5042	16341
2358	5044	16340
2359	5046	16338
2360	5049	16336
2361	5051	16335
2362	5053	16332
2363	5055	16329
2364	5057	16328
2365	5059	16325
2366	5061	16322
2367	5064	16321
2368	5066	16319
2369	5068	16316
2370	5070	16315
2371	5072	16312
2372	5074	16309
2373	5076	16306
2374	5078	16305
2375	5080	16302
2376	5082	16299
2377	5084	16297
2378	5086	16293
2379	5087	16289
2380	5089	16285
2381	5091	16284
2382	5093	16281
2383	5095	16278
2384	5097	16276
2385	5099	16273
2386	5101	16270
2387	5103	16267
2388	5105	16264
2389	5106	16261
2390	5108	16258
2391	5111	16256
2392	5112	16252
2393	5114	16249
2394	5116	16246
2395	5118	16244
2396	5120	16241
2397	5121	16237
2398	5123	16234
2399	5125	16231
2400	5127	16228
2401	5129	16225
2402	5131	16222
2403	5133	16220
2404	5135	16217
2405	5137	16214
2406	5139	16212
2407	5141	16209
2408	5143	16206
2409	5145	16204
2410	5147	16201
2411	5149	16198
2412	5151	16197
2413	5153	16195
2414	5155	16192
2415	5157	16190
2416	5159	16188
2417	5161	16185
2418	5163	16182
2419	5165	16180
2420	5167	16178
2421	5169	16175
2422	5172	16173
2423	5174	16171
2424	5175	16168
2425	5178	16165
2426	5180	16163
2427	5181	16160
2428	5183	16157
2429	5186	16156
2430	5187	16152
2431	5189	16149
2432	5191	16147
2433	5193	16144
2434	5195	16140
2435	5197	16138
2436	5199	16136
2437	5201	16134
2438	5203	16131
2439	5205	16129
2440	5207	16125
2441	5209	16121
2442	5210	16119
2443	5213	16117
2444	5214	16114
2445	5216	16110
2446	5218	16108
2447	5220	16105
2448	5222	16101
2449	5224	16098
2450	5225	16095
2451	5227	16091
2452	5229	16088
2453	5231	16087
2454	5233	16083
2455	5235	16080
2456	5236	16077
2457	5238	16074
2458	5240	16071
2459	5242	16067
2460	5244	16064
2461	5246	16062
2462	5248	16060
2463	5250	16057
2464	5252	16055
2465	5254	16051
2466	5256	16049
2467	5258	16048
2468	5260	16046
2469	5262	16044
2470	5265	16042
2471	5267	16040
2472	5269	16037
2473	5270	16034
2474	5273	16032
2475	5275	16031
2476	5277	16028
2477	5279	16026
2478	5281	16023
2479	5283	16020
2480	5285	16019
2481	5287	16017
2482	5289	16014
2483	5291	16011
2484	5294	16010
2485	5295	16007
2486	5297	16004
2487	5300	16002
2488	5302	16000
2489	5304	15997
2490	5306	15995
2491	5308	15992
2492	5310	15990
2493	5312	15989
2494	5314	15987
2495	5316	15984
2496	5319	15982
2497	5321	15980
2498	5323	15979
2499	5325	15977
2500	5328	15975
2501	5329	15972
2502	5332	15971
2503	5334	15969
2504	5336	15967
2505	5338	15965
2506	5340	15963
2507	5342	15959
2508	5344	15957
2509	5346	15954
2510	5348	15952
2511	5350	15949
2512	5353	15948
2513	5354	15945
2514	5356	15942
2515	5358	15940
2516	5360	15937
2517	5362	15934
2518	5364	15931
2519	5366	15929
2520	5368	15926
2521	5370	15922
2522	5372	15920
2523	5373	15917
2524	5375	15913
2525	5377	15910
2526	5379	15909
2527	5381	15906
2528	5383	15903
2529	5385	15900
2530	5387	15897
2531	5388	15894
2532	5390	15890
2533	5392	15888
2534	5394	15885
2535	5396	15882
2536	5398	15879
2537	5400	15877
2538	5402	15874
2539	5403	15871
2540	5405	15868
2541	5407	15865
2542	5409	15862
2543	5411	15859
2544	5413	15857
2545	5415	15854
2546	5416	15851
2547	5418	15847
2548	5420	15845
2549	5422	15841
2550	5424	15839
2551	5426	15837
2552	5428	15835
2553	5430	15831
2554	5432	15829
2555	5434	15826
2556	5435	15823
2557	5437	15820
2558	5440	15818
2559	5442	15816
2560	5443	15812
2561	5445	15809
2562	5447	15806
2563	5449	15803
2564	5450	15799
2565	5452	15797
2566	5454	15794
2567	5456	15791
2568	5458	15788
2569	5460	15785
2570	5461	15782
2571	5463	15779
2572	5465	15776
2573	5467	15773
2574	5469	15770
2575	5471	15767
2576	5473	15765
2577	5475	15763
2578	5477	15760
2579	5478	15756
2580	5480	15754
2581	5482	15751
2582	5484	15747
2583	5486	15745
2584	5488	15744
2585	5490	15741
2586	5492	15738
2587	5494	15736
2588	5496	15734
2589	5498	15731
2590	5501	15730
2591	5503	15728
2592	5505	15725
2593	5507	15724
2594	5509	15721
2595	5511	15718
2596	5513	15715
2597	5515	15713
2598	5517	15711
2599	5519	15709
2600	5521	15706
2601	5523	15703
2602	5525	15701
2603	5527	15699
2604	5529	15696
2605	5531	15693
2606	5533	15690
2607	5535	15688
2608	5536	15685
2609	5538	15682
2610	5541	15680
2611	5542	15677
2612	5544	15674
2613	5546	15672
2614	5549	15671
2615	5551	15668
2616	5552	15665
2617	5554	15662
2618	5556	15659
2619	5558	15657
2620	5561	15656
2621	5562	15653
2622	5564	15650
2623	5566	15648
2624	5568	15645
2625	5570	15642
2626	5572	15638
2627	5574	15637
2628	5576	15634
2629	5578	15631
2630	5580	15629
2631	5582	15627
2632	5584	15623
2633	5585	15620
2634	5587	15617
2635	5589	15615
2636	5591	15611
2637	5593	15608
2638	5595	15606
2639	5596	15603
2640	5598	15599
2641	5600	15597
2642	5602	15594
2643	5604	15591
2644	5605	15587
2645	5607	15585
2646	5609	15583
2647	5611	15580
2648	5613	15577
2649	5615	15575
2650	5617	15571
2651	5618	15568
2652	5621	15566
2653	5623	15564
2654	5625	15561
2655	5627	15559
2656	5629	15556
2657	5630	15553
2658	5633	15551
2659	5635	15549
2660	5637	15547
2661	5639	15544
2662	5641	15542
2663	5643	15539
2664	5644	15536
2665	5646	15533
2666	5648	15531
2667	5650	15528
2668	5652	15526
2669	5654	15523
2670	5656	15521
2671	5658	15518
2672	5660	15515
2673	5662	15513
2674	5664	15510
2675	5666	15508
2676	5668	15506
2677	5670	15503
2678	5672	15500
2679	5674	15498
2680	5676	15495
2681	5677	15492
2682	5679	15488
2683	5682	15488
2684	5684	15485
2685	5685	15482
2686	5688	15480
2687	5690	15478
2688	5692	15475
2689	5693	15472
2690	5696	15470
2691	5697	15467
2692	5699	15464
2693	5701	15463
2694	5703	15460
2695	5705	15457
2696	5707	15454
2697	5709	15451
2698	5710	15448
2699	5712	15444
2700	5714	15443
2701	5716	15440
2702	5718	15437
2703	5720	15434
2704	5722	15432
2705	5724	15429
2706	5725	15425
2707	5727	15423
2708	5729	15420
2709	5731	15418
2710	5733	15415
2711	5735	15412
2712	5737	15409
2713	5738	15406
2714	5740	15402
2715	5742	15400
2716	5744	15398
2717	5745	15394
2718	5747	15391
2719	5751	15393
2720	5752	15389
2721	5754	15387
2722	5757	15385
2723	5758	15381
2724	5760	15378
2725	5762	15376
2726	5764	15373
2727	5765	15370
2728	5767	15367
2729	5769	15365
2730	5771	15362
2731	5773	15358
2732	5775	15357
2733	5777	15354
2734	5779	15351
2735	5780	15348
2736	5783	15346
2737	5784	15342
2738	5786	15339
2739	5789	15339
2740	5791	15337
2741	5793	15334
2742	5795	15332
2743	5797	15329
2744	5799	15326
2745	5800	15323
2746	5802	15321
2747	5804	15318
2748	5806	15315
2749	5808	15312
2750	5810	15309
2751	5811	15306
2752	5813	15304
2753	5816	15302
2754	5818	15300
2755	5820	15298
2756	5822	15296
2757	5824	15293
2758	5825	15290
2759	5827	15286
2760	5829	15284
2761	5831	15281
2762	5833	15278
2763	5835	15276
2764	5837	15273
2765	5838	15270
2766	5840	15266
2767	5842	15264
2768	5844	15261
2769	5845	15257
2770	5847	15253
2771	5849	15251
2772	5850	15248
2773	5852	15246
2774	5855	15244
2775	5857	15242
2776	5859	15239
2777	5861	15237
2778	5863	15236
2779	5866	15234
2780	5868	15233
2781	5871	15232
2782	5873	15230
2783	5875	15229
2784	5877	15227
2785	5879	15224
2786	5881	15222
2787	5884	15221
2788	5886	15219
2789	5888	15216
2790	5890	15215
2791	5892	15212
2792	5894	15210
2793	5897	15209
2794	5899	15207
2795	5901	15204
2796	5903	15202
2797	5905	15200
2798	5907	15197
2799	5909	15196
2800	5911	15194
2801	5914	15193
2802	5916	15192
2803	5918	15189
2804	5921	15187
2805	5923	15186
2806	5925	15183
2807	5927	15182
2808	5930	15181
2809	5932	15178
2810	5934	15176
2811	5936	15176
2812	5939	15173
2813	5941	15171
2814	5943	15169
2815	5945	15167
2816	5947	15164
2817	5949	15162
2818	5951	15159
2819	5953	15158
2820	5955	15156
2821	5957	15153
2822	5959	15150
2823	5961	15147
2824	5963	15145
2825	5965	15143
2826	5967	15141
2827	5969	15139
2828	5972	15137
2829	5974	15135
2830	5976	15134
2831	5978	15131
2832	5980	15129
2833	5982	15127
2834	5985	15126
2835	5987	15124
2836	5989	15123
2837	5991	15121
2838	5993	15118
2839	5995	15116
2840	5998	15114
2841	6000	15112
2842	6002	15111
2843	6005	15110
2844	6007	15107
2845	6009	15105
2846	6012	15105
2847	6014	15103
2848	6017	15104
2849	6019	15102
2850	6021	15099
2851	6024	15099
2852	6026	15097
2853	6028	15095
2854	6031	15094
2855	6033	15092
2856	6035	15091
2857	6038	15090
2858	6040	15087
2859	6043	15086
2860	6045	15085
2861	6047	15083
2862	6050	15082
2863	6052	15080
2864	6054	15078
2865	6057	15079
2866	6060	15077
2867	6062	15075
2868	6064	15074
2869	6067	15072
2870	6069	15071
2871	6071	15069
2872	6073	15067
2873	6076	15067
2874	6079	15066
2875	6081	15064
2876	6084	15064
2877	6086	15062
2878	6089	15060
2879	6091	15059
2880	6093	15057
2881	6096	15056
2882	6098	15054
2883	6100	15052
2884	6102	15050
2885	6104	15048
2886	6106	15046
2887	6109	15044
2888	6111	15041
2889	6113	15039
2890	6115	15038
2891	6118	15037
2892	6120	15035
2893	6122	15034
2894	6125	15032
2895	6127	15030
2896	6129	15028
2897	6131	15026
2898	6133	15024
2899	6136	15022
2900	6138	15020
2901	6140	15018
2902	6142	15016
2903	6144	15014
2904	6146	15012
2905	6148	15009
2906	6150	15008
2907	6153	15006
2908	6155	15003
2909	6157	15002
2910	6159	15000
2911	6161	14997
2912	6163	14995
2913	6165	14993
2914	6167	14991
2915	6170	14989
2916	6172	14987
2917	6174	14985
2918	6176	14984
2919	6179	14982
2920	6181	14980
2921	6183	14979
2922	6186	14977
2923	6188	14975
2924	6190	14973
2925	6192	14971
2926	6194	14969
2927	6197	14968
2928	6199	14965
2929	6200	14962
2930	6202	14959
2931	6204	14957
2932	6206	14955
2933	6208	14951
2934	6210	14949
2935	6212	14947
2936	6214	14943
2937	6216	14941
2938	6218	14939
2939	6220	14936
2940	6221	14933
2941	6224	14932
2942	6225	14929
2943	6227	14926
2944	6229	14923
2945	6231	14920
2946	6233	14917
2947	6234	14914
2948	6236	14912
2949	6239	14910
2950	6240	14906
2951	6242	14903
2952	6244	14901
2953	6245	14898
2954	6247	14894
2955	6249	14891
2956	6251	14889
2957	6252	14886
2958	6254	14882
2959	6256	14879
2960	6258	14877
2961	6260	14874
2962	6261	14871
2963	6263	14868
2964	6265	14865
2965	6266	14861
2966	6268	14858
2967	6270	14856
2968	6272	14853
2969	6274	14851
2970	6276	14848
2971	6278	14846
2972	6280	14843
2973	6281	14840
2974	6283	14838
2975	6285	14835
2976	6287	14832
2977	6289	14830
2978	6291	14827
2979	6293	14824
2980	6294	14821
2981	6296	14818
2982	6299	14817
2983	6300	14814
2984	6302	14811
2985	6304	14809
2986	6306	14806
2987	6308	14803
2988	6310	14801
2989	6312	14799
2990	6314	14796
2991	6315	14793
2992	6318	14792
2993	6320	14790
2994	6322	14787
2995	6324	14784
2996	6326	14782
2997	6327	14778
2998	6329	14775
2999	6331	14773
3000	6333	14770
3001	6334	14766
3002	6336	14764
3003	6338	14762
3004	6341	14760
3005	6342	14757
3006	6345	14756
3007	6347	14754
3008	6349	14751
3009	6351	14750
3010	6353	14747
3011	6355	14745
3012	6357	14743
3013	6360	14741
3014	6362	14739
3015	6364	14738
3016	6366	14736
3017	6368	14733
3018	6371	14733
3019	6374	14732
3020	6376	14730
3021	6380	14732
3022	6382	14730
3023	6383	14726
3024	6386	14725
3025	6388	14723
3026	6390	14720
3027	6392	14718
3028	6394	14715
3029	6396	14713
3030	6398	14711
3031	6400	14709
3032	6402	14706
3033	6404	14704
3034	6406	14702
3035	6408	14700
3036	6410	14698
3037	6413	14696
3038	6415	14694
3039	6417	14691
3040	6419	14689
3041	6421	14687
3042	6423	14685
3043	6425	14683
3044	6427	14681
3045	6429	14678
3046	6431	14676
3047	6433	14674
3048	6435	14671
3049	6437	14668
3050	6439	14666
3051	6441	14664
3052	6443	14661
3053	6445	14660
3054	6447	14658
3055	6449	14655
3056	6451	14653
3057	6454	14651
3058	6456	14649
3059	6458	14647
3060	6460	14645
3061	6462	14642
3062	6464	14641
3063	6466	14638
3064	6468	14636
3065	6470	14634
3066	6473	14632
3067	6475	14630
3068	6477	14627
3069	6479	14626
3070	6481	14623
3071	6483	14621
3072	6485	14619
3073	6487	14616
3074	6489	14613
3075	6490	14610
3076	6493	14608
3077	6494	14606
3078	6496	14603
3079	6499	14602
3080	6501	14600
3081	6503	14597
3082	6505	14595
3083	6507	14593
3084	6509	14590
3085	6510	14586
3086	6513	14585
3087	6515	14583
3088	6516	14580
3089	6519	14578
3090	6521	14576
3091	6523	14573
3092	6525	14572
3093	6527	14570
3094	6529	14567
3095	6531	14565
3096	6533	14563
3097	6535	14561
3098	6537	14558
3099	6540	14556
3100	6542	14555
3101	6544	14553
3102	6547	14551
3103	6549	14549
3104	6551	14547
3105	6554	14547
3106	6556	14546
3107	6559	14546
3108	6562	14545
3109	6564	14544
3110	6567	14544
3111	6570	14543
3112	6574	14543
3113	6576	14543
3114	6581	14547
3115	6583	14545
3116	6587	14545
3117	6589	14545
3118	6592	14544
3119	6595	14543
3120	6598	14542
3121	6602	14546
3122	6606	14546
3123	6608	14545
3124	6610	14543
3125	6613	14543
3126	6615	14540
3127	6618	14539
3128	6620	14539
3129	6623	14537
3130	6625	14535
3131	6627	14533
3132	6630	14531
3133	6632	14529
3134	6634	14528
3135	6636	14526
3136	6639	14525
3137	6642	14524
3138	6644	14522
3139	6646	14521
3140	6649	14519
3141	6651	14517
3142	6653	14516
3143	6655	14513
3144	6657	14511
3145	6660	14510
3146	6662	14507
3147	6664	14505
3148	6666	14504
3149	6669	14503
3150	6671	14501
3151	6674	14500
3152	6676	14498
3153	6678	14496
3154	6681	14495
3155	6683	14493
3156	6685	14490
3157	6688	14490
3158	6690	14488
3159	6692	14486
3160	6695	14485
3161	6697	14483
3162	6700	14483
3163	6702	14481
3164	6705	14480
3165	6707	14479
3166	6710	14477
3167	6712	14476
3168	6714	14474
3169	6717	14472
3170	6719	14471
3171	6721	14469
3172	6724	14468
3173	6727	14468
3174	6729	14466
3175	6731	14464
3176	6734	14463
3177	6736	14461
3178	6739	14460
3179	6741	14459
3180	6744	14457
3181	6747	14456
3182	6749	14454
3183	6751	14452
3184	6754	14452
3185	6756	14450
3186	6758	14448
3187	6762	14448
3188	6764	14446
3189	6766	14445
3190	6769	14444
3191	6771	14442
3192	6773	14440
3193	6775	14438
3194	6777	14436
3195	6779	14432
3196	6781	14431
3197	6783	14428
3198	6785	14425
3199	6787	14423
3200	6789	14421
3201	6791	14418
3202	6793	14416
3203	6795	14414
3204	6797	14411
3205	6799	14409
3206	6801	14407
3207	6804	14405
3208	6806	14403
3209	6808	14401
3210	6810	14398
3211	6811	14395
3212	6813	14393
3213	6815	14390
3214	6817	14388
3215	6820	14386
3216	6822	14384
3217	6823	14381
3218	6825	14378
3219	6827	14376
3220	6829	14373
3221	6831	14371
3222	6833	14369
3223	6835	14366
3224	6837	14363
3225	6838	14359
3226	6840	14357
3227	6842	14355
3228	6844	14351
3229	6846	14349
3230	6848	14346
3231	6849	14343
3232	6851	14341
3233	6853	14339
3234	6855	14336
3235	6857	14334
3236	6860	14332
3237	6861	14329
3238	6863	14327
3239	6865	14324
3240	6867	14322
3241	6869	14319
3242	6871	14316
3243	6873	14314
3244	6875	14312
3245	6877	14309
3246	6879	14306
3247	6881	14304
3248	6883	14302
3249	6884	14299
3250	6887	14297
3251	6889	14295
3252	6890	14292
3253	6892	14289
3254	6894	14287
3255	6896	14284
3256	6898	14282
3257	6900	14280
3258	6902	14277
3259	6904	14275
3260	6906	14273
3261	6908	14270
3262	6910	14268
3263	6912	14266
3264	6915	14264
3265	6917	14261
3266	6918	14258
3267	6921	14257
3268	6922	14254
3269	6924	14251
3270	6926	14249
3271	6928	14247
3272	6930	14244
3273	6932	14241
3274	6934	14239
3275	6936	14237
3276	6938	14234
3277	6940	14232
3278	6942	14229
3279	6944	14226
3280	6945	14224
3281	6947	14221
3282	6949	14219
3283	6951	14216
3284	6953	14214
3285	6955	14211
3286	6957	14209
3287	6959	14206
3288	6961	14204
3289	6963	14201
3290	6965	14199
3291	6967	14197
3292	6969	14194
3293	6970	14191
3294	6972	14188
3295	6974	14186
3296	6976	14182
3297	6977	14180
3298	6980	14178
3299	6982	14175
3300	6984	14173
3301	6985	14170
3302	6988	14168
3303	6990	14166
3304	6992	14164
3305	6994	14162
3306	6996	14160
3307	6999	14158
3308	7001	14158
3309	7004	14156
3310	7006	14154
3311	7008	14152
3312	7010	14150
3313	7012	14148
3314	7015	14146
3315	7017	14144
3316	7019	14141
3317	7021	14140
3318	7023	14138
3319	7026	14136
3320	7028	14135
3321	7030	14132
3322	7032	14131
3323	7035	14130
3324	7037	14128
3325	7040	14126
3326	7042	14125
3327	7044	14123
3328	7046	14121
3329	7049	14119
3330	7051	14117
3331	7052	14114
3332	7055	14112
3333	7057	14110
3334	7059	14107
3335	7061	14105
3336	7063	14103
3337	7065	14100
3338	7067	14098
3339	7068	14095
3340	7071	14093
3341	7073	14091
3342	7075	14089
3343	7077	14087
3344	7079	14085
3345	7081	14083
3346	7084	14081
3347	7085	14078
3348	7088	14077
3349	7090	14075
3350	7092	14073
3351	7095	14071
3352	7097	14069
3353	7099	14067
3354	7101	14065
3355	7103	14063
3356	7105	14061
3357	7108	14060
3358	7110	14058
3359	7112	14056
3360	7115	14055
3361	7117	14052
3362	7119	14050
3363	7121	14049
3364	7124	14047
3365	7126	14044
3366	7128	14043
3367	7130	14041
3368	7133	14039
3369	7135	14037
3370	7137	14035
3371	7139	14033
3372	7141	14031
3373	7143	14029
3374	7145	14027
3375	7148	14025
3376	7150	14023
3377	7152	14021
3378	7154	14019
3379	7156	14017
3380	7159	14015
3381	7161	14013
3382	7163	14011
3383	7165	14008
3384	7167	14006
3385	7169	14004
3386	7171	14002
3387	7173	13999
3388	7175	13997
3389	7177	13995
3390	7179	13992
3391	7181	13989
3392	7183	13987
3393	7184	13984
3394	7186	13981
3395	7189	13980
3396	7191	13977
3397	7192	13975
3398	7195	13973
3399	7197	13970
3400	7198	13967
3401	7200	13964
3402	7202	13962
3403	7204	13959
3404	7206	13957
3405	7208	13954
3406	7209	13952
3407	7211	13949
3408	7213	13946
3409	7215	13943
3410	7216	13940
3411	7218	13937
3412	7220	13935
3413	7222	13933
3414	7224	13930
3415	7225	13927
3416	7227	13924
3417	7229	13921
3418	7231	13918
3419	7232	13915
3420	7235	13913
3421	7237	13911
3422	7238	13908
3423	7240	13906
3424	7242	13904
3425	7244	13901
3426	7246	13898
3427	7248	13895
3428	7250	13893
3429	7252	13891
3430	7254	13889
3431	7258	13890
3432	7259	13887
3433	7262	13886
3434	7264	13883
3435	7266	13881
3436	7268	13879
3437	7270	13877
3438	7272	13874
3439	7274	13871
3440	7276	13870
3441	7278	13867
3442	7280	13865
3443	7282	13863
3444	7284	13860
3445	7286	13858
3446	7288	13855
3447	7290	13853
3448	7292	13851
3449	7294	13848
3450	7296	13847
3451	7298	13844
3452	7300	13841
3453	7302	13840
3454	7304	13837
3455	7306	13834
3456	7308	13832
3457	7310	13831
3458	7312	13828
3459	7315	13827
3460	7317	13825
3461	7319	13823
3462	7322	13822
3463	7324	13820
3464	7326	13817
3465	7328	13815
3466	7330	13813
3467	7332	13810
3468	7333	13807
3469	7336	13805
3470	7337	13802
3471	7339	13800
3472	7342	13798
3473	7344	13796
3474	7345	13793
3475	7347	13791
3476	7350	13789
3477	7352	13787
3478	7354	13785
3479	7357	13784
3480	7358	13781
3481	7360	13778
3482	7362	13775
3483	7364	13773
3484	7366	13770
3485	7367	13767
3486	7370	13766
3487	7372	13764
3488	7374	13762
3489	7377	13760
3490	7378	13757
3491	7380	13755
3492	7382	13753
3493	7385	13751
3494	7387	13749
3495	7389	13747
3496	7391	13745
3497	7393	13742
3498	7395	13740
3499	7397	13738
3500	7400	13737
3501	7402	13735
3502	7404	13733
3503	7406	13731
3504	7408	13728
3505	7410	13726
3506	7412	13724
3507	7414	13721
3508	7417	13720
3509	7418	13717
3510	7420	13714
3511	7422	13712
3512	7424	13710
3513	7426	13708
3514	7428	13705
3515	7431	13704
3516	7433	13702
3517	7435	13699
3518	7437	13697
3519	7439	13695
3520	7441	13692
3521	7443	13690
3522	7445	13688
3523	7447	13685
3524	7449	13683
3525	7451	13681
3526	7452	13678
3527	7454	13675
3528	7456	13673
3529	7458	13670
3530	7460	13668
3531	7462	13665
3532	7464	13664
3533	7466	13661
3534	7468	13658
3535	7470	13656
3536	7472	13653
3537	7473	13650
3538	7475	13648
3539	7477	13646
3540	7479	13643
3541	7481	13640
3542	7483	13639
3543	7486	13637
3544	7487	13634
3545	7490	13632
3546	7492	13630
3547	7494	13628
3548	7496	13625
3549	7498	13623
3550	7500	13621
3551	7502	13618
3552	7504	13617
3553	7506	13614
3554	7508	13612
3555	7510	13610
3556	7512	13608
3557	7514	13605
3558	7516	13603
3559	7518	13601
3560	7520	13599
3561	7523	13597
3562	7525	13595
3563	7527	13593
3564	7529	13590
3565	7531	13588
3566	7533	13586
3567	7535	13584
3568	7539	13585
3569	7541	13583
3570	7543	13581
3571	7545	13579
3572	7548	13577
3573	7550	13575
3574	7552	13573
3575	7554	13571
3576	7556	13568
3577	7558	13566
3578	7560	13563
3579	7562	13561
3580	7564	13559
3581	7566	13556
3582	7568	13554
3583	7569	13551
3584	7572	13549
3585	7574	13547
3586	7575	13544
3587	7578	13542
3588	7580	13540
3589	7582	13538
3590	7584	13536
3591	7586	13533
3592	7588	13530
3593	7590	13528
3594	7592	13527
3595	7594	13524
3596	7596	13522
3597	7598	13520
3598	7600	13517
3599	7602	13515
3600	7604	13513
3601	7606	13511
3602	7608	13508
3603	7610	13505
3604	7612	13503
3605	7614	13501
3606	7616	13498
3607	7618	13496
3608	7619	13493
3609	7621	13490
3610	7622	13487
3611	7624	13484
3612	7626	13482
3613	7628	13479
3614	7630	13477
3615	7632	13474
3616	7633	13471
3617	7635	13468
3618	7637	13466
3619	7639	13463
3620	7641	13461
3621	7643	13459
3622	7645	13456
3623	7646	13453
3624	7648	13450
3625	7650	13449
3626	7652	13446
3627	7654	13443
3628	7656	13441
3629	7658	13439
3630	7660	13436
3631	7662	13434
3632	7664	13432
3633	7666	13429
3634	7667	13426
3635	7669	13423
3636	7671	13421
3637	7673	13418
3638	7675	13416
3639	7676	13413
3640	7678	13410
3641	7680	13408
3642	7682	13405
3643	7683	13402
3644	7686	13400
3645	7688	13398
3646	7689	13395
3647	7691	13393
3648	7693	13390
3649	7695	13388
3650	7697	13385
3651	7699	13383
3652	7701	13380
3653	7703	13378
3654	7705	13376
3655	7707	13373
3656	7708	13370
3657	7710	13367
3658	7712	13365
3659	7714	13363
3660	7715	13360
3661	7717	13357
3662	7720	13355
3663	7721	13353
3664	7723	13350
3665	7725	13348
3666	7727	13346
3667	7729	13343
3668	7731	13341
3669	7733	13339
3670	7735	13336
3671	7737	13333
3672	7739	13331
3673	7741	13329
3674	7743	13326
3675	7745	13325
3676	7747	13323
3677	7749	13320
3678	7751	13317
3679	7753	13315
3680	7755	13312
3681	7756	13309
3682	7758	13307
3683	7760	13305
3684	7762	13302
3685	7764	13299
3686	7766	13298
3687	7768	13295
3688	7770	13292
3689	7772	13291
3690	7774	13288
3691	7776	13285
3692	7778	13284
3693	7780	13281
3694	7782	13279
3695	7784	13276
3696	7786	13275
3697	7788	13272
3698	7789	13269
3699	7792	13268
3700	7794	13266
3701	7796	13263
3702	7798	13261
3703	7800	13259
3704	7802	13256
3705	7804	13254
3706	7806	13252
3707	7808	13250
3708	7810	13247
3709	7812	13245
3710	7814	13242
3711	7816	13240
3712	7817	13237
3713	7819	13235
3714	7821	13232
3715	7823	13230
3716	7825	13228
3717	7827	13225
3718	7829	13222
3719	7831	13220
3720	7833	13218
3721	7835	13215
3722	7836	13212
3723	7839	13211
3724	7841	13209
3725	7843	13206
3726	7845	13204
3727	7846	13201
3728	7848	13199
3729	7850	13195
3730	7852	13194
3731	7854	13191
3732	7856	13189
3733	7857	13186
3734	7859	13183
3735	7861	13181
3736	7863	13178
3737	7864	13175
3738	7866	13172
3739	7868	13170
3740	7870	13167
3741	7872	13165
3742	7874	13162
3743	7876	13160
3744	7877	13157
3745	7879	13155
3746	7881	13152
3747	7883	13149
3748	7885	13147
3749	7886	13144
3750	7888	13142
3751	7890	13139
3752	7892	13137
3753	7894	13134
3754	7896	13132
3755	7897	13129
3756	7900	13127
3757	7902	13125
3758	7904	13123
3759	7906	13120
3760	7907	13118
3761	7909	13115
3762	7911	13112
3763	7913	13110
3764	7915	13108
3765	7917	13105
3766	7919	13103
3767	7921	13100
3768	7922	13098
3769	7924	13095
3770	7926	13093
3771	7928	13090
3772	7930	13088
3773	7932	13085
3774	7934	13083
3775	7936	13081
3776	7937	13078
3777	7939	13076
3778	7941	13073
3779	7943	13070
3780	7945	13068
3781	7947	13066
3782	7948	13063
3783	7950	13060
3784	7952	13058
3785	7954	13055
3786	7956	13052
3787	7957	13050
3788	7960	13048
3789	7961	13045
3790	7963	13042
3791	7965	13039
3792	7967	13037
3793	7969	13035
3794	7970	13032
3795	7972	13030
3796	7975	13028
3797	7977	13026
3798	7978	13023
3799	7980	13021
3800	7982	13018
3801	7984	13016
3802	7986	13014
3803	7988	13012
3804	7990	13009
3805	7992	13007
3806	7994	13005
3807	7996	13002
3808	7998	13000
3809	8000	12998
3810	8002	12995
3811	8004	12993
3812	8006	12990
3813	8008	12988
3814	8010	12986
3815	8011	12983
3816	8014	12981
3817	8015	12979
3818	8017	12976
3819	8020	12975
3820	8022	12972
3821	8024	12970
3822	8025	12967
3823	8027	12965
3824	8029	12963
3825	8031	12961
3826	8034	12959
3827	8037	12958
3828	8039	12956
3829	8042	12955
3830	8044	12953
3831	8046	12951
3832	8049	12950
3833	8051	12949
3834	8054	12948
3835	8056	12946
3836	8058	12944
3837	8061	12943
3838	8063	12941
3839	8066	12939
3840	8068	12938
3841	8071	12936
3842	8073	12935
3843	8076	12933
3844	8077	12931
3845	8080	12929
3846	8082	12927
3847	8084	12925
3848	8087	12924
3849	8089	12922
3850	8091	12919
3851	8094	12918
3852	8096	12916
3853	8098	12914
3854	8100	12912
3855	8102	12910
3856	8104	12907
3857	8106	12905
3858	8108	12903
3859	8110	12901
3860	8112	12899
3861	8115	12897
3862	8116	12895
3863	8118	12892
3864	8121	12890
3865	8123	12888
3866	8125	12887
3867	8128	12886
3868	8130	12884
3869	8132	12881
3870	8135	12880
3871	8137	12879
3872	8140	12877
3873	8142	12876
3874	8144	12874
3875	8147	12873
3876	8149	12871
3877	8151	12868
3878	8154	12867
3879	8156	12865
3880	8158	12863
3881	8160	12861
3882	8162	12859
3883	8164	12856
3884	8166	12854
3885	8169	12853
3886	8171	12851
3887	8174	12850
3888	8176	12847
3889	8178	12845
3890	8180	12843
3891	8182	12841
3892	8184	12839
3893	8186	12837
3894	8189	12835
3895	8191	12833
3896	8193	12831
3897	8195	12829
3898	8197	12827
3899	8199	12824
3900	8202	12823
3901	8204	12821
3902	8205	12818
3903	8208	12817
3904	8210	12814
3905	8212	12812
3906	8214	12810
3907	8216	12808
3908	8218	12806
3909	8220	12804
3910	8222	12801
3911	8225	12800
3912	8228	12800
3913	8231	12799
3914	8233	12797
3915	8236	12796
3916	8238	12793
3917	8240	12791
3918	8242	12790
3919	8244	12787
3920	8247	12786
3921	8249	12784
3922	8251	12781
3923	8253	12779
3924	8255	12777
3925	8257	12774
3926	8259	12772
3927	8261	12771
3928	8263	12768
3929	8265	12766
3930	8268	12765
3931	8270	12762
3932	8271	12760
3933	8273	12757
3934	8275	12755
3935	8277	12753
3936	8279	12750
3937	8282	12748
3938	8284	12747
3939	8286	12744
3940	8288	12742
3941	8290	12740
3942	8291	12737
3943	8293	12734
3944	8295	12732
3945	8296	12729
3946	8299	12727
3947	8301	12725
3948	8303	12723
3949	8305	12720
3950	8307	12718
3951	8309	12716
3952	8311	12714
3953	8313	12711
3954	8315	12710
3955	8317	12707
3956	8319	12705
3957	8322	12704
3958	8325	12703
3959	8329	12704
3960	8332	12704
3961	8337	12706
3962	8340	12705
3963	8343	12704
3964	8345	12702
3965	8347	12700
3966	8350	12699
3967	8352	12697
3968	8355	12695
3969	8357	12693
3970	8359	12691
3971	8361	12689
3972	8363	12688
3973	8366	12685
3974	8368	12683
3975	8370	12681
3976	8371	12678
3977	8373	12676
3978	8375	12673
3979	8377	12671
3980	8379	12668
3981	8381	12666
3982	8383	12664
3983	8385	12662
3984	8387	12659
3985	8389	12657
3986	8390	12654
3987	8392	12652
3988	8394	12649
3989	8396	12647
3990	8398	12644
3991	8400	12642
3992	8402	12640
3993	8404	12637
3994	8405	12635
3995	8407	12632
3996	8409	12630
3997	8412	12629
3998	8414	12627
3999	8416	12625
4000	8418	12622
4001	8420	12619
4002	8422	12618
4003	8424	12615
4004	8426	12613
4005	8428	12611
4006	8430	12609
4007	8432	12606
4008	8434	12604
4009	8438	12604
4010	8439	12602
4011	8442	12600
4012	8444	12598
4013	8445	12595
4014	8447	12592
4015	8449	12590
4016	8451	12587
4017	8452	12584
4018	8454	12582
4019	8457	12580
4020	8459	12578
4021	8460	12575
4022	8462	12573
4023	8464	12570
4024	8466	12568
4025	8468	12566
4026	8470	12564
4027	8472	12561
4028	8474	12559
4029	8477	12557
4030	8479	12555
4031	8480	12553
4032	8483	12551
4033	8485	12548
4034	8486	12546
4035	8489	12544
4036	8491	12542
4037	8493	12539
4038	8495	12537
4039	8497	12535
4040	8498	12532
4041	8500	12530
4042	8503	12528
4043	8505	12526
4044	8507	12524
4045	8511	12525
4046	8513	12523
4047	8515	12521
4048	8518	12519
4049	8520	12517
4050	8522	12516
4051	8524	12513
4052	8526	12511
4053	8529	12509
4054	8531	12508
4055	8533	12505
4056	8536	12504
4057	8538	12503
4058	8540	12500
4059	8543	12499
4060	8545	12497
4061	8547	12495
4062	8550	12494
4063	8552	12492
4064	8555	12490
4065	8558	12489
4066	8560	12487
4067	8562	12486
4068	8565	12484
4069	8567	12482
4070	8570	12481
4071	8572	12479
4072	8573	12476
4073	8576	12475
4074	8579	12473
4075	8581	12471
4076	8583	12470
4077	8585	12467
4078	8587	12465
4079	8589	12463
4080	8591	12461
4081	8593	12458
4082	8595	12456
4083	8598	12454
4084	8600	12452
4085	8602	12450
4086	8604	12448
4087	8606	12446
4088	8609	12445
4089	8611	12443
4090	8613	12441
4091	8615	12439
4092	8618	12437
4093	8620	12435
4094	8622	12433
4095	8624	12431
4096	8627	12429
4097	8629	12428
4098	8631	12426
4099	8633	12424
4100	8636	12422
4101	8638	12420
4102	8640	12418
4103	8642	12416
4104	8644	12414
4105	8646	12412
4106	8648	12410
4107	8651	12408
4108	8653	12406
4109	8656	12404
4110	8658	12402
4111	8660	12400
4112	8662	12398
4113	8664	12396
4114	8666	12394
4115	8668	12392
4116	8671	12390
4117	8673	12388
4118	8675	12386
4119	8677	12384
4120	8679	12382
4121	8681	12380
4122	8684	12378
4123	8686	12376
4124	8688	12374
4125	8690	12372
4126	8692	12370
4127	8694	12368
4128	8697	12366
4129	8699	12364
4130	8701	12362
4131	8703	12360
4132	8706	12358
4133	8708	12356
4134	8710	12355
4135	8713	12354
4136	8716	12352
4137	8718	12350
4138	8720	12348
4139	8722	12346
4140	8724	12344
4141	8726	12342
4142	8729	12341
4143	8732	12339
4144	8734	12337
4145	8737	12336
4146	8739	12334
4147	8742	12334
4148	8744	12332
4149	8747	12330
4150	8751	12331
4151	8754	12330
4152	8756	12328
4153	8758	12326
4154	8761	12325
4155	8764	12324
4156	8766	12321
4157	8768	12319
4158	8770	12317
4159	8772	12315
4160	8774	12313
4161	8777	12311
4162	8779	12309
4163	8781	12307
4164	8783	12305
4165	8785	12302
4166	8787	12300
4167	8789	12298
4168	8791	12296
4169	8793	12294
4170	8795	12292
4171	8797	12290
4172	8799	12287
4173	8801	12285
4174	8804	12283
4175	8806	12281
4176	8808	12279
4177	8810	12277
4178	8812	12275
4179	8814	12272
4180	8817	12271
4181	8819	12269
4182	8821	12266
4183	8823	12265
4184	8825	12263
4185	8827	12260
4186	8830	12259
4187	8832	12257
4188	8834	12254
4189	8836	12252
4190	8838	12250
4191	8840	12248
4192	8842	12246
4193	8844	12244
4194	8847	12242
4195	8848	12240
4196	8851	12238
4197	8853	12236
4198	8855	12234
4199	8857	12232
4200	8859	12229
4201	8861	12227
4202	8863	12225
4203	8865	12222
4204	8867	12220
4205	8870	12219
4206	8872	12216
4207	8874	12214
4208	8876	12212
4209	8878	12210
4210	8880	12208
4211	8882	12206
4212	8884	12204
4213	8886	12202
4214	8888	12199
4215	8891	12197
4216	8893	12195
4217	8894	12193
4218	8897	12191
4219	8899	12189
4220	8901	12187
4221	8903	12184
4222	8905	12182
4223	8907	12180
4224	8909	12177
4225	8911	12176
4226	8914	12174
4227	8916	12172
4228	8918	12170
4229	8920	12168
4230	8922	12166
4231	8924	12164
4232	8926	12162
4233	8928	12159
4234	8931	12158
4235	8933	12155
4236	8935	12153
4237	8937	12151
4238	8939	12149
4239	8941	12147
4240	8943	12145
4241	8946	12143
4242	8948	12140
4243	8950	12138
4244	8952	12137
4245	8954	12134
4246	8956	12131
4247	8958	12130
4248	8960	12127
4249	8962	12125
4250	8964	12123
4251	8966	12120
4252	8968	12118
4253	8970	12116
4254	8972	12113
4255	8973	12111
4256	8975	12108
4257	8977	12106
4258	8979	12104
4259	8981	12101
4260	8983	12099
4261	8985	12096
4262	8987	12094
4263	8988	12091
4264	8990	12089
4265	8992	12087
4266	8994	12084
4267	8995	12081
4268	8997	12079
4269	8999	12076
4270	9001	12074
4271	9004	12072
4272	9006	12071
4273	9008	12069
4274	9011	12067
4275	9013	12065
4276	9015	12063
4277	9017	12061
4278	9019	12058
4279	9021	12057
4280	9023	12054
4281	9025	12052
4282	9027	12050
4283	9029	12047
4284	9031	12046
4285	9033	12043
4286	9035	12041
4287	9037	12039
4288	9040	12037
4289	9042	12035
4290	9044	12033
4291	9046	12030
4292	9048	12028
4293	9050	12025
4294	9051	12023
4295	9053	12020
4296	9055	12018
4297	9057	12016
4298	9059	12013
4299	9061	12011
4300	9062	12008
4301	9065	12006
4302	9067	12004
4303	9068	12001
4304	9070	11999
4305	9072	11997
4306	9074	11995
4307	9076	11992
4308	9079	11990
4309	9080	11988
4310	9082	11986
4311	9085	11984
4312	9087	11982
4313	9089	11980
4314	9092	11978
4315	9093	11976
4316	9095	11973
4317	9098	11971
4318	9100	11970
4319	9102	11967
4320	9104	11965
4321	9106	11963
4322	9108	11961
4323	9110	11959
4324	9112	11957
4325	9114	11954
4326	9116	11952
4327	9118	11949
4328	9120	11947
4329	9122	11945
4330	9124	11943
4331	9126	11941
4332	9128	11938
4333	9130	11936
4334	9132	11934
4335	9134	11932
4336	9136	11929
4337	9138	11927
4338	9140	11925
4339	9142	11923
4340	9144	11920
4341	9146	11918
4342	9148	11916
4343	9150	11913
4344	9152	11911
4345	9154	11909
4346	9155	11906
4347	9157	11904
4348	9159	11902
4349	9161	11899
4350	9163	11896
4351	9165	11894
4352	9167	11892
4353	9168	11889
4354	9170	11887
4355	9172	11885
4356	9174	11882
4357	9176	11879
4358	9178	11877
4359	9180	11875
4360	9182	11873
4361	9184	11870
4362	9186	11868
4363	9188	11866
4364	9189	11863
4365	9191	11861
4366	9193	11859
4367	9195	11856
4368	9197	11853
4369	9199	11851
4370	9201	11849
4371	9202	11846
4372	9204	11844
4373	9206	11842
4374	9208	11839
4375	9210	11837
4376	9213	11835
4377	9214	11833
4378	9216	11830
4379	9218	11828
4380	9220	11825
4381	9222	11823
4382	9223	11820
4383	9225	11818
4384	9227	11815
4385	9229	11813
4386	9231	11811
4387	9233	11808
4388	9234	11806
4389	9236	11803
4390	9239	11801
4391	9241	11800
4392	9243	11797
4393	9245	11795
4394	9247	11793
4395	9249	11791
4396	9251	11788
4397	9253	11786
4398	9255	11784
4399	9257	11781
4400	9259	11779
4401	9260	11777
4402	9262	11774
4403	9264	11772
4404	9266	11769
4405	9268	11767
4406	9270	11765
4407	9272	11762
4408	9274	11760
4409	9275	11757
4410	9277	11755
4411	9279	11753
4412	9281	11750
4413	9283	11747
4414	9284	11745
4415	9286	11743
4416	9288	11740
4417	9290	11738
4418	9292	11736
4419	9294	11733
4420	9296	11731
4421	9297	11728
4422	9299	11726
4423	9301	11724
4424	9303	11721
4425	9305	11719
4426	9307	11716
4427	9308	11713
4428	9310	11711
4429	9312	11708
4430	9314	11706
4431	9316	11703
4432	9317	11701
4433	9319	11698
4434	9321	11696
4435	9323	11693
4436	9324	11691
4437	9326	11689
4438	9328	11686
4439	9330	11683
4440	9332	11681
4441	9334	11679
4442	9335	11676
4443	9337	11674
4444	9339	11672
4445	9341	11669
4446	9343	11666
4447	9344	11664
4448	9346	11661
4449	9348	11659
4450	9350	11656
4451	9352	11654
4452	9354	11652
4453	9355	11649
4454	9357	11647
4455	9359	11644
4456	9361	11642
4457	9363	11640
4458	9364	11637
4459	9366	11635
4460	9368	11632
4461	9370	11630
4462	9372	11627
4463	9374	11625
4464	9376	11623
4465	9377	11620
4466	9379	11618
4467	9381	11615
4468	9383	11613
4469	9384	11610
4470	9386	11608
4471	9388	11605
4472	9390	11603
4473	9392	11600
4474	9394	11599
4475	9396	11596
4476	9398	11594
4477	9400	11592
4478	9402	11589
4479	9404	11587
4480	9405	11584
4481	9407	11582
4482	9409	11580
4483	9411	11577
4484	9413	11575
4485	9415	11573
4486	9417	11570
4487	9419	11568
4488	9421	11566
4489	9423	11564
4490	9425	11561
4491	9427	11559
4492	9429	11557
4493	9431	11555
4494	9433	11553
4495	9435	11551
4496	9437	11549
4497	9439	11546
4498	9441	11544
4499	9443	11542
4500	9445	11539
4501	9447	11537
4502	9449	11535
4503	9451	11532
4504	9453	11531
4505	9455	11528
4506	9457	11526
4507	9458	11523
4508	9461	11521
4509	9463	11519
4510	9465	11517
4511	9467	11515
4512	9469	11512
4513	9471	11510
4514	9473	11508
4515	9475	11506
4516	9477	11503
4517	9478	11501
4518	9481	11499
4519	9483	11497
4520	9484	11494
4521	9486	11492
4522	9488	11489
4523	9490	11487
4524	9491	11484
4525	9493	11481
4526	9495	11479
4527	9497	11477
4528	9499	11475
4529	9501	11473
4530	9503	11470
4531	9504	11467
4532	9506	11465
4533	9508	11462
4534	9510	11460
4535	9512	11458
4536	9514	11456
4537	9516	11454
4538	9518	11451
4539	9520	11449
4540	9522	11447
4541	9523	11444
4542	9525	11441
4543	9527	11439
4544	9529	11437
4545	9531	11435
4546	9533	11433
4547	9535	11431
4548	9537	11428
4549	9539	11426
4550	9541	11423
4551	9543	11421
4552	9544	11419
4553	9546	11416
4554	9548	11413
4555	9549	11411
4556	9551	11408
4557	9553	11405
4558	9555	11403
4559	9556	11401
4560	9558	11398
4561	9560	11396
4562	9562	11393
4563	9563	11391
4564	9565	11388
4565	9567	11386
4566	9569	11383
4567	9570	11380
4568	9572	11378
4569	9574	11376
4570	9576	11373
4571	9577	11371
4572	9579	11368
4573	9581	11366
4574	9583	11363
4575	9584	11360
4576	9586	11358
4577	9588	11355
4578	9590	11353
4579	9591	11351
4580	9593	11348
4581	9595	11346
4582	9597	11343
4583	9599	11341
4584	9601	11339
4585	9603	11337
4586	9605	11334
4587	9607	11332
4588	9609	11330
4589	9610	11327
4590	9612	11325
4591	9614	11322
4592	9616	11320
4593	9618	11318
4594	9620	11316
4595	9622	11313
4596	9624	11311
4597	9625	11309
4598	9627	11306
4599	9629	11304
4600	9631	11301
4601	9633	11299
4602	9635	11297
4603	9637	11295
4604	9638	11292
4605	9640	11289
4606	9642	11287
4607	9644	11285
4608	9645	11282
4609	9647	11280
4610	9649	11277
4611	9651	11275
4612	9653	11273
4613	9655	11271
4614	9657	11268
4615	9658	11265
4616	9660	11263
4617	9662	11261
4618	9664	11258
4619	9666	11256
4620	9668	11254
4621	9670	11252
4622	9672	11249
4623	9673	11247
4624	9676	11245
4625	9677	11242
4626	9679	11240
4627	9681	11238
4628	9683	11236
4629	9685	11233
4630	9687	11231
4631	9689	11229
4632	9691	11226
4633	9693	11224
4634	9695	11222
4635	9696	11219
4636	9698	11217
4637	9700	11214
4638	9702	11212
4639	9704	11209
4640	9705	11207
4641	9707	11204
4642	9709	11202
4643	9710	11199
4644	9712	11197
4645	9714	11194
4646	9716	11192
4647	9718	11190
4648	9719	11187
4649	9721	11185
4650	9723	11182
4651	9725	11180
4652	9726	11177
4653	9728	11175
4654	9730	11173
4655	9732	11170
4656	9734	11168
4657	9736	11166
4658	9738	11164
4659	9740	11161
4660	9742	11159
4661	9743	11156
4662	9745	11154
4663	9747	11151
4664	9748	11148
4665	9750	11146
4666	9752	11144
4667	9754	11141
4668	9756	11139
4669	9758	11137
4670	9759	11134
4671	9761	11132
4672	9763	11129
4673	9765	11127
4674	9766	11124
4675	9768	11121
4676	9770	11119
4677	9771	11117
4678	9773	11114
4679	9775	11112
4680	9777	11109
4681	9778	11107
4682	9780	11104
4683	9782	11102
4684	9784	11099
4685	9786	11097
4686	9787	11095
4687	9789	11092
4688	9791	11090
4689	9793	11087
4690	9795	11085
4691	9797	11083
4692	9799	11081
4693	9801	11078
4694	9803	11077
4695	9805	11075
4696	9807	11072
4697	9809	11070
4698	9811	11068
4699	9812	11065
4700	9814	11063
4701	9816	11061
4702	9818	11058
4703	9820	11055
4704	9821	11053
4705	9823	11051
4706	9825	11048
4707	9827	11046
4708	9828	11043
4709	9830	11041
4710	9832	11038
4711	9834	11036
4712	9835	11033
4713	9837	11031
4714	9839	11029
4715	9841	11026
4716	9843	11024
4717	9845	11022
4718	9847	11020
4719	9848	11017
4720	9851	11015
4721	9852	11012
4722	9854	11010
4723	9855	11007
4724	9857	11005
4725	9859	11002
4726	9861	11000
4727	9863	10998
4728	9865	10995
4729	9866	10993
4730	9868	10990
4731	9872	10990
4732	9873	10987
4733	9875	10985
4734	9877	10983
4735	9879	10981
4736	9881	10978
4737	9883	10976
4738	9885	10973
4739	9887	10971
4740	9889	10969
4741	9891	10967
4742	9893	10965
4743	9894	10962
4744	9896	10960
4745	9898	10958
4746	9900	10955
4747	9901	10953
4748	9904	10950
4749	9905	10948
4750	9907	10946
4751	9909	10944
4752	9911	10942
4753	9913	10939
4754	9915	10937
4755	9917	10935
4756	9919	10932
4757	9921	10930
4758	9922	10927
4759	9925	10925
4760	9926	10923
4761	9928	10921
4762	9930	10918
4763	9932	10916
4764	9933	10913
4765	9935	10911
4766	9938	10909
4767	9939	10907
4768	9941	10904
4769	9943	10902
4770	9945	10900
4771	9946	10897
4772	9948	10894
4773	9950	10892
4774	9952	10890
4775	9953	10887
4776	9955	10885
4777	9957	10882
4778	9959	10880
4779	9960	10877
4780	9962	10875
4781	9964	10873
4782	9966	10871
4783	9968	10868
4784	9970	10866
4785	9972	10864
4786	9974	10861
4787	9976	10860
4788	9979	10858
4789	9981	10857
4790	9984	10855
4791	9987	10854
4792	9989	10852
4793	9991	10850
4794	9994	10848
4795	9996	10846
4796	9998	10844
4797	10000	10842
4798	10002	10840
4799	10005	10838
4800	10007	10837
4801	10010	10835
4802	10012	10834
4803	10014	10832
4804	10018	10831
4805	10022	10831
4806	10025	10830
4807	10028	10829
4808	10031	10828
4809	10033	10826
4810	10036	10825
4811	10039	10824
4812	10041	10821
4813	10043	10820
4814	10046	10818
4815	10048	10816
4816	10052	10815
4817	10054	10814
4818	10057	10812
4819	10060	10811
4820	10062	10809
4821	10065	10808
4822	10067	10806
4823	10070	10804
4824	10073	10804
4825	10076	10802
4826	10079	10801
4827	10081	10800
4828	10084	10798
4829	10086	10796
4830	10088	10794
4831	10090	10792
4832	10093	10791
4833	10096	10789
4834	10099	10788
4835	10102	10787
4836	10105	10786
4837	10107	10784
4838	10110	10782
4839	10113	10782
4840	10116	10780
4841	10119	10780
4842	10122	10778
4843	10125	10777
4844	10127	10775
4845	10130	10773
4846	10134	10774
4847	10136	10772
4848	10139	10771
4849	10142	10769
4850	10144	10767
4851	10147	10766
4852	10149	10764
4853	10151	10762
4854	10154	10761
4855	10156	10759
4856	10159	10757
4857	10161	10756
4858	10164	10754
4859	10167	10753
4860	10170	10751
4861	10172	10750
4862	10175	10748
4863	10177	10746
4864	10180	10745
4865	10183	10744
4866	10185	10742
4867	10188	10741
4868	10190	10738
4869	10192	10737
4870	10194	10734
4871	10196	10732
4872	10199	10730
4873	10201	10728
4874	10203	10726
4875	10206	10725
4876	10208	10723
4877	10211	10721
4878	10214	10720
4879	10216	10718
4880	10218	10717
4881	10221	10715
4882	10223	10713
4883	10226	10711
4884	10228	10709
4885	10230	10707
4886	10234	10707
4887	10236	10705
4888	10238	10703
4889	10240	10701
4890	10242	10699
4891	10244	10697
4892	10247	10695
4893	10249	10693
4894	10251	10691
4895	10253	10689
4896	10255	10687
4897	10257	10685
4898	10260	10683
4899	10262	10681
4900	10264	10678
4901	10266	10676
4902	10268	10675
4903	10271	10673
4904	10273	10671
4905	10275	10669
4906	10278	10667
4907	10281	10666
4908	10283	10664
4909	10285	10662
4910	10287	10660
4911	10289	10658
4912	10291	10656
4913	10294	10654
4914	10296	10652
4915	10298	10650
4916	10301	10648
4917	10303	10646
4918	10305	10644
4919	10307	10642
4920	10309	10640
4921	10311	10638
4922	10315	10637
4923	10317	10635
4924	10319	10633
4925	10321	10631
4926	10323	10629
4927	10325	10627
4928	10328	10625
4929	10330	10623
4930	10332	10621
4931	10334	10619
4932	10336	10617
4933	10338	10615
4934	10340	10613
4935	10343	10611
4936	10345	10609
4937	10347	10607
4938	10349	10605
4939	10351	10603
4940	10353	10601
4941	10355	10599
4942	10357	10596
4943	10360	10594
4944	10362	10593
4945	10364	10590
4946	10367	10589
4947	10369	10587
4948	10371	10585
4949	10373	10583
4950	10376	10581
4951	10378	10579
4952	10381	10578
4953	10383	10576
4954	10385	10574
4955	10389	10573
4956	10392	10573
4957	10395	10571
4958	10397	10569
4959	10400	10568
4960	10403	10566
4961	10405	10564
4962	10408	10563
4963	10410	10561
4964	10413	10560
4965	10415	10558
4966	10418	10556
4967	10422	10556
4968	10424	10554
4969	10427	10553
4970	10430	10552
4971	10432	10550
4972	10435	10548
4973	10437	10546
4974	10440	10545
4975	10443	10543
4976	10445	10541
4977	10447	10540
4978	10450	10538
4979	10452	10536
4980	10456	10536
4981	10458	10533
4982	10460	10531
4983	10462	10529
4984	10464	10527
4985	10466	10525
4986	10469	10523
4987	10471	10521
4988	10473	10519
4989	10475	10517
4990	10477	10515
4991	10479	10513
4992	10482	10511
4993	10484	10509
4994	10486	10507
4995	10489	10505
4996	10490	10503
4997	10492	10501
4998	10495	10499
4999	10497	10497
5000	10499	10495
5001	10502	10493
5002	10504	10492
5003	10508	10491
5004	10511	10490
5005	10513	10488
5006	10515	10486
5007	10518	10484
5008	10520	10483
5009	10523	10481
5010	10525	10479
5011	10528	10477
5012	10530	10475
5013	10532	10473
5014	10535	10472
5015	10537	10469
5016	10539	10467
5017	10541	10466
5018	10543	10463
5019	10545	10461
5020	10548	10459
5021	10550	10457
5022	10551	10455
5023	10554	10453
5024	10556	10451
5025	10558	10449
5026	10561	10448
5027	10563	10446
5028	10565	10443
5029	10567	10441
5030	10569	10439
5031	10572	10437
5032	10574	10436
5033	10576	10433
5034	10578	10431
5035	10580	10429
5036	10582	10427
5037	10584	10424
5038	10586	10422
5039	10588	10420
5040	10589	10417
5041	10591	10415
5042	10593	10413
5043	10595	10410
5044	10597	10408
5045	10599	10406
5046	10601	10404
5047	10604	10402
5048	10605	10399
5049	10608	10397
5050	10609	10395
5051	10611	10393
5052	10613	10391
5053	10615	10389
5054	10617	10386
5055	10619	10384
5056	10621	10382
5057	10623	10379
5058	10625	10377
5059	10626	10374
5060	10628	10372
5061	10630	10370
5062	10632	10367
5063	10634	10365
5064	10636	10363
5065	10638	10361
5066	10640	10358
5067	10642	10356
5068	10644	10354
5069	10646	10352
5070	10648	10350
5071	10650	10347
5072	10652	10345
5073	10654	10343
5074	10656	10341
5075	10657	10338
5076	10659	10336
5077	10661	10334
5078	10663	10332
5079	10665	10329
5080	10667	10327
5081	10669	10325
5082	10671	10322
5083	10672	10320
5084	10675	10318
5085	10677	10316
5086	10679	10313
5087	10681	10312
5088	10683	10310
5089	10685	10307
5090	10688	10306
5091	10690	10304
5092	10692	10301
5093	10694	10299
5094	10696	10297
5095	10698	10295
5096	10700	10293
5097	10703	10292
5098	10705	10290
5099	10708	10288
5100	10710	10286
5101	10712	10284
5102	10715	10283
5103	10717	10281
5104	10719	10278
5105	10722	10277
5106	10724	10275
5107	10726	10273
5108	10729	10271
5109	10731	10269
5110	10733	10267
5111	10736	10265
5112	10738	10263
5113	10740	10261
5114	10742	10259
5115	10744	10257
5116	10746	10254
5117	10748	10253
5118	10750	10250
5119	10752	10248
5120	10755	10246
5121	10757	10244
5122	10758	10242
5123	10760	10240
5124	10763	10238
5125	10765	10236
5126	10767	10233
5127	10769	10231
5128	10771	10229
5129	10773	10227
5130	10775	10225
5131	10777	10223
5132	10779	10221
5133	10781	10219
5134	10783	10216
5135	10785	10214
5136	10788	10212
5137	10790	10210
5138	10792	10208
5139	10794	10206
5140	10796	10204
5141	10798	10202
5142	10800	10199
5143	10802	10197
5144	10804	10195
5145	10806	10193
5146	10808	10191
5147	10811	10189
5148	10812	10187
5149	10815	10185
5150	10816	10182
5151	10818	10180
5152	10820	10178
5153	10822	10175
5154	10824	10173
5155	10826	10171
5156	10829	10169
5157	10831	10167
5158	10832	10165
5159	10834	10163
5160	10836	10160
5161	10838	10158
5162	10840	10156
5163	10842	10154
5164	10844	10152
5165	10846	10149
5166	10849	10147
5167	10850	10145
5168	10852	10142
5169	10854	10140
5170	10856	10138
5171	10858	10136
5172	10860	10134
5173	10862	10132
5174	10864	10129
5175	10866	10127
5176	10868	10125
5177	10870	10123
5178	10872	10120
5179	10874	10118
5180	10876	10116
5181	10878	10114
5182	10880	10112
5183	10882	10110
5184	10885	10108
5185	10887	10106
5186	10889	10104
5187	10891	10102
5188	10893	10099
5189	10896	10098
5190	10898	10096
5191	10900	10094
5192	10903	10092
5193	10905	10091
5194	10907	10089
5195	10910	10087
5196	10912	10085
5197	10914	10083
5198	10917	10081
5199	10919	10079
5200	10921	10077
5201	10924	10076
5202	10926	10074
5203	10929	10072
5204	10931	10070
5205	10933	10068
5206	10936	10066
5207	10938	10065
5208	10941	10063
5209	10943	10061
5210	10945	10059
5211	10948	10057
5212	10950	10055
5213	10952	10053
5214	10954	10051
5215	10958	10050
5216	10960	10049
5217	10963	10047
5218	10965	10045
5219	10968	10044
5220	10971	10043
5221	10974	10041
5222	10977	10039
5223	10979	10037
5224	10981	10035
5225	10984	10034
5226	10986	10032
5227	10990	10031
5228	10993	10030
5229	10996	10029
5230	10998	10027
5231	11000	10025
5232	11003	10023
5233	11005	10021
5234	11007	10019
5235	11010	10017
5236	11012	10015
5237	11014	10013
5238	11016	10011
5239	11018	10009
5240	11021	10007
5241	11024	10006
5242	11026	10004
5243	11028	10002
5244	11031	10000
5245	11033	9998
5246	11036	9997
5247	11038	9995
5248	11040	9993
5249	11043	9991
5250	11045	9989
5251	11047	9987
5252	11049	9985
5253	11052	9983
5254	11053	9981
5255	11056	9979
5256	11058	9976
5257	11060	9974
5258	11062	9972
5259	11064	9970
5260	11066	9968
5261	11068	9966
5262	11070	9963
5263	11072	9961
5264	11074	9959
5265	11076	9957
5266	11078	9955
5267	11081	9953
5268	11084	9952
5269	11086	9950
5270	11089	9948
5271	11091	9946
5272	11093	9945
5273	11096	9943
5274	11098	9941
5275	11100	9939
5276	11102	9937
5277	11105	9935
5278	11107	9933
5279	11109	9931
5280	11111	9929
5281	11113	9926
5282	11115	9924
5283	11117	9922
5284	11119	9920
5285	11121	9917
5286	11123	9915
5287	11125	9913
5288	11127	9911
5289	11129	9909
5290	11131	9907
5291	11133	9904
5292	11135	9902
5293	11137	9900
5294	11139	9898
5295	11141	9896
5296	11144	9894
5297	11146	9892
5298	11148	9889
5299	11150	9887
5300	11152	9885
5301	11154	9883
5302	11156	9881
5303	11158	9879
5304	11160	9876
5305	11161	9874
5306	11163	9872
5307	11165	9869
5308	11167	9867
5309	11169	9865
5310	11171	9863
5311	11173	9860
5312	11175	9858
5313	11177	9856
5314	11179	9854
5315	11180	9851
5316	11182	9849
5317	11184	9846
5318	11186	9844
5319	11188	9842
5320	11190	9840
5321	11192	9838
5322	11194	9835
5323	11196	9833
5324	11198	9831
5325	11199	9828
5326	11201	9826
5327	11204	9824
5328	11206	9822
5329	11207	9819
5330	11209	9817
5331	11211	9815
5332	11213	9812
5333	11214	9810
5334	11216	9808
5335	11219	9806
5336	11220	9803
5337	11222	9801
5338	11224	9799
5339	11226	9796
5340	11228	9794
5341	11230	9792
5342	11232	9790
5343	11234	9788
5344	11236	9786
5345	11238	9783
5346	11240	9781
5347	11241	9778
5348	11243	9776
5349	11245	9774
5350	11247	9771
5351	11249	9769
5352	11251	9767
5353	11253	9765
5354	11255	9763
5355	11257	9761
5356	11259	9758
5357	11260	9756
5358	11262	9753
5359	11264	9751
5360	11266	9749
5361	11268	9747
5362	11271	9746
5363	11274	9744
5364	11276	9742
5365	11279	9740
5366	11281	9738
5367	11283	9736
5368	11285	9734
5369	11288	9732
5370	11291	9731
5371	11298	9733
5372	11301	9732
5373	11304	9730
5374	11307	9729
5375	11310	9728
5376	11313	9726
5377	11316	9725
5378	11319	9724
5379	11321	9722
5380	11323	9720
5381	11326	9718
5382	11328	9716
5383	11331	9715
5384	11333	9713
5385	11335	9710
5386	11337	9708
5387	11340	9706
5388	11342	9704
5389	11344	9702
5390	11346	9700
5391	11348	9698
5392	11351	9696
5393	11353	9694
5394	11355	9692
5395	11357	9690
5396	11359	9687
5397	11360	9685
5398	11362	9683
5399	11364	9681
5400	11367	9679
5401	11369	9677
5402	11371	9675
5403	11373	9673
5404	11375	9670
5405	11377	9668
5406	11379	9666
5407	11381	9663
5408	11383	9661
5409	11386	9660
5410	11388	9658
5411	11391	9656
5412	11393	9654
5413	11395	9652
5414	11397	9650
5415	11399	9648
5416	11400	9645
5417	11402	9643
5418	11404	9641
5419	11406	9638
5420	11408	9636
5421	11410	9634
5422	11412	9632
5423	11414	9629
5424	11416	9627
5425	11417	9625
5426	11419	9622
5427	11421	9620
5428	11423	9618
5429	11426	9616
5430	11428	9614
5431	11430	9612
5432	11432	9610
5433	11434	9607
5434	11435	9605
5435	11437	9603
5436	11439	9600
5437	11441	9598
5438	11442	9595
5439	11445	9594
5440	11447	9592
5441	11449	9589
5442	11451	9587
5443	11453	9585
5444	11455	9582
5445	11457	9580
5446	11459	9578
5447	11461	9576
5448	11462	9573
5449	11465	9571
5450	11466	9569
5451	11468	9567
5452	11470	9564
5453	11472	9562
5454	11474	9560
5455	11476	9557
5456	11478	9555
5457	11480	9553
5458	11482	9551
5459	11484	9549
5460	11486	9546
5461	11488	9544
5462	11490	9542
5463	11492	9540
5464	11494	9538
5465	11496	9535
5466	11497	9533
5467	11499	9531
5468	11501	9528
5469	11503	9526
5470	11504	9523
5471	11507	9521
5472	11508	9519
5473	11510	9517
5474	11512	9515
5475	11514	9512
5476	11516	9510
5477	11518	9508
5478	11520	9505
5479	11521	9503
5480	11523	9501
5481	11525	9499
5482	11527	9496
5483	11529	9494
5484	11531	9492
5485	11533	9489
5486	11534	9487
5487	11536	9484
5488	11538	9482
5489	11540	9480
5490	11541	9477
5491	11543	9475
5492	11544	9472
5493	11547	9470
5494	11549	9468
5495	11550	9465
5496	11552	9463
5497	11554	9461
5498	11555	9458
5499	11557	9456
5500	11559	9454
5501	11561	9451
5502	11563	9449
5503	11565	9447
5504	11567	9444
5505	11568	9442
5506	11570	9440
5507	11572	9437
5508	11574	9435
5509	11575	9433
5510	11577	9430
5511	11579	9428
5512	11581	9426
5513	11583	9423
5514	11584	9421
5515	11587	9419
5516	11589	9417
5517	11591	9414
5518	11593	9412
5519	11594	9410
5520	11596	9407
5521	11598	9405
5522	11600	9403
5523	11601	9400
5524	11603	9398
5525	11605	9395
5526	11607	9393
5527	11608	9391
5528	11610	9388
5529	11612	9386
5530	11614	9384
5531	11615	9381
5532	11617	9379
5533	11619	9377
5534	11621	9374
5535	11623	9372
5536	11625	9370
5537	11627	9368
5538	11629	9365
5539	11630	9363
5540	11632	9361
5541	11634	9358
5542	11636	9356
5543	11637	9354
5544	11639	9351
5545	11641	9349
5546	11643	9347
5547	11645	9344
5548	11647	9342
5549	11648	9340
5550	11650	9337
5551	11652	9335
5552	11654	9333
5553	11656	9330
5554	11657	9328
5555	11659	9325
5556	11661	9323
5557	11663	9321
5558	11664	9318
5559	11666	9316
5560	11668	9314
5561	11670	9311
5562	11671	9309
5563	11673	9307
5564	11675	9304
5565	11677	9302
5566	11678	9299
5567	11681	9297
5568	11682	9295
5569	11684	9293
5570	11686	9291
5571	11688	9288
5572	11690	9286
5573	11691	9283
5574	11693	9281
5575	11695	9279
5576	11696	9276
5577	11698	9274
5578	11700	9271
5579	11702	9269
5580	11704	9267
5581	11705	9264
5582	11707	9262
5583	11709	9260
5584	11711	9257
5585	11712	9255
5586	11714	9253
5587	11716	9250
5588	11718	9248
5589	11720	9246
5590	11722	9243
5591	11723	9241
5592	11725	9238
5593	11727	9236
5594	11729	9234
5595	11730	9232
5596	11732	9229
5597	11734	9227
5598	11736	9225
5599	11737	9222
5600	11739	9220
5601	11741	9217
5602	11743	9215
5603	11745	9213
5604	11747	9211
5605	11749	9208
5606	11750	9206
5607	11752	9204
5608	11754	9201
5609	11756	9199
5610	11757	9197
5611	11759	9194
5612	11761	9192
5613	11763	9190
5614	11765	9187
5615	11766	9185
5616	11768	9183
5617	11770	9180
5618	11771	9178
5619	11773	9175
5620	11775	9173
5621	11777	9171
5622	11779	9168
5623	11780	9166
5624	11782	9164
5625	11784	9162
5626	11786	9159
5627	11788	9157
5628	11790	9155
5629	11791	9152
5630	11793	9150
5631	11795	9148
5632	11797	9145
5633	11798	9143
5634	11800	9140
5635	11802	9138
5636	11803	9136
5637	11805	9133
5638	11807	9131
5639	11809	9129
5640	11811	9126
5641	11813	9124
5642	11815	9122
5643	11817	9120
5644	11819	9118
5645	11820	9115
5646	11822	9113
5647	11824	9111
5648	11826	9109
5649	11828	9107
5650	11830	9104
5651	11832	9102
5652	11834	9100
5653	11836	9098
5654	11838	9095
5655	11840	9093
5656	11842	9091
5657	11843	9089
5658	11845	9086
5659	11847	9084
5660	11849	9082
5661	11851	9080
5662	11853	9077
5663	11855	9075
5664	11857	9073
5665	11859	9071
5666	11861	9069
5667	11863	9066
5668	11864	9064
5669	11867	9062
5670	11869	9060
5671	11870	9058
5672	11872	9055
5673	11874	9053
5674	11876	9051
5675	11878	9048
5676	11879	9046
5677	11881	9044
5678	11883	9041
5679	11885	9039
5680	11886	9037
5681	11888	9034
5682	11890	9032
5683	11892	9029
5684	11893	9027
5685	11895	9025
5686	11897	9023
5687	11899	9020
5688	11901	9018
5689	11903	9016
5690	11905	9014
5691	11907	9011
5692	11909	9009
5693	11911	9007
5694	11913	9005
5695	11915	9003
5696	11917	9001
5697	11919	8999
5698	11922	8997
5699	11924	8996
5700	11926	8993
5701	11929	8991
5702	11931	8989
5703	11933	8987
5704	11935	8985
5705	11937	8983
5706	11939	8981
5707	11941	8979
5708	11943	8977
5709	11945	8974
5710	11947	8972
5711	11949	8970
5712	11951	8968
5713	11953	8965
5714	11954	8963
5715	11956	8961
5716	11958	8959
5717	11960	8956
5718	11962	8954
5719	11964	8952
5720	11966	8950
5721	11967	8947
5722	11969	8945
5723	11972	8943
5724	11973	8941
5725	11976	8939
5726	11978	8937
5727	11980	8935
5728	11982	8933
5729	11984	8930
5730	11986	8928
5731	11989	8926
5732	11991	8924
5733	11993	8922
5734	11995	8920
5735	11997	8918
5736	11999	8916
5737	12002	8914
5738	12004	8912
5739	12006	8910
5740	12008	8908
5741	12010	8906
5742	12012	8904
5743	12014	8901
5744	12016	8899
5745	12018	8897
5746	12020	8895
5747	12021	8892
5748	12023	8890
5749	12025	8888
5750	12027	8885
5751	12028	8883
5752	12030	8881
5753	12032	8879
5754	12034	8876
5755	12036	8874
5756	12038	8872
5757	12040	8870
5758	12041	8867
5759	12043	8865
5760	12045	8863
5761	12047	8860
5762	12048	8858
5763	12050	8856
5764	12052	8853
5765	12054	8851
5766	12056	8849
5767	12058	8847
5768	12059	8844
5769	12061	8842
5770	12063	8840
5771	12065	8838
5772	12067	8836
5773	12070	8834
5774	12072	8832
5775	12074	8829
5776	12075	8827
5777	12077	8825
5778	12079	8823
5779	12081	8820
5780	12084	8819
5781	12086	8817
5782	12088	8815
5783	12091	8813
5784	12093	8811
5785	12094	8808
5786	12096	8806
5787	12099	8804
5788	12101	8802
5789	12103	8800
5790	12105	8798
5791	12108	8796
5792	12111	8795
5793	12113	8793
5794	12115	8791
5795	12117	8789
5796	12119	8787
5797	12121	8785
5798	12124	8783
5799	12126	8781
5800	12128	8779
5801	12130	8777
5802	12133	8775
5803	12135	8773
5804	12138	8771
5805	12140	8769
5806	12143	8768
5807	12145	8766
5808	12147	8763
5809	12149	8761
5810	12151	8759
5811	12154	8758
5812	12156	8756
5813	12161	8755
5814	12163	8754
5815	12166	8752
5816	12168	8750
5817	12171	8748
5818	12173	8746
5819	12175	8744
5820	12177	8742
5821	12179	8740
5822	12183	8739
5823	12186	8738
5824	12188	8735
5825	12191	8734
5826	12192	8731
5827	12194	8729
5828	12196	8727
5829	12198	8725
5830	12200	8722
5831	12202	8720
5832	12204	8718
5833	12206	8716
5834	12208	8714
5835	12210	8712
5836	12212	8709
5837	12213	8707
5838	12215	8705
5839	12217	8702
5840	12219	8700
5841	12221	8698
5842	12223	8696
5843	12225	8693
5844	12227	8691
5845	12229	8689
5846	12231	8687
5847	12233	8685
5848	12235	8683
5849	12237	8681
5850	12239	8679
5851	12241	8676
5852	12243	8674
5853	12245	8672
5854	12247	8670
5855	12249	8668
5856	12251	8665
5857	12252	8663
5858	12254	8661
5859	12256	8658
5860	12258	8656
5861	12260	8654
5862	12262	8652
5863	12264	8650
5864	12266	8648
5865	12267	8645
5866	12269	8643
5867	12271	8641
5868	12273	8638
5869	12274	8636
5870	12278	8635
5871	12280	8632
5872	12282	8630
5873	12285	8629
5874	12287	8627
5875	12289	8625
5876	12291	8623
5877	12293	8620
5878	12294	8618
5879	12296	8616
5880	12298	8613
5881	12300	8611
5882	12301	8609
5883	12303	8606
5884	12305	8604
5885	12307	8602
5886	12309	8599
5887	12311	8597
5888	12312	8595
5889	12314	8593
5890	12316	8590
5891	12318	8588
5892	12320	8586
5893	12322	8584
5894	12324	8581
5895	12326	8579
5896	12328	8577
5897	12329	8575
5898	12331	8573
5899	12333	8570
5900	12335	8568
5901	12337	8566
5902	12339	8564
5903	12340	8561
5904	12342	8559
5905	12344	8557
5906	12346	8555
5907	12348	8552
5908	12350	8550
5909	12352	8548
5910	12353	8545
5911	12355	8543
5912	12359	8542
5913	12360	8540
5914	12363	8538
5915	12365	8536
5916	12367	8534
5917	12369	8531
5918	12371	8530
5919	12374	8528
5920	12376	8526
5921	12378	8524
5922	12381	8522
5923	12383	8520
5924	12388	8520
5925	12391	8518
5926	12393	8516
5927	12395	8514
5928	12398	8512
5929	12400	8510
5930	12402	8508
5931	12404	8506
5932	12406	8504
5933	12408	8502
5934	12411	8500
5935	12413	8498
5936	12415	8496
5937	12417	8494
5938	12419	8492
5939	12421	8490
5940	12423	8488
5941	12426	8486
5942	12428	8484
5943	12430	8482
5944	12433	8480
5945	12435	8478
5946	12437	8476
5947	12439	8474
5948	12441	8472
5949	12443	8470
5950	12446	8468
5951	12447	8465
5952	12450	8463
5953	12452	8461
5954	12454	8459
5955	12456	8457
5956	12458	8455
5957	12462	8454
5958	12464	8452
5959	12466	8450
5960	12468	8448
5961	12470	8446
5962	12473	8444
5963	12475	8442
5964	12477	8440
5965	12480	8438
5966	12482	8436
5967	12483	8434
5968	12486	8432
5969	12488	8430
5970	12490	8428
5971	12492	8426
5972	12494	8424
5973	12496	8421
5974	12499	8419
5975	12501	8417
5976	12503	8415
5977	12505	8413
5978	12507	8411
5979	12509	8409
5980	12511	8407
5981	12513	8405
5982	12515	8403
5983	12517	8400
5984	12520	8399
5985	12522	8397
5986	12524	8394
5987	12526	8393
5988	12528	8390
5989	12530	8388
5990	12532	8386
5991	12534	8384
5992	12536	8382
5993	12538	8380
5994	12541	8378
5995	12543	8375
5996	12544	8373
5997	12547	8371
5998	12549	8369
5999	12551	8367
6000	12553	8365
6001	12555	8363
6002	12557	8361
6003	12560	8359
6004	12562	8357
6005	12564	8355
6006	12566	8353
6007	12568	8351
6008	12570	8349
6009	12573	8347
6010	12575	8345
6011	12577	8343
6012	12579	8341
6013	12581	8339
6014	12583	8336
6015	12585	8334
6016	12587	8332
6017	12589	8330
6018	12592	8328
6019	12594	8326
6020	12596	8324
6021	12598	8322
6022	12600	8320
6023	12601	8317
6024	12603	8315
6025	12605	8312
6026	12607	8310
6027	12609	8308
6028	12611	8306
6029	12613	8304
6030	12618	8303
6031	12620	8301
6032	12622	8299
6033	12623	8297
6034	12625	8295
6035	12627	8292
6036	12629	8290
6037	12631	8288
6038	12632	8285
6039	12634	8283
6040	12636	8281
6041	12638	8279
6042	12640	8276
6043	12641	8274
6044	12643	8271
6045	12644	8269
6046	12646	8267
6047	12648	8265
6048	12650	8262
6049	12652	8260
6050	12654	8258
6051	12656	8256
6052	12657	8253
6053	12659	8251
6054	12661	8249
6055	12663	8247
6056	12664	8244
6057	12667	8242
6058	12669	8240
6059	12670	8238
6060	12672	8235
6061	12674	8233
6062	12676	8231
6063	12678	8229
6064	12680	8227
6065	12682	8224
6066	12684	8222
6067	12685	8220
6068	12687	8218
6069	12689	8215
6070	12691	8213
6071	12693	8211
6072	12695	8209
6073	12697	8206
6074	12698	8204
6075	12700	8202
6076	12702	8200
6077	12704	8197
6078	12706	8195
6079	12708	8193
6080	12710	8191
6081	12712	8189
6082	12716	8188
6083	12718	8186
6084	12720	8184
6085	12722	8181
6086	12724	8179
6087	12725	8177
6088	12727	8175
6089	12729	8172
6090	12731	8170
6091	12733	8168
6092	12735	8166
6093	12736	8163
6094	12738	8161
6095	12740	8159
6096	12742	8156
6097	12743	8154
6098	12745	8152
6099	12747	8150
6100	12749	8147
6101	12750	8145
6102	12752	8142
6103	12754	8140
6104	12756	8138
6105	12758	8136
6106	12760	8134
6107	12762	8132
6108	12764	8129
6109	12765	8127
6110	12767	8125
6111	12769	8122
6112	12771	8120
6113	12773	8118
6114	12775	8116
6115	12777	8114
6116	12778	8111
6117	12780	8109
6118	12782	8107
6119	12784	8104
6120	12785	8102
6121	12787	8100
6122	12789	8098
6123	12791	8095
6124	12792	8093
6125	12795	8091
6126	12796	8089
6127	12798	8086
6128	12800	8084
6129	12802	8082
6130	12803	8079
6131	12805	8077
6132	12807	8075
6133	12809	8073
6134	12810	8070
6135	12812	8068
6136	12814	8066
6137	12817	8064
6138	12819	8062
6139	12820	8060
6140	12822	8057
6141	12824	8055
6142	12826	8053
6143	12828	8051
6144	12830	8048
6145	12831	8046
6146	12833	8044
6147	12835	8042
6148	12837	8039
6149	12839	8037
6150	12841	8035
6151	12843	8033
6152	12845	8031
6153	12847	8029
6154	12850	8027
6155	12852	8025
6156	12854	8023
6157	12856	8021
6158	12858	8019
6159	12860	8016
6160	12862	8015
6161	12865	8013
6162	12867	8010
6163	12869	8009
6164	12871	8007
6165	12874	8005
6166	12876	8003
6167	12879	8001
6168	12881	7999
6169	12884	7997
6170	12886	7996
6171	12889	7994
6172	12891	7992
6173	12893	7990
6174	12896	7988
6175	12899	7986
6176	12901	7985
6177	12904	7983
6178	12906	7981
6179	12908	7979
6180	12911	7977
6181	12913	7975
6182	12916	7973
6183	12919	7972
6184	12921	7970
6185	12924	7968
6186	12926	7966
6187	12929	7964
6188	12931	7962
6189	12933	7960
6190	12935	7958
6191	12938	7956
6192	12939	7954
6193	12942	7952
6194	12944	7950
6195	12946	7948
6196	12948	7946
6197	12950	7944
6198	12952	7942
6199	12955	7940
6200	12957	7938
6201	12958	7935
6202	12960	7933
6203	12962	7931
6204	12964	7929
6205	12966	7927
6206	12969	7925
6207	12971	7923
6208	12973	7921
6209	12976	7919
6210	12979	7917
6211	12981	7915
6212	12983	7913
6213	12985	7911
6214	12988	7909
6215	12990	7907
6216	12992	7905
6217	12994	7903
6218	12996	7901
6219	12998	7899
6220	13000	7897
6221	13002	7895
6222	13004	7893
6223	13006	7890
6224	13008	7888
6225	13010	7886
6226	13013	7885
6227	13016	7883
6228	13017	7881
6229	13019	7878
6230	13022	7877
6231	13024	7875
6232	13026	7872
6233	13029	7871
6234	13031	7869
6235	13034	7867
6236	13037	7865
6237	13039	7863
6238	13041	7861
6239	13044	7860
6240	13046	7858
6241	13048	7856
6242	13051	7854
6243	13052	7851
6244	13055	7849
6245	13057	7848
6246	13059	7846
6247	13062	7844
6248	13064	7842
6249	13066	7839
6250	13068	7837
6251	13071	7835
6252	13072	7833
6253	13076	7832
6254	13078	7830
6255	13081	7828
6256	13084	7827
6257	13086	7825
6258	13089	7823
6259	13091	7821
6260	13094	7819
6261	13097	7818
6262	13099	7816
6263	13102	7814
6264	13105	7813
6265	13108	7811
6266	13110	7809
6267	13113	7807
6268	13115	7805
6269	13118	7804
6270	13120	7802
6271	13123	7800
6272	13125	7798
6273	13127	7796
6274	13130	7794
6275	13133	7793
6276	13136	7791
6277	13138	7789
6278	13140	7787
6279	13142	7785
6280	13144	7783
6281	13147	7781
6282	13149	7779
6283	13152	7777
6284	13154	7775
6285	13156	7773
6286	13159	7771
6287	13161	7769
6288	13164	7767
6289	13166	7765
6290	13168	7763
6291	13170	7761
6292	13172	7759
6293	13174	7757
6294	13176	7755
6295	13178	7753
6296	13181	7751
6297	13183	7749
6298	13185	7747
6299	13187	7745
6300	13190	7743
6301	13192	7741
6302	13194	7739
6303	13196	7737
6304	13198	7735
6305	13200	7732
6306	13203	7730
6307	13205	7728
6308	13207	7726
6309	13209	7724
6310	13211	7722
6311	13213	7720
6312	13215	7718
6313	13217	7716
6314	13219	7714
6315	13221	7711
6316	13224	7710
6317	13226	7708
6318	13228	7705
6319	13230	7703
6320	13232	7701
6321	13234	7699
6322	13237	7697
6323	13239	7695
6324	13241	7693
6325	13243	7691
6326	13245	7689
6327	13247	7687
6328	13249	7685
6329	13251	7683
6330	13253	7680
6331	13255	7678
6332	13258	7677
6333	13260	7675
6334	13263	7673
6335	13265	7671
6336	13267	7669
6337	13270	7667
6338	13272	7665
6339	13274	7663
6340	13277	7661
6341	13279	7659
6342	13281	7657
6343	13283	7655
6344	13286	7653
6345	13288	7651
6346	13290	7649
6347	13292	7647
6348	13294	7645
6349	13297	7643
6350	13299	7641
6351	13301	7639
6352	13304	7637
6353	13306	7635
6354	13308	7633
6355	13310	7631
6356	13312	7628
6357	13313	7626
6358	13316	7624
6359	13318	7622
6360	13320	7620
6361	13323	7618
6362	13325	7616
6363	13326	7614
6364	13328	7611
6365	13330	7609
6366	13332	7607
6367	13334	7605
6368	13336	7603
6369	13338	7601
6370	13340	7599
6371	13342	7596
6372	13344	7594
6373	13346	7592
6374	13349	7590
6375	13351	7588
6376	13353	7586
6377	13355	7584
6378	13357	7582
6379	13359	7580
6380	13361	7578
6381	13364	7576
6382	13366	7574
6383	13367	7571
6384	13370	7569
6385	13371	7567
6386	13373	7565
6387	13375	7563
6388	13377	7561
6389	13379	7558
6390	13381	7556
6391	13383	7554
6392	13385	7552
6393	13387	7550
6394	13389	7547
6395	13391	7545
6396	13393	7543
6397	13394	7541
6398	13398	7539
6399	13400	7537
6400	13401	7535
6401	13404	7533
6402	13406	7531
6403	13408	7529
6404	13410	7526
6405	13412	7524
6406	13413	7522
6407	13415	7520
6408	13417	7518
6409	13419	7515
6410	13421	7513
6411	13424	7511
6412	13426	7509
6413	13428	7507
6414	13430	7505
6415	13432	7503
6416	13434	7501
6417	13436	7499
6418	13439	7497
6419	13441	7495
6420	13443	7493
6421	13445	7491
6422	13447	7488
6423	13449	7486
6424	13451	7484
6425	13452	7482
6426	13454	7479
6427	13456	7477
6428	13458	7475
6429	13460	7473
6430	13462	7471
6431	13464	7469
6432	13466	7467
6433	13468	7464
6434	13470	7462
6435	13472	7460
6436	13474	7458
6437	13475	7455
6438	13477	7453
6439	13479	7451
6440	13481	7449
6441	13483	7446
6442	13485	7444
6443	13486	7442
6444	13488	7440
6445	13490	7438
6446	13492	7436
6447	13494	7433
6448	13496	7431
6449	13497	7429
6450	13499	7426
6451	13501	7424
6452	13503	7422
6453	13505	7420
6454	13506	7417
6455	13508	7415
6456	13510	7413
6457	13512	7411
6458	13514	7408
6459	13516	7406
6460	13518	7404
6461	13520	7402
6462	13521	7400
6463	13523	7397
6464	13525	7395
6465	13527	7393
6466	13529	7391
6467	13532	7389
6468	13534	7387
6469	13536	7385
6470	13538	7383
6471	13540	7381
6472	13542	7378
6473	13544	7376
6474	13545	7374
6475	13547	7372
6476	13549	7369
6477	13551	7367
6478	13553	7365
6479	13555	7363
6480	13557	7361
6481	13559	7359
6482	13560	7356
6483	13562	7354
6484	13564	7352
6485	13566	7349
6486	13567	7347
6487	13569	7345
6488	13571	7343
6489	13572	7340
6490	13574	7338
6491	13576	7336
6492	13578	7333
6493	13579	7331
6494	13581	7329
6495	13583	7326
6496	13585	7324
6497	13587	7322
6498	13588	7320
6499	13590	7317
6500	13592	7315
6501	13594	7313
6502	13595	7311
6503	13597	7308
6504	13599	7306
6505	13601	7304
6506	13602	7302
6507	13604	7299
6508	13606	7297
6509	13608	7295
6510	13610	7293
6511	13612	7291
6512	13614	7288
6513	13616	7286
6514	13618	7284
6515	13620	7282
6516	13621	7280
6517	13623	7277
6518	13625	7275
6519	13627	7273
6520	13628	7271
6521	13630	7268
6522	13632	7266
6523	13634	7264
6524	13635	7262
6525	13637	7259
6526	13639	7257
6527	13641	7255
6528	13642	7252
6529	13644	7250
6530	13646	7248
6531	13648	7246
6532	13650	7243
6533	13652	7241
6534	13654	7239
6535	13655	7237
6536	13657	7235
6537	13659	7233
6538	13661	7230
6539	13663	7228
6540	13664	7226
6541	13666	7224
6542	13668	7221
6543	13670	7219
6544	13672	7217
6545	13674	7215
6546	13676	7212
6547	13677	7210
6548	13679	7208
6549	13681	7206
6550	13683	7203
6551	13684	7201
6552	13686	7199
6553	13688	7197
6554	13689	7194
6555	13691	7192
6556	13693	7190
6557	13695	7188
6558	13697	7185
6559	13698	7183
6560	13700	7181
6561	13702	7179
6562	13704	7176
6563	13706	7174
6564	13708	7172
6565	13710	7170
6566	13712	7168
6567	13713	7166
6568	13715	7163
6569	13717	7161
6570	13718	7158
6571	13720	7156
6572	13722	7154
6573	13724	7152
6574	13726	7150
6575	13728	7148
6576	13730	7145
6577	13731	7143
6578	13733	7141
6579	13735	7139
6580	13736	7136
6581	13738	7134
6582	13740	7132
6583	13742	7130
6584	13744	7127
6585	13746	7125
6586	13748	7123
6587	13749	7121
6588	13751	7118
6589	13753	7116
6590	13755	7114
6591	13757	7112
6592	13759	7110
6593	13761	7108
6594	13763	7105
6595	13764	7103
6596	13767	7101
6597	13768	7099
6598	13770	7097
6599	13772	7094
6600	13774	7092
6601	13776	7090
6602	13777	7088
6603	13780	7086
6604	13782	7084
6605	13783	7081
6606	13785	7079
6607	13787	7077
6608	13789	7075
6609	13791	7073
6610	13793	7070
6611	13795	7068
6612	13797	7066
6613	13798	7064
6614	13801	7062
6615	13802	7060
6616	13804	7057
6617	13806	7055
6618	13808	7053
6619	13810	7051
6620	13811	7048
6621	13813	7046
6622	13815	7044
6623	13816	7041
6624	13818	7039
6625	13820	7037
6626	13822	7035
6627	13823	7032
6628	13825	7030
6629	13827	7028
6630	13829	7026
6631	13831	7024
6632	13833	7022
6633	13835	7020
6634	13837	7017
6635	13840	7015
6636	13842	7013
6637	13843	7011
6638	13845	7009
6639	13848	7007
6640	13850	7005
6641	13851	7003
6642	13854	7001
6643	13856	6999
6644	13858	6997
6645	13861	6995
6646	13863	6993
6647	13865	6990
6648	13867	6989
6649	13870	6987
6650	13871	6984
6651	13874	6982
6652	13876	6980
6653	13877	6978
6654	13880	6976
6655	13882	6974
6656	13884	6972
6657	13885	6970
6658	13887	6967
6659	13890	6965
6660	13891	6963
6661	13893	6961
6662	13895	6959
6663	13897	6956
6664	13898	6954
6665	13901	6952
6666	13903	6950
6667	13905	6948
6668	13907	6946
6669	13909	6944
6670	13911	6942
6671	13913	6939
6672	13915	6937
6673	13916	6935
6674	13918	6933
6675	13921	6931
6676	13923	6929
6677	13925	6927
6678	13927	6925
6679	13928	6922
6680	13930	6920
6681	13932	6918
6682	13934	6915
6683	13935	6913
6684	13937	6911
6685	13939	6909
6686	13942	6907
6687	13944	6905
6688	13945	6903
6689	13948	6901
6690	13949	6898
6691	13951	6896
6692	13953	6894
6693	13955	6892
6694	13956	6889
6695	13958	6887
6696	13960	6885
6697	13962	6883
6698	13964	6880
6699	13965	6878
6700	13967	6876
6701	13969	6874
6702	13971	6872
6703	13972	6869
6704	13974	6867
6705	13976	6865
6706	13978	6863
6707	13980	6860
6708	13982	6858
6709	13984	6856
6710	13986	6854
6711	13988	6852
6712	13990	6850
6713	13992	6848
6714	13993	6845
6715	13995	6843
6716	13997	6841
6717	13999	6839
6718	14002	6837
6719	14003	6835
6720	14005	6832
6721	14007	6830
6722	14009	6828
6723	14011	6826
6724	14013	6824
6725	14016	6822
6726	14018	6820
6727	14020	6818
6728	14023	6816
6729	14025	6814
6730	14027	6812
6731	14029	6810
6732	14031	6808
6733	14033	6806
6734	14035	6804
6735	14037	6802
6736	14039	6799
6737	14041	6797
6738	14043	6795
6739	14045	6793
6740	14046	6791
6741	14049	6789
6742	14050	6786
6743	14052	6784
6744	14054	6782
6745	14056	6780
6746	14057	6777
6747	14059	6775
6748	14062	6773
6749	14063	6771
6750	14065	6769
6751	14067	6767
6752	14070	6765
6753	14071	6763
6754	14073	6760
6755	14076	6758
6756	14078	6756
6757	14079	6754
6758	14081	6752
6759	14083	6750
6760	14085	6748
6761	14087	6745
6762	14089	6743
6763	14090	6741
6764	14092	6739
6765	14094	6736
6766	14096	6734
6767	14098	6732
6768	14100	6730
6769	14102	6728
6770	14104	6726
6771	14106	6723
6772	14107	6721
6773	14109	6719
6774	14111	6717
6775	14113	6715
6776	14114	6712
6777	14117	6710
6778	14118	6708
6779	14120	6706
6780	14122	6704
6781	14124	6701
6782	14126	6699
6783	14128	6697
6784	14130	6695
6785	14132	6693
6786	14133	6691
6787	14135	6688
6788	14137	6686
6789	14139	6684
6790	14141	6682
6791	14143	6680
6792	14145	6678
6793	14147	6675
6794	14149	6673
6795	14151	6671
6796	14152	6669
6797	14154	6667
6798	14156	6664
6799	14158	6662
6800	14159	6660
6801	14161	6657
6802	14163	6655
6803	14164	6653
6804	14166	6651
6805	14168	6648
6806	14170	6646
6807	14171	6644
6808	14173	6642
6809	14175	6640
6810	14177	6638
6811	14179	6635
6812	14180	6633
6813	14183	6631
6814	14184	6629
6815	14186	6627
6816	14188	6624
6817	14190	6622
6818	14192	6620
6819	14194	6618
6820	14197	6616
6821	14199	6614
6822	14200	6612
6823	14202	6610
6824	14204	6607
6825	14205	6605
6826	14207	6603
6827	14209	6601
6828	14211	6598
6829	14213	6596
6830	14214	6594
6831	14216	6592
6832	14218	6590
6833	14220	6588
6834	14222	6585
6835	14224	6583
6836	14226	6581
6837	14227	6579
6838	14229	6577
6839	14231	6574
6840	14233	6572
6841	14234	6570
6842	14236	6568
6843	14238	6565
6844	14240	6563
6845	14242	6561
6846	14244	6559
6847	14245	6557
6848	14247	6554
6849	14249	6552
6850	14252	6550
6851	14253	6548
6852	14255	6546
6853	14257	6544
6854	14259	6542
6855	14261	6539
6856	14262	6537
6857	14265	6535
6858	14266	6533
6859	14268	6530
6860	14270	6528
6861	14271	6526
6862	14273	6524
6863	14275	6521
6864	14277	6519
6865	14278	6517
6866	14280	6515
6867	14282	6513
6868	14284	6511
6869	14286	6508
6870	14288	6506
6871	14290	6504
6872	14292	6502
6873	14293	6500
6874	14295	6498
6875	14297	6495
6876	14299	6493
6877	14301	6491
6878	14302	6489
6879	14304	6487
6880	14306	6484
6881	14308	6482
6882	14310	6480
6883	14312	6478
6884	14314	6476
6885	14315	6473
6886	14317	6471
6887	14319	6469
6888	14320	6467
6889	14322	6465
6890	14325	6463
6891	14327	6460
6892	14328	6458
6893	14330	6456
6894	14332	6454
6895	14334	6452
6896	14335	6449
6897	14337	6447
6898	14339	6445
6899	14341	6443
6900	14343	6441
6901	14345	6439
6902	14347	6436
6903	14348	6434
6904	14350	6432
6905	14352	6430
6906	14354	6427
6907	14355	6425
6908	14357	6423
6909	14359	6421
6910	14361	6418
6911	14362	6416
6912	14364	6414
6913	14366	6412
6914	14368	6410
6915	14369	6407
6916	14372	6405
6917	14374	6403
6918	14376	6401
6919	14378	6399
6920	14379	6397
6921	14381	6395
6922	14383	6393
6923	14385	6390
6924	14388	6388
6925	14389	6386
6926	14392	6384
6927	14394	6382
6928	14395	6380
6929	14398	6378
6930	14399	6376
6931	14401	6373
6932	14403	6371
6933	14405	6369
6934	14407	6367
6935	14408	6365
6936	14410	6362
6937	14412	6360
6938	14414	6358
6939	14415	6356
6940	14417	6354
6941	14419	6351
6942	14421	6349
6943	14423	6347
6944	14425	6345
6945	14426	6343
6946	14428	6340
6947	14430	6338
6948	14432	6336
6949	14433	6334
6950	14435	6332
6951	14437	6329
6952	14439	6327
6953	14441	6325
6954	14442	6323
6955	14444	6321
6956	14446	6318
6957	14448	6316
6958	14449	6314
6959	14454	6313
6960	14456	6311
6961	14458	6309
6962	14460	6307
6963	14461	6304
6964	14463	6302
6965	14465	6300
6966	14467	6298
6967	14469	6296
6968	14470	6293
6969	14473	6291
6970	14475	6289
6971	14476	6287
6972	14479	6285
6973	14481	6283
6974	14483	6281
6975	14486	6279
6976	14488	6277
6977	14490	6275
6978	14492	6273
6979	14494	6271
6980	14496	6268
6981	14498	6266
6982	14500	6264
6983	14501	6262
6984	14503	6260
6985	14506	6258
6986	14508	6256
6987	14510	6254
6988	14512	6252
6989	14515	6250
6990	14517	6248
6991	14519	6246
6992	14523	6245
6993	14526	6243
6994	14528	6241
6995	14530	6239
6996	14533	6237
6997	14536	6235
6998	14539	6234
6999	14541	6232
7000	14544	6230
7001	14546	6228
7002	14551	6227
7003	14554	6225
7004	14556	6223
7005	14559	6221
7006	14561	6219
7007	14563	6217
7008	14566	6216
7009	14569	6214
7010	14571	6212
7011	14574	6210
7012	14577	6208
7013	14579	6206
7014	14582	6204
7015	14584	6202
7016	14587	6201
7017	14589	6199
7018	14591	6197
7019	14593	6195
7020	14595	6193
7021	14598	6191
7022	14600	6189
7023	14603	6187
7024	14605	6185
7025	14608	6183
7026	14610	6181
7027	14613	6179
7028	14615	6177
7029	14617	6175
7030	14620	6173
7031	14622	6171
7032	14624	6169
7033	14627	6167
7034	14629	6165
7035	14632	6164
7036	14634	6162
7037	14636	6160
7038	14639	6158
7039	14641	6156
7040	14643	6153
7041	14646	6152
7042	14649	6150
7043	14651	6148
7044	14654	6146
7045	14656	6144
7046	14658	6142
7047	14660	6140
7048	14662	6138
7049	14664	6136
7050	14667	6134
7051	14669	6132
7052	14671	6130
7053	14673	6128
7054	14675	6126
7055	14677	6124
7056	14681	6122
7057	14683	6120
7058	14685	6118
7059	14687	6116
7060	14690	6114
7061	14692	6112
7062	14694	6110
7063	14696	6108
7064	14697	6105
7065	14700	6103
7066	14702	6101
7067	14704	6099
7068	14706	6097
7069	14709	6095
7070	14710	6093
7071	14713	6091
7072	14715	6089
7073	14717	6087
7074	14719	6085
7075	14721	6083
7076	14723	6081
7077	14724	6078
7078	14727	6077
7079	14729	6075
7080	14731	6072
7081	14734	6070
7082	14736	6068
7083	14738	6066
7084	14740	6064
7085	14742	6062
7086	14744	6060
7087	14746	6058
7088	14748	6056
7089	14750	6053
7090	14751	6051
7091	14754	6049
7092	14755	6047
7093	14757	6045
7094	14760	6043
7095	14761	6041
7096	14763	6039
7097	14765	6036
7098	14768	6035
7099	14770	6033
7100	14772	6031
7101	14775	6029
7102	14777	6027
7103	14780	6025
7104	14782	6023
7105	14785	6021
7106	14788	6019
7107	14790	6017
7108	14792	6015
7109	14795	6013
7110	14797	6011
7111	14799	6009
7112	14801	6007
7113	14803	6005
7114	14805	6003
7115	14808	6001
7116	14810	5999
7117	14812	5997
7118	14815	5995
7119	14817	5993
7120	14820	5991
7121	14822	5989
7122	14824	5987
7123	14827	5985
7124	14829	5984
7125	14831	5981
7126	14834	5980
7127	14837	5978
7128	14839	5976
7129	14842	5974
7130	14844	5972
7131	14846	5970
7132	14848	5968
7133	14850	5966
7134	14853	5964
7135	14855	5962
7136	14857	5960
7137	14859	5957
7138	14861	5955
7139	14863	5953
7140	14865	5951
7141	14867	5949
7142	14870	5947
7143	14872	5945
7144	14874	5943
7145	14876	5941
7146	14878	5939
7147	14880	5937
7148	14882	5935
7149	14884	5933
7150	14887	5931
7151	14889	5929
7152	14891	5926
7153	14893	5924
7154	14895	5922
7155	14897	5920
7156	14898	5918
7157	14900	5916
7158	14902	5914
7159	14904	5911
7160	14906	5909
7161	14908	5907
7162	14910	5905
7163	14912	5903
7164	14914	5901
7165	14916	5899
7166	14918	5896
7167	14920	5894
7168	14922	5892
7169	14923	5890
7170	14925	5888
7171	14927	5886
7172	14929	5884
7173	14931	5881
7174	14935	5880
7175	14937	5878
7176	14939	5876
7177	14941	5874
7178	14943	5872
7179	14945	5869
7180	14947	5867
7181	14949	5865
7182	14951	5863
7183	14954	5861
7184	14956	5859
7185	14958	5857
7186	14960	5855
7187	14962	5853
7188	14964	5851
7189	14967	5849
7190	14969	5847
7191	14970	5845
7192	14972	5843
7193	14974	5840
7194	14976	5838
7195	14978	5836
7196	14979	5834
7197	14981	5831
7198	14983	5829
7199	14984	5827
7200	14986	5825
7201	14988	5823
7202	14990	5820
7203	14992	5818
7204	14994	5816
7205	14996	5814
7206	14998	5812
7207	15000	5810
7208	15002	5808
7209	15004	5806
7210	15006	5804
7211	15009	5802
7212	15011	5800
7213	15013	5798
7214	15015	5796
7215	15018	5794
7216	15024	5793
7217	15033	5794
7218	15041	5794
7219	15049	5794
7220	15052	5792
7221	15057	5792
7222	15063	5791
7223	15066	5789
7224	15069	5788
7225	15071	5785
7226	15074	5784
7227	15076	5782
7228	15079	5780
7229	15083	5778
7230	15085	5776
7231	15088	5775
7232	15090	5773
7233	15092	5770
7234	15095	5769
7235	15098	5767
7236	15100	5765
7237	15103	5763
7238	15105	5761
7239	15108	5759
7240	15110	5757
7241	15112	5755
7242	15115	5753
7243	15118	5751
7244	15120	5749
7245	15124	5748
7246	15127	5746
7247	15130	5744
7248	15132	5742
7249	15135	5740
7250	15137	5738
7251	15139	5736
7252	15141	5734
7253	15144	5732
7254	15146	5730
7255	15149	5728
7256	15151	5726
7257	15153	5724
7258	15155	5722
7259	15157	5720
7260	15160	5718
7261	15162	5716
7262	15165	5714
7263	15167	5712
7264	15169	5710
7265	15171	5708
7266	15173	5706
7267	15176	5704
7268	15178	5702
7269	15180	5700
7270	15183	5698
7271	15186	5696
7272	15189	5695
7273	15192	5693
7274	15194	5691
7275	15197	5689
7276	15198	5687
7277	15200	5685
7278	15203	5683
7279	15205	5681
7280	15207	5679
7281	15209	5676
7282	15211	5674
7283	15213	5672
7284	15215	5670
7285	15218	5668
7286	15220	5666
7287	15223	5664
7288	15225	5662
7289	15227	5660
7290	15229	5658
7291	15231	5656
7292	15233	5654
7293	15235	5652
7294	15237	5650
7295	15239	5648
7296	15241	5645
7297	15243	5643
7298	15245	5641
7299	15247	5639
7300	15250	5637
7301	15252	5635
7302	15255	5633
7303	15257	5631
7304	15260	5630
7305	15263	5628
7306	15266	5626
7307	15269	5624
7308	15271	5622
7309	15273	5620
7310	15276	5618
7311	15279	5617
7312	15282	5615
7313	15284	5613
7314	15287	5611
7315	15289	5609
7316	15292	5607
7317	15295	5605
7318	15298	5603
7319	15300	5601
7320	15302	5599
7321	15305	5597
7322	15307	5595
7323	15312	5594
7324	15314	5592
7325	15317	5590
7326	15319	5588
7327	15321	5586
7328	15324	5584
7329	15326	5582
7330	15328	5580
7331	15331	5578
7332	15333	5576
7333	15335	5574
7334	15337	5572
7335	15339	5570
7336	15342	5568
7337	15344	5566
7338	15346	5564
7339	15348	5562
7340	15350	5560
7341	15352	5558
7342	15354	5556
7343	15357	5554
7344	15359	5552
7345	15362	5550
7346	15364	5548
7347	15366	5546
7348	15368	5543
7349	15371	5542
7350	15373	5539
7351	15375	5537
7352	15377	5535
7353	15379	5533
7354	15381	5531
7355	15384	5529
7356	15386	5527
7357	15388	5525
7358	15390	5523
7359	15392	5521
7360	15394	5519
7361	15396	5517
7362	15398	5514
7363	15400	5512
7364	15402	5510
7365	15404	5508
7366	15406	5506
7367	15408	5504
7368	15411	5502
7369	15413	5500
7370	15415	5498
7371	15417	5496
7372	15419	5494
7373	15421	5492
7374	15424	5490
7375	15426	5487
7376	15428	5485
7377	15430	5483
7378	15432	5481
7379	15434	5479
7380	15436	5477
7381	15438	5475
7382	15440	5473
7383	15442	5471
7384	15445	5469
7385	15447	5466
7386	15449	5465
7387	15452	5463
7388	15454	5460
7389	15456	5458
7390	15458	5456
7391	15460	5454
7392	15462	5452
7393	15464	5450
7394	15466	5448
7395	15468	5446
7396	15470	5444
7397	15473	5442
7398	15475	5440
7399	15477	5438
7400	15480	5436
7401	15482	5434
7402	15484	5432
7403	15486	5429
7404	15489	5427
7405	15491	5425
7406	15493	5423
7407	15495	5421
7408	15497	5419
7409	15499	5417
7410	15501	5415
7411	15504	5413
7412	15507	5411
7413	15509	5409
7414	15511	5407
7415	15513	5405
7416	15516	5403
7417	15518	5401
7418	15520	5399
7419	15522	5397
7420	15525	5395
7421	15527	5393
7422	15528	5391
7423	15530	5388
7424	15533	5386
7425	15535	5384
7426	15537	5382
7427	15539	5380
7428	15540	5378
7429	15542	5376
7430	15544	5374
7431	15546	5371
7432	15548	5369
7433	15550	5367
7434	15552	5365
7435	15554	5363
7436	15556	5361
7437	15558	5359
7438	15560	5356
7439	15561	5354
7440	15563	5352
7441	15565	5350
7442	15567	5348
7443	15569	5345
7444	15571	5343
7445	15573	5341
7446	15574	5339
7447	15576	5337
7448	15578	5335
7449	15580	5332
7450	15582	5330
7451	15584	5328
7452	15586	5326
7453	15587	5324
7454	15589	5321
7455	15591	5319
7456	15593	5317
7457	15594	5315
7458	15597	5313
7459	15599	5311
7460	15601	5309
7461	15603	5307
7462	15605	5305
7463	15607	5302
7464	15610	5301
7465	15612	5298
7466	15614	5296
7467	15616	5294
7468	15618	5292
7469	15620	5290
7470	15622	5288
7471	15624	5286
7472	15626	5284
7473	15628	5281
7474	15630	5279
7475	15632	5277
7476	15634	5275
7477	15635	5273
7478	15637	5271
7479	15639	5268
7480	15641	5266
7481	15643	5264
7482	15645	5262
7483	15647	5260
7484	15649	5258
7485	15651	5256
7486	15653	5253
7487	15654	5251
7488	15656	5249
7489	15658	5247
7490	15660	5245
7491	15661	5242
7492	15663	5240
7493	15665	5238
7494	15667	5236
7495	15668	5234
7496	15670	5232
7497	15672	5229
7498	15674	5227
7499	15676	5225
7500	15678	5223
7501	15680	5221
7502	15681	5218
7503	15683	5216
7504	15685	5214
7505	15687	5212
7506	15689	5210
7507	15691	5208
7508	15693	5205
7509	15694	5203
7510	15696	5201
7511	15698	5199
7512	15700	5197
7513	15702	5195
7514	15704	5192
7515	15706	5190
7516	15707	5188
7517	15709	5186
7518	15711	5184
7519	15713	5182
7520	15715	5179
7521	15716	5177
7522	15718	5175
7523	15720	5173
7524	15722	5171
7525	15724	5169
7526	15726	5166
7527	15728	5164
7528	15729	5162
7529	15732	5160
7530	15735	5158
7531	15737	5156
7532	15739	5154
7533	15740	5152
7534	15742	5150
7535	15744	5147
7536	15746	5145
7537	15748	5143
7538	15750	5141
7539	15753	5139
7540	15755	5137
7541	15756	5135
7542	15759	5133
7543	15761	5131
7544	15763	5129
7545	15765	5127
7546	15767	5125
7547	15770	5122
7548	15772	5121
7549	15774	5118
7550	15777	5116
7551	15780	5115
7552	15782	5113
7553	15785	5111
7554	15787	5109
7555	15789	5107
7556	15792	5105
7557	15794	5103
7558	15796	5101
7559	15798	5099
7560	15800	5096
7561	15802	5094
7562	15804	5092
7563	15806	5090
7564	15808	5088
7565	15810	5086
7566	15812	5084
7567	15814	5081
7568	15815	5079
7569	15818	5077
7570	15820	5075
7571	15821	5073
7572	15823	5071
7573	15825	5069
7574	15827	5066
7575	15829	5064
7576	15831	5062
7577	15833	5060
7578	15835	5058
7579	15837	5056
7580	15839	5054
7581	15841	5052
7582	15843	5049
7583	15845	5047
7584	15848	5045
7585	15850	5043
7586	15852	5041
7587	15854	5039
7588	15856	5037
7589	15858	5035
7590	15860	5033
7591	15862	5031
7592	15864	5029
7593	15867	5027
7594	15869	5025
7595	15871	5023
7596	15873	5020
7597	15875	5018
7598	15877	5016
7599	15879	5014
7600	15882	5012
7601	15883	5010
7602	15886	5008
7603	15888	5006
7604	15890	5004
7605	15892	5002
7606	15893	4999
7607	15896	4997
7608	15898	4995
7609	15900	4993
7610	15902	4991
7611	15904	4989
7612	15906	4987
7613	15908	4985
7614	15910	4983
7615	15912	4981
7616	15914	4978
7617	15916	4976
7618	15918	4974
7619	15920	4972
7620	15922	4970
7621	15924	4968
7622	15926	4966
7623	15928	4964
7624	15930	4961
7625	15932	4959
7626	15934	4957
7627	15936	4955
7628	15938	4953
7629	15941	4951
7630	15943	4949
7631	15945	4947
7632	15947	4945
7633	15949	4943
7634	15952	4941
7635	15954	4939
7636	15956	4937
7637	15958	4934
7638	15960	4932
7639	15961	4930
7640	15963	4928
7641	15965	4926
7642	15967	4924
7643	15968	4921
7644	15970	4919
7645	15972	4917
7646	15974	4915
7647	15976	4913
7648	15977	4910
7649	15979	4908
7650	15981	4906
7651	15983	4904
7652	15986	4902
7653	15988	4900
7654	15990	4898
7655	15993	4896
7656	15996	4894
7657	15998	4892
7658	16000	4890
7659	16003	4888
7660	16005	4886
7661	16007	4884
7662	16009	4882
7663	16010	4880
7664	16013	4878
7665	16015	4876
7666	16017	4874
7667	16020	4872
7668	16022	4870
7669	16024	4867
7670	16026	4865
7671	16028	4863
7672	16031	4861
7673	16033	4859
7674	16035	4857
7675	16037	4855
7676	16039	4853
7677	16041	4851
7678	16043	4849
7679	16045	4846
7680	16047	4844
7681	16049	4842
7682	16051	4840
7683	16054	4838
7684	16055	4836
7685	16057	4834
7686	16060	4832
7687	16062	4830
7688	16064	4828
7689	16066	4826
7690	16068	4824
7691	16070	4822
7692	16073	4820
7693	16075	4817
7694	16077	4815
7695	16079	4813
7696	16081	4811
7697	16083	4809
7698	16085	4807
7699	16087	4805
7700	16089	4803
7701	16091	4801
7702	16094	4799
7703	16096	4797
7704	16098	4795
7705	16100	4793
7706	16102	4790
7707	16104	4788
7708	16106	4786
7709	16109	4784
7710	16111	4782
7711	16113	4780
7712	16115	4778
7713	16119	4776
7714	16121	4774
7715	16123	4772
7716	16125	4770
7717	16127	4768
7718	16129	4766
7719	16131	4764
7720	16133	4762
7721	16135	4759
7722	16137	4757
7723	16140	4756
7724	16142	4753
7725	16144	4751
7726	16147	4749
7727	16148	4747
7728	16150	4745
7729	16153	4743
7730	16155	4741
7731	16157	4739
7732	16159	4737
7733	16161	4735
7734	16163	4733
7735	16165	4731
7736	16168	4729
7737	16170	4726
7738	16172	4724
7739	16174	4722
7740	16176	4720
7741	16177	4718
7742	16180	4716
7743	16182	4714
7744	16184	4712
7745	16186	4709
7746	16188	4707
7747	16189	4705
7748	16191	4703
7749	16193	4701
7750	16195	4699
7751	16197	4697
7752	16198	4694
7753	16201	4692
7754	16202	4690
7755	16204	4688
7756	16206	4686
7757	16208	4684
7758	16209	4681
7759	16211	4679
7760	16213	4677
7761	16215	4675
7762	16217	4673
7763	16219	4671
7764	16221	4668
7765	16223	4666
7766	16225	4664
7767	16227	4662
7768	16229	4660
7769	16231	4658
7770	16232	4656
7771	16235	4654
7772	16237	4652
7773	16238	4649
7774	16241	4647
7775	16243	4645
7776	16244	4643
7777	16247	4641
7778	16249	4639
7779	16250	4637
7780	16252	4634
7781	16254	4632
7782	16256	4630
7783	16258	4628
7784	16260	4626
7785	16261	4624
7786	16263	4622
7787	16265	4619
7788	16268	4617
7789	16270	4615
7790	16271	4613
7791	16274	4611
7792	16275	4609
7793	16277	4607
7794	16279	4604
7795	16281	4602
7796	16282	4600
7797	16284	4598
7798	16286	4596
7799	16288	4594
7800	16289	4591
7801	16291	4589
7802	16293	4587
7803	16295	4585
7804	16297	4583
7805	16299	4581
7806	16301	4579
7807	16303	4576
7808	16305	4574
7809	16306	4572
7810	16308	4570
7811	16310	4568
7812	16312	4566
7813	16314	4564
7814	16316	4561
7815	16318	4559
7816	16320	4557
7817	16322	4555
7818	16324	4553
7819	16325	4551
7820	16327	4549
7821	16330	4547
7822	16332	4545
7823	16334	4542
7824	16336	4540
7825	16338	4538
7826	16340	4536
7827	16342	4534
7828	16343	4532
7829	16345	4530
7830	16347	4527
7831	16349	4525
7832	16351	4523
7833	16352	4521
7834	16354	4519
7835	16356	4517
7836	16358	4514
7837	16359	4512
7838	16362	4510
7839	16364	4508
7840	16366	4506
7841	16368	4504
7842	16370	4502
7843	16371	4499
7844	16373	4497
7845	16376	4495
7846	16377	4493
7847	16379	4491
7848	16381	4489
7849	16383	4487
7850	16385	4485
7851	16386	4482
7852	16389	4480
7853	16390	4478
7854	16392	4476
7855	16394	4474
7856	16396	4472
7857	16397	4469
7858	16399	4467
7859	16401	4465
7860	16403	4463
7861	16404	4461
7862	16406	4458
7863	16408	4456
7864	16410	4454
7865	16412	4452
7866	16413	4450
7867	16415	4448
7868	16417	4446
7869	16419	4443
7870	16420	4441
7871	16422	4439
7872	16424	4437
7873	16426	4435
7874	16428	4433
7875	16430	4430
7876	16432	4428
7877	16434	4426
7878	16436	4424
7879	16438	4422
7880	16439	4420
7881	16441	4418
7882	16443	4415
7883	16445	4413
7884	16447	4411
7885	16449	4409
7886	16450	4407
7887	16452	4405
7888	16454	4402
7889	16456	4400
7890	16457	4398
7891	16459	4396
7892	16461	4394
7893	16463	4392
7894	16465	4390
7895	16466	4387
7896	16468	4385
7897	16470	4383
7898	16472	4381
7899	16474	4379
7900	16476	4377
7901	16477	4374
7902	16479	4372
7903	16481	4370
7904	16483	4368
7905	16484	4366
7906	16486	4364
7907	16488	4361
7908	16490	4359
7909	16492	4357
7910	16494	4355
7911	16496	4353
7912	16498	4351
7913	16500	4349
7914	16502	4347
7915	16504	4344
7916	16505	4342
7917	16507	4340
7918	16509	4338
7919	16511	4336
7920	16513	4334
7921	16515	4332
7922	16517	4329
7923	16519	4327
7924	16521	4325
7925	16523	4323
7926	16525	4321
7927	16526	4319
7928	16528	4317
7929	16531	4315
7930	16533	4313
7931	16535	4311
7932	16537	4309
7933	16539	4306
7934	16541	4304
7935	16543	4302
7936	16545	4300
7937	16546	4298
7938	16548	4296
7939	16550	4293
7940	16552	4291
7941	16554	4289
7942	16556	4287
7943	16558	4285
7944	16560	4283
7945	16562	4281
7946	16563	4279
7947	16565	4276
7948	16567	4274
7949	16569	4272
7950	16570	4270
7951	16572	4268
7952	16574	4265
7953	16576	4263
7954	16577	4261
7955	16579	4259
7956	16581	4257
7957	16583	4255
7958	16585	4253
7959	16587	4251
7960	16589	4249
7961	16591	4246
7962	16593	4244
7963	16595	4242
7964	16597	4240
7965	16599	4238
7966	16601	4236
7967	16603	4234
7968	16605	4232
7969	16607	4230
7970	16609	4227
7971	16611	4225
7972	16613	4223
7973	16614	4221
7974	16616	4219
7975	16618	4217
7976	16620	4214
7977	16621	4212
7978	16624	4210
7979	16626	4208
7980	16627	4206
7981	16630	4204
7982	16631	4202
7983	16633	4200
7984	16635	4197
7985	16637	4195
7986	16639	4193
7987	16641	4191
7988	16643	4189
7989	16645	4187
7990	16646	4185
7991	16648	4182
7992	16650	4180
7993	16652	4178
7994	16654	4176
7995	16656	4174
7996	16658	4172
7997	16660	4170
7998	16662	4168
7999	16664	4166
8000	16666	4163
8001	16668	4161
8002	16670	4159
8003	16672	4157
8004	16673	4155
8005	16675	4153
8006	16678	4151
8007	16680	4149
8008	16682	4147
8009	16684	4145
8010	16686	4142
8011	16687	4140
8012	16690	4138
8013	16692	4136
8014	16693	4134
8015	16695	4132
8016	16697	4130
8017	16699	4127
8018	16700	4125
8019	16702	4123
8020	16704	4121
8021	16706	4119
8022	16707	4117
8023	16709	4114
8024	16711	4112
8025	16713	4110
8026	16715	4108
8027	16718	4106
8028	16720	4104
8029	16722	4102
8030	16724	4100
8031	16726	4098
8032	16729	4096
8033	16731	4094
8034	16734	4092
8035	16736	4090
8036	16739	4088
8037	16741	4086
8038	16743	4084
8039	16746	4082
8040	16748	4080
8041	16750	4078
8042	16753	4076
8043	16755	4074
8044	16757	4072
8045	16760	4070
8046	16762	4068
8047	16764	4066
8048	16766	4064
8049	16769	4062
8050	16772	4060
8051	16774	4058
8052	16777	4056
8053	16779	4054
8054	16781	4052
8055	16783	4049
8056	16785	4047
8057	16787	4045
8058	16789	4043
8059	16791	4041
8060	16793	4039
8061	16795	4037
8062	16797	4035
8063	16799	4033
8064	16801	4031
8065	16803	4028
8066	16805	4026
8067	16807	4024
8068	16809	4022
8069	16811	4020
8070	16813	4018
8071	16815	4016
8072	16818	4014
8073	16820	4012
8074	16822	4010
8075	16824	4008
8076	16826	4006
8077	16828	4003
8078	16830	4001
8079	16832	3999
8080	16834	3997
8081	16836	3995
8082	16838	3993
8083	16840	3991
8084	16842	3989
8085	16844	3987
8086	16846	3984
8087	16847	3982
8088	16849	3980
8089	16852	3978
8090	16854	3976
8091	16855	3974
8092	16857	3972
8093	16859	3970
8094	16861	3968
8095	16863	3965
8096	16865	3963
8097	16867	3961
8098	16869	3959
8099	16871	3957
8100	16873	3955
8101	16875	3953
8102	16877	3951
8103	16879	3949
8104	16881	3946
8105	16882	3944
8106	16885	3942
8107	16886	3940
8108	16888	3938
8109	16890	3936
8110	16892	3934
8111	16894	3932
8112	16896	3929
8113	16898	3927
8114	16900	3925
8115	16902	3923
8116	16904	3921
8117	16906	3919
8118	16908	3917
8119	16909	3915
8120	16912	3913
8121	16914	3910
8122	16916	3908
8123	16918	3906
8124	16920	3904
8125	16922	3902
8126	16924	3900
8127	16926	3898
8128	16928	3896
8129	16930	3894
8130	16932	3892
8131	16934	3890
8132	16936	3887
8133	16939	3885
8134	16941	3883
8135	16942	3881
8136	16945	3879
8137	16947	3877
8138	16949	3875
8139	16951	3873
8140	16953	3871
8141	16955	3869
8142	16957	3867
8143	16959	3865
8144	16962	3863
8145	16964	3860
8146	16966	3858
8147	16968	3856
8148	16970	3854
8149	16972	3852
8150	16974	3850
8151	16976	3848
8152	16978	3846
8153	16980	3844
8154	16982	3842
8155	16984	3839
8156	16985	3837
8157	16987	3835
8158	16989	3833
8159	16991	3831
8160	16993	3829
8161	16995	3827
8162	16997	3825
8163	16999	3822
8164	17000	3820
8165	17002	3818
8166	17003	3816
8167	17006	3814
8168	17007	3812
8169	17009	3809
8170	17010	3807
8171	17013	3805
8172	17015	3803
8173	17016	3801
8174	17018	3799
8175	17020	3797
8176	17022	3794
8177	17023	3792
8178	17026	3790
8179	17028	3788
8180	17029	3786
8181	17031	3784
8182	17033	3782
8183	17035	3780
8184	17037	3778
8185	17039	3775
8186	17041	3773
8187	17043	3771
8188	17045	3769
8189	17046	3767
8190	17048	3765
8191	17050	3763
8192	17052	3761
8193	17054	3758
8194	17056	3756
8195	17058	3754
8196	17060	3752
8197	17062	3750
8198	17063	3748
8199	17066	3746
8200	17067	3744
8201	17069	3741
8202	17070	3739
8203	17073	3737
8204	17075	3735
8205	17076	3733
8206	17078	3731
8207	17080	3729
8208	17082	3726
8209	17083	3724
8210	17086	3722
8211	17087	3720
8212	17089	3718
8213	17091	3716
8214	17093	3714
8215	17095	3712
8216	17097	3709
8217	17099	3707
8218	17100	3705
8219	17102	3703
8220	17104	3701
8221	17106	3699
8222	17107	3697
8223	17109	3694
8224	17111	3692
8225	17113	3690
8226	17115	3688
8227	17116	3686
8228	17118	3684
8229	17120	3682
8230	17122	3679
8231	17124	3677
8232	17126	3675
8233	17128	3673
8234	17129	3671
8235	17131	3669
8236	17133	3667
8237	17135	3664
8238	17137	3662
8239	17139	3660
8240	17141	3658
8241	17143	3656
8242	17145	3654
8243	17147	3652
8244	17149	3650
8245	17150	3648
8246	17152	3646
8247	17154	3643
8248	17156	3641
8249	17158	3639
8250	17160	3637
8251	17161	3635
8252	17163	3633
8253	17165	3631
8254	17167	3629
8255	17169	3626
8256	17170	3624
8257	17172	3622
8258	17174	3620
8259	17176	3618
8260	17177	3616
8261	17180	3614
8262	17181	3611
8263	17183	3609
8264	17185	3607
8265	17187	3605
8266	17188	3603
8267	17190	3601
8268	17192	3598
8269	17194	3596
8270	17196	3594
8271	17198	3592
8272	17200	3590
8273	17202	3588
8274	17203	3586
8275	17206	3584
8276	17208	3582
8277	17210	3580
8278	17212	3578
8279	17214	3575
8280	17216	3573
8281	17218	3571
8282	17221	3569
8283	17223	3567
8284	17225	3565
8285	17227	3563
8286	17229	3561
8287	17231	3559
8288	17234	3557
8289	17236	3555
8290	17238	3553
8291	17241	3551
8292	17243	3549
8293	17245	3547
8294	17247	3545
8295	17249	3543
8296	17251	3540
8297	17253	3538
8298	17255	3536
8299	17258	3534
8300	17260	3532
8301	17262	3530
8302	17264	3528
8303	17266	3526
8304	17269	3524
8305	17271	3522
8306	17273	3520
8307	17275	3518
8308	17276	3516
8309	17278	3513
8310	17281	3511
8311	17282	3509
8312	17284	3507
8313	17287	3505
8314	17289	3503
8315	17291	3501
8316	17293	3499
8317	17295	3497
8318	17297	3495
8319	17298	3493
8320	17301	3491
8321	17303	3489
8322	17305	3486
8323	17308	3484
8324	17310	3482
8325	17312	3480
8326	17314	3478
8327	17316	3476
8328	17318	3474
8329	17320	3472
8330	17322	3470
8331	17324	3468
8332	17326	3466
8333	17328	3464
8334	17330	3461
8335	17332	3459
8336	17334	3457
8337	17336	3455
8338	17338	3453
8339	17341	3451
8340	17343	3449
8341	17345	3447
8342	17347	3445
8343	17349	3443
8344	17351	3441
8345	17353	3439
8346	17355	3437
8347	17357	3434
8348	17359	3432
8349	17362	3430
8350	17363	3428
8351	17365	3426
8352	17367	3424
8353	17369	3422
8354	17371	3420
8355	17373	3418
8356	17375	3416
8357	17377	3413
8358	17379	3411
8359	17382	3409
8360	17383	3407
8361	17385	3405
8362	17388	3403
8363	17390	3401
8364	17391	3399
8365	17393	3397
8366	17395	3395
8367	17397	3393
8368	17399	3390
8369	17401	3388
8370	17403	3386
8371	17405	3384
8372	17407	3382
8373	17410	3380
8374	17412	3378
8375	17414	3376
8376	17416	3374
8377	17418	3372
8378	17420	3370
8379	17422	3368
8380	17424	3365
8381	17426	3363
8382	17428	3361
8383	17430	3359
8384	17431	3357
8385	17433	3355
8386	17435	3353
8387	17437	3351
8388	17439	3349
8389	17442	3347
8390	17443	3344
8391	17445	3342
8392	17447	3340
8393	17449	3338
8394	17451	3336
8395	17453	3334
8396	17455	3332
8397	17457	3330
8398	17459	3328
8399	17462	3326
8400	17463	3323
8401	17465	3321
8402	17467	3319
8403	17469	3317
8404	17471	3315
8405	17473	3313
8406	17476	3311
8407	17478	3309
8408	17481	3307
8409	17483	3305
8410	17485	3303
8411	17487	3301
8412	17489	3299
8413	17491	3297
8414	17494	3295
8415	17496	3293
8416	17498	3290
8417	17500	3288
8418	17502	3286
8419	17504	3284
8420	17506	3282
8421	17508	3280
8422	17510	3278
8423	17513	3276
8424	17515	3274
8425	17517	3272
8426	17520	3270
8427	17522	3268
8428	17523	3266
8429	17525	3264
8430	17528	3261
8431	17530	3259
8432	17531	3257
8433	17533	3255
8434	17536	3253
8435	17538	3251
8436	17540	3249
8437	17542	3247
8438	17544	3245
8439	17546	3243
8440	17548	3241
8441	17550	3239
8442	17552	3236
8443	17554	3234
8444	17557	3232
8445	17559	3230
8446	17560	3228
8447	17562	3226
8448	17564	3224
8449	17569	3222
8450	17571	3220
8451	17572	3218
8452	17574	3216
8453	17577	3214
8454	17579	3212
8455	17580	3210
8456	17583	3208
8457	17585	3205
8458	17587	3203
8459	17589	3201
8460	17591	3199
8461	17593	3197
8462	17595	3195
8463	17597	3193
8464	17599	3191
8465	17601	3189
8466	17603	3187
8467	17605	3185
8468	17607	3182
8469	17609	3180
8470	17611	3178
8471	17613	3176
8472	17617	3174
8473	17619	3172
8474	17620	3170
8475	17623	3168
8476	17624	3166
8477	17626	3164
8478	17628	3162
8479	17630	3160
8480	17632	3158
8481	17634	3156
8482	17637	3153
8483	17639	3151
8484	17641	3149
8485	17643	3147
8486	17645	3145
8487	17647	3143
8488	17649	3141
8489	17651	3139
8490	17653	3137
8491	17656	3135
8492	17658	3133
8493	17660	3131
8494	17662	3129
8495	17664	3127
8496	17666	3124
8497	17668	3122
8498	17670	3120
8499	17672	3118
8500	17674	3116
8501	17676	3114
8502	17678	3112
8503	17680	3110
8504	17682	3108
8505	17684	3106
8506	17686	3104
8507	17689	3102
8508	17691	3099
8509	17693	3097
8510	17696	3095
8511	17698	3093
8512	17699	3091
8513	17702	3089
8514	17704	3087
8515	17706	3085
8516	17708	3083
8517	17710	3081
8518	17712	3079
8519	17714	3077
8520	17716	3075
8521	17719	3073
8522	17721	3070
8523	17723	3069
8524	17725	3066
8525	17727	3064
8526	17729	3062
8527	17731	3060
8528	17733	3058
8529	17735	3056
8530	17737	3054
8531	17739	3052
8532	17741	3050
8533	17743	3048
8534	17745	3045
8535	17747	3043
8536	17749	3041
8537	17751	3039
8538	17752	3037
8539	17754	3035
8540	17756	3033
8541	17758	3031
8542	17760	3028
8543	17762	3026
8544	17763	3024
8545	17765	3022
8546	17767	3020
8547	17769	3018
8548	17771	3016
8549	17773	3014
8550	17774	3012
8551	17776	3009
8552	17778	3007
8553	17779	3005
8554	17781	3003
8555	17784	3001
8556	17785	2999
8557	17787	2997
8558	17789	2995
8559	17790	2992
8560	17792	2990
8561	17794	2988
8562	17796	2986
8563	17798	2984
8564	17799	2982
8565	17801	2980
8566	17804	2978
8567	17805	2975
8568	17807	2973
8569	17809	2971
8570	17811	2969
8571	17813	2967
8572	17814	2965
8573	17816	2963
8574	17818	2961
8575	17820	2958
8576	17821	2956
8577	17823	2954
8578	17825	2952
8579	17827	2950
8580	17829	2948
8581	17831	2946
8582	17832	2944
8583	17834	2941
8584	17836	2939
8585	17838	2937
8586	17840	2935
8587	17841	2933
8588	17844	2931
8589	17845	2929
8590	17847	2927
8591	17849	2924
8592	17851	2922
8593	17852	2920
8594	17854	2918
8595	17856	2916
8596	17858	2914
8597	17860	2912
8598	17861	2910
8599	17864	2908
8600	17867	2906
8601	17869	2904
8602	17871	2902
8603	17873	2899
8604	17874	2897
8605	17877	2895
8606	17878	2893
8607	17880	2891
8608	17883	2889
8609	17885	2887
8610	17887	2885
8611	17889	2883
8612	17891	2881
8613	17893	2879
8614	17894	2876
8615	17897	2874
8616	17899	2872
8617	17901	2870
8618	17904	2868
8619	17905	2866
8620	17907	2864
8621	17908	2862
8622	17911	2860
8623	17912	2858
8624	17914	2855
8625	17916	2853
8626	17917	2851
8627	17919	2849
8628	17921	2847
8629	17923	2845
8630	17925	2843
8631	17927	2841
8632	17928	2838
8633	17931	2836
8634	17933	2834
8635	17934	2832
8636	17936	2830
8637	17938	2828
8638	17940	2826
8639	17942	2824
8640	17944	2822
8641	17946	2820
8642	17948	2817
8643	17950	2815
8644	17951	2813
8645	17953	2811
8646	17955	2809
8647	17957	2807
8648	17959	2805
8649	17960	2803
8650	17962	2801
8651	17965	2799
8652	17967	2796
8653	17968	2794
8654	17970	2792
8655	17972	2790
8656	17974	2788
8657	17975	2786
8658	17978	2784
8659	17979	2782
8660	17981	2779
8661	17983	2777
8662	17985	2775
8663	17987	2773
8664	17988	2771
8665	17991	2769
8666	17993	2767
8667	17995	2765
8668	17996	2763
8669	17998	2761
8670	18000	2758
8671	18002	2756
8672	18004	2754
8673	18006	2752
8674	18007	2750
8675	18009	2748
8676	18011	2746
8677	18013	2744
8678	18014	2741
8679	18016	2739
8680	18018	2737
8681	18020	2735
8682	18021	2733
8683	18023	2731
8684	18025	2729
8685	18027	2727
8686	18029	2725
8687	18031	2722
8688	18033	2720
8689	18034	2718
8690	18036	2716
8691	18038	2714
8692	18040	2712
8693	18041	2710
8694	18043	2708
8695	18045	2706
8696	18047	2703
8697	18049	2701
8698	18051	2699
8699	18053	2697
8700	18055	2695
8701	18056	2693
8702	18058	2691
8703	18060	2689
8704	18062	2687
8705	18064	2684
8706	18066	2682
8707	18067	2680
8708	18069	2678
8709	18071	2676
8710	18073	2674
8711	18075	2672
8712	18076	2670
8713	18078	2668
8714	18080	2665
8715	18082	2663
8716	18084	2661
8717	18086	2659
8718	18088	2657
8719	18089	2655
8720	18091	2653
8721	18093	2651
8722	18095	2649
8723	18097	2646
8724	18099	2644
8725	18100	2642
8726	18102	2640
8727	18104	2638
8728	18106	2636
8729	18108	2634
8730	18110	2632
8731	18112	2630
8732	18114	2628
8733	18115	2625
8734	18117	2623
8735	18119	2621
8736	18121	2619
8737	18122	2617
8738	18124	2615
8739	18126	2613
8740	18128	2611
8741	18130	2608
8742	18132	2606
8743	18133	2604
8744	18135	2602
8745	18136	2600
8746	18138	2598
8747	18140	2596
8748	18142	2594
8749	18144	2592
8750	18146	2589
8751	18147	2587
8752	18149	2585
8753	18151	2583
8754	18153	2581
8755	18154	2579
8756	18156	2577
8757	18158	2575
8758	18159	2572
8759	18161	2570
8760	18163	2568
8761	18165	2566
8762	18167	2564
8763	18168	2562
8764	18170	2560
8765	18173	2558
8766	18174	2556
8767	18176	2553
8768	18177	2551
8769	18179	2549
8770	18181	2547
8771	18182	2545
8772	18184	2543
8773	18186	2541
8774	18188	2539
8775	18190	2537
8776	18192	2535
8777	18194	2532
8778	18196	2530
8779	18198	2528
8780	18200	2526
8781	18201	2524
8782	18203	2522
8783	18205	2520
8784	18207	2518
8785	18208	2516
8786	18210	2513
8787	18212	2511
8788	18214	2509
8789	18215	2507
8790	18217	2505
8791	18219	2503
8792	18221	2501
8793	18222	2499
8794	18224	2496
8795	18227	2494
8796	18228	2492
8797	18230	2490
8798	18231	2488
8799	18233	2486
8800	18235	2484
8801	18237	2482
8802	18239	2480
8803	18241	2477
8804	18242	2475
8805	18244	2473
8806	18246	2471
8807	18248	2469
8808	18249	2467
8809	18251	2465
8810	18253	2463
8811	18255	2461
8812	18257	2459
8813	18259	2457
8814	18261	2454
8815	18263	2452
8816	18264	2450
8817	18267	2448
8818	18268	2446
8819	18270	2444
8820	18272	2442
8821	18274	2440
8822	18275	2438
8823	18277	2435
8824	18279	2433
8825	18281	2431
8826	18283	2429
8827	18285	2427
8828	18287	2425
8829	18289	2423
8830	18291	2421
8831	18293	2419
8832	18295	2417
8833	18296	2414
8834	18298	2412
8835	18300	2410
8836	18302	2408
8837	18303	2406
8838	18305	2404
8839	18307	2402
8840	18309	2400
8841	18311	2398
8842	18313	2396
8843	18315	2394
8844	18317	2391
8845	18319	2389
8846	18321	2387
8847	18323	2385
8848	18324	2383
8849	18327	2381
8850	18328	2379
8851	18330	2377
8852	18332	2375
8853	18334	2373
8854	18335	2370
8855	18337	2368
8856	18339	2366
8857	18341	2364
8858	18343	2362
8859	18345	2360
8860	18347	2358
8861	18349	2356
8862	18350	2354
8863	18352	2352
8864	18354	2349
8865	18356	2347
8866	18358	2345
8867	18360	2343
8868	18362	2341
8869	18364	2339
8870	18365	2337
8871	18368	2335
8872	18369	2333
8873	18371	2331
8874	18373	2329
8875	18375	2326
8876	18377	2324
8877	18379	2322
8878	18381	2320
8879	18382	2318
8880	18384	2316
8881	18387	2314
8882	18389	2312
8883	18390	2310
8884	18392	2308
8885	18395	2306
8886	18397	2304
8887	18398	2301
8888	18400	2299
8889	18402	2297
8890	18404	2295
8891	18405	2293
8892	18408	2291
8893	18409	2289
8894	18411	2287
8895	18413	2285
8896	18415	2283
8897	18417	2280
8898	18418	2278
8899	18420	2276
8900	18422	2274
8901	18424	2272
8902	18425	2270
8903	18427	2268
8904	18429	2266
8905	18431	2264
8906	18433	2262
8907	18435	2259
8908	18436	2257
8909	18438	2255
8910	18440	2253
8911	18442	2251
8912	18444	2249
8913	18446	2247
8914	18448	2245
8915	18449	2243
8916	18451	2240
8917	18452	2238
8918	18454	2236
8919	18456	2234
8920	18457	2232
8921	18459	2230
8922	18461	2228
8923	18463	2226
8924	18465	2224
8925	18466	2221
8926	18468	2219
8927	18470	2217
8928	18471	2215
8929	18473	2213
8930	18475	2211
8931	18477	2209
8932	18479	2207
8933	18481	2205
8934	18483	2203
8935	18484	2200
8936	18486	2198
8937	18488	2196
8938	18490	2194
8939	18492	2192
8940	18495	2190
8941	18498	2188
8942	18500	2186
8943	18502	2184
8944	18504	2182
8945	18506	2180
8946	18509	2178
8947	18511	2176
8948	18514	2174
8949	18516	2172
8950	18519	2170
8951	18521	2168
8952	18524	2166
8953	18526	2164
8954	18527	2162
8955	18529	2159
8956	18531	2157
8957	18533	2155
8958	18536	2153
8959	18538	2151
8960	18540	2149
8961	18542	2147
8962	18543	2145
8963	18545	2143
8964	18547	2141
8965	18549	2139
8966	18551	2137
8967	18553	2135
8968	18555	2132
8969	18557	2130
8970	18559	2128
8971	18560	2126
8972	18562	2124
8973	18564	2122
8974	18566	2120
8975	18568	2118
8976	18570	2116
8977	18572	2114
8978	18573	2112
8979	18576	2109
8980	18577	2107
8981	18579	2105
8982	18581	2103
8983	18583	2101
8984	18585	2099
8985	18587	2097
8986	18589	2095
8987	18591	2093
8988	18592	2091
8989	18594	2089
8990	18596	2087
8991	18598	2084
8992	18600	2082
8993	18602	2080
8994	18603	2078
8995	18605	2076
8996	18607	2074
8997	18609	2072
8998	18611	2070
8999	18615	2068
9000	18617	2066
9001	18618	2064
9002	18620	2062
9003	18622	2059
9004	18624	2057
9005	18625	2055
9006	18627	2053
9007	18629	2051
9008	18631	2049
9009	18633	2047
9010	18635	2045
9011	18637	2043
9012	18638	2041
9013	18640	2038
9014	18642	2036
9015	18643	2034
9016	18645	2032
9017	18647	2030
9018	18648	2028
9019	18650	2026
9020	18652	2024
9021	18654	2022
9022	18656	2020
9023	18658	2017
9024	18659	2015
9025	18661	2013
9026	18663	2011
9027	18665	2009
9028	18667	2007
9029	18669	2005
9030	18671	2003
9031	18673	2001
9032	18675	1999
9033	18677	1997
9034	18679	1995
9035	18681	1993
9036	18683	1990
9037	18685	1988
9038	18687	1986
9039	18689	1984
9040	18691	1982
9041	18693	1980
9042	18695	1978
9043	18697	1976
9044	18699	1974
9045	18701	1972
9046	18703	1970
9047	18704	1968
9048	18706	1965
9049	18708	1963
9050	18710	1961
9051	18712	1959
9052	18714	1957
9053	18716	1955
9054	18718	1953
9055	18720	1951
9056	18722	1949
9057	18724	1947
9058	18725	1945
9059	18727	1943
9060	18729	1940
9061	18731	1938
9062	18733	1936
9063	18735	1934
9064	18737	1932
9065	18739	1930
9066	18740	1928
9067	18742	1926
9068	18744	1924
9069	18746	1922
9070	18747	1920
9071	18749	1917
9072	18751	1915
9073	18753	1913
9074	18754	1911
9075	18756	1909
9076	18758	1907
9077	18760	1905
9078	18762	1903
9079	18764	1901
9080	18765	1899
9081	18767	1897
9082	18769	1894
9083	18771	1892
9084	18773	1890
9085	18775	1888
9086	18778	1886
9087	18780	1884
9088	18782	1882
9089	18784	1880
9090	18786	1878
9091	18787	1876
9092	18789	1874
9093	18791	1872
9094	18793	1870
9095	18794	1867
9096	18796	1865
9097	18799	1863
9098	18800	1861
9099	18802	1859
9100	18804	1857
9101	18806	1855
9102	18808	1853
9103	18810	1851
9104	18812	1849
9105	18813	1847
9106	18815	1844
9107	18817	1842
9108	18818	1840
9109	18820	1838
9110	18821	1836
9111	18824	1834
9112	18825	1832
9113	18827	1830
9114	18829	1828
9115	18831	1826
9116	18833	1824
9117	18834	1821
9118	18836	1819
9119	18838	1817
9120	18840	1815
9121	18841	1813
9122	18843	1811
9123	18845	1809
9124	18846	1807
9125	18848	1805
9126	18849	1803
9127	18851	1800
9128	18854	1798
9129	18855	1796
9130	18857	1794
9131	18859	1792
9132	18861	1790
9133	18862	1788
9134	18864	1786
9135	18866	1784
9136	18868	1782
9137	18870	1780
9138	18873	1778
9139	18875	1776
9140	18877	1773
9141	18879	1771
9142	18880	1769
9143	18882	1767
9144	18884	1765
9145	18886	1763
9146	18887	1761
9147	18889	1759
9148	18892	1757
9149	18893	1755
9150	18895	1753
9151	18897	1750
9152	18899	1748
9153	18901	1746
9154	18903	1744
9155	18905	1742
9156	18907	1740
9157	18909	1738
9158	18911	1736
9159	18913	1734
9160	18915	1732
9161	18917	1730
9162	18920	1728
9163	18922	1726
9164	18924	1724
9165	18926	1722
9166	18928	1720
9167	18931	1718
9168	18933	1716
9169	18935	1713
9170	18938	1711
9171	18939	1709
9172	18941	1707
9173	18943	1705
9174	18945	1703
9175	18948	1701
9176	18950	1699
9177	18954	1697
9178	18956	1695
9179	18958	1693
9180	18960	1691
9181	18962	1689
9182	18965	1687
9183	18967	1685
9184	18969	1683
9185	18971	1681
9186	18974	1679
9187	18976	1677
9188	18978	1674
9189	18980	1672
9190	18982	1670
9191	18984	1668
9192	18986	1666
9193	18990	1664
9194	18993	1662
9195	18995	1660
9196	18997	1658
9197	18999	1656
9198	19001	1654
9199	19003	1652
9200	19006	1650
9201	19008	1648
9202	19010	1646
9203	19012	1644
9204	19014	1642
9205	19016	1640
9206	19018	1638
9207	19021	1636
9208	19023	1633
9209	19025	1631
9210	19027	1629
9211	19029	1627
9212	19030	1625
9213	19032	1623
9214	19034	1621
9215	19036	1619
9216	19038	1617
9217	19040	1615
9218	19042	1613
9219	19044	1611
9220	19046	1609
9221	19048	1607
9222	19050	1604
9223	19052	1602
9224	19054	1600
9225	19056	1598
9226	19059	1596
9227	19061	1594
9228	19063	1592
9229	19064	1590
9230	19067	1588
9231	19069	1586
9232	19071	1584
9233	19073	1582
9234	19075	1580
9235	19077	1578
9236	19080	1576
9237	19082	1574
9238	19084	1571
9239	19086	1569
9240	19088	1567
9241	19090	1565
9242	19092	1563
9243	19094	1561
9244	19096	1559
9245	19099	1557
9246	19101	1555
9247	19103	1553
9248	19105	1551
9249	19107	1549
9250	19109	1547
9251	19110	1545
9252	19113	1543
9253	19115	1540
9254	19117	1538
9255	19119	1536
9256	19121	1534
9257	19123	1532
9258	19125	1530
9259	19127	1528
9260	19129	1526
9261	19131	1524
9262	19133	1522
9263	19135	1520
9264	19137	1518
9265	19139	1516
9266	19140	1514
9267	19142	1511
9268	19144	1509
9269	19146	1507
9270	19148	1505
9271	19150	1503
9272	19151	1501
9273	19153	1499
9274	19155	1497
9275	19157	1495
9276	19159	1493
9277	19160	1491
9278	19162	1488
9279	19164	1486
9280	19166	1484
9281	19168	1482
9282	19170	1480
9283	19174	1478
9284	19176	1476
9285	19178	1474
9286	19180	1472
9287	19182	1470
9288	19183	1468
9289	19185	1466
9290	19187	1464
9291	19189	1462
9292	19191	1460
9293	19193	1457
9294	19195	1455
9295	19197	1453
9296	19199	1451
9297	19201	1449
9298	19203	1447
9299	19204	1445
9300	19206	1443
9301	19208	1441
9302	19210	1439
9303	19211	1437
9304	19213	1435
9305	19215	1433
9306	19217	1430
9307	19219	1428
9308	19221	1426
9309	19223	1424
9310	19224	1422
9311	19226	1420
9312	19228	1418
9313	19230	1416
9314	19232	1414
9315	19234	1412
9316	19236	1410
9317	19238	1408
9318	19239	1405
9319	19241	1403
9320	19243	1401
9321	19244	1399
9322	19246	1397
9323	19248	1395
9324	19250	1393
9325	19252	1391
9326	19254	1389
9327	19256	1387
9328	19258	1385
9329	19259	1383
9330	19261	1381
9331	19263	1378
9332	19265	1376
9333	19267	1374
9334	19269	1372
9335	19270	1370
9336	19272	1368
9337	19274	1366
9338	19276	1364
9339	19278	1362
9340	19279	1360
9341	19281	1358
9342	19283	1356
9343	19285	1353
9344	19287	1351
9345	19289	1349
9346	19291	1347
9347	19292	1345
9348	19294	1343
9349	19296	1341
9350	19298	1339
9351	19300	1337
9352	19302	1335
9353	19303	1333
9354	19305	1331
9355	19307	1329
9356	19309	1326
9357	19311	1324
9358	19313	1322
9359	19315	1320
9360	19317	1318
9361	19318	1316
9362	19321	1314
9363	19323	1312
9364	19324	1310
9365	19326	1308
9366	19328	1306
9367	19330	1304
9368	19331	1301
9369	19333	1299
9370	19335	1297
9371	19337	1295
9372	19338	1293
9373	19340	1291
9374	19342	1289
9375	19344	1287
9376	19346	1285
9377	19348	1283
9378	19350	1281
9379	19351	1279
9380	19353	1277
9381	19355	1274
9382	19357	1272
9383	19359	1270
9384	19361	1268
9385	19363	1266
9386	19365	1264
9387	19368	1262
9388	19370	1260
9389	19372	1258
9390	19374	1256
9391	19376	1254
9392	19377	1252
9393	19379	1250
9394	19382	1248
9395	19384	1246
9396	19386	1244
9397	19388	1241
9398	19390	1239
9399	19392	1237
9400	19395	1235
9401	19397	1233
9402	19399	1231
9403	19401	1229
9404	19403	1227
9405	19405	1225
9406	19408	1223
9407	19409	1221
9408	19411	1219
9409	19414	1217
9410	19416	1215
9411	19418	1213
9412	19420	1211
9413	19422	1209
9414	19424	1206
9415	19426	1204
9416	19429	1202
9417	19431	1200
9418	19433	1198
9419	19435	1196
9420	19437	1194
9421	19439	1192
9422	19440	1190
9423	19443	1188
9424	19445	1186
9425	19447	1184
9426	19449	1182
9427	19451	1180
9428	19453	1178
9429	19456	1176
9430	19458	1173
9431	19460	1171
9432	19462	1169
9433	19464	1167
9434	19466	1165
9435	19468	1163
9436	19470	1161
9437	19472	1159
9438	19475	1157
9439	19477	1155
9440	19479	1153
9441	19481	1151
9442	19483	1149
9443	19485	1147
9444	19486	1145
9445	19489	1143
9446	19491	1140
9447	19493	1138
9448	19495	1136
9449	19497	1134
9450	19499	1132
9451	19502	1130
9452	19504	1128
9453	19506	1126
9454	19508	1124
9455	19510	1122
9456	19512	1120
9457	19513	1118
9458	19516	1116
9459	19518	1114
9460	19520	1112
9461	19522	1110
9462	19524	1107
9463	19526	1105
9464	19528	1103
9465	19530	1101
9466	19531	1099
9467	19533	1097
9468	19536	1095
9469	19538	1093
9470	19540	1091
9471	19542	1089
9472	19544	1087
9473	19546	1085
9474	19548	1083
9475	19550	1081
9476	19553	1079
9477	19555	1077
9478	19557	1074
9479	19559	1072
9480	19561	1070
9481	19563	1068
9482	19565	1066
9483	19568	1064
9484	19570	1062
9485	19572	1060
9486	19574	1058
9487	19576	1056
9488	19578	1054
9489	19580	1052
9490	19582	1050
9491	19584	1048
9492	19585	1046
9493	19587	1043
9494	19589	1041
9495	19591	1039
9496	19593	1037
9497	19595	1035
9498	19597	1033
9499	19599	1031
9500	19601	1029
9501	19603	1027
9502	19605	1025
9503	19607	1023
9504	19609	1021
9505	19611	1019
9506	19613	1017
9507	19615	1014
9508	19616	1012
9509	19618	1010
9510	19620	1008
9511	19622	1006
9512	19624	1004
9513	19626	1002
9514	19628	1000
9515	19630	998
9516	19632	996
9517	19634	994
9518	19637	992
9519	19639	990
9520	19642	988
9521	19644	986
9522	19647	984
9523	19650	982
9524	19653	980
9525	19657	978
9526	19660	976
9527	19662	974
9528	19664	971
9529	19666	969
9530	19668	967
9531	19670	965
9532	19673	963
9533	19675	961
9534	19677	959
9535	19679	957
9536	19681	955
9537	19683	953
9538	19686	951
9539	19689	949
9540	19691	947
9541	19693	945
9542	19695	943
9543	19697	941
9544	19699	939
9545	19701	937
9546	19704	934
9547	19706	932
9548	19707	930
9549	19710	928
9550	19712	926
9551	19713	924
9552	19716	922
9553	19718	920
9554	19720	918
9555	19722	916
9556	19724	914
9557	19726	912
9558	19729	910
9559	19731	908
9560	19734	906
9561	19736	904
9562	19738	901
9563	19740	899
9564	19742	897
9565	19744	895
9566	19746	893
9567	19748	891
9568	19750	889
9569	19752	887
9570	19754	885
9571	19756	883
9572	19758	881
9573	19760	879
9574	19763	877
9575	19765	875
9576	19767	873
9577	19769	871
9578	19771	868
9579	19773	866
9580	19775	864
9581	19777	862
9582	19779	860
9583	19781	858
9584	19783	856
9585	19785	854
9586	19787	852
9587	19789	850
9588	19791	848
9589	19793	846
9590	19795	844
9591	19797	842
9592	19799	840
9593	19801	837
9594	19804	835
9595	19806	833
9596	19808	831
9597	19810	829
9598	19812	827
9599	19814	825
9600	19816	823
9601	19818	821
9602	19820	819
9603	19822	817
9604	19824	815
9605	19826	813
9606	19828	811
9607	19831	809
9608	19832	807
9609	19834	804
9610	19837	802
9611	19839	800
9612	19841	798
9613	19843	796
9614	19845	794
9615	19847	792
9616	19849	790
9617	19851	788
9618	19854	786
9619	19856	784
9620	19858	782
9621	19860	780
9622	19861	778
9623	19864	776
9624	19866	774
9625	19868	771
9626	19870	769
9627	19872	767
9628	19874	765
9629	19876	763
9630	19879	761
9631	19881	759
9632	19883	757
9633	19885	755
9634	19887	753
9635	19888	751
9636	19890	749
9637	19892	747
9638	19894	745
9639	19896	743
9640	19898	740
9641	19900	738
9642	19902	736
9643	19904	734
9644	19906	732
9645	19908	730
9646	19910	728
9647	19912	726
9648	19913	724
9649	19915	722
9650	19917	720
9651	19918	718
9652	19920	716
9653	19922	714
9654	19924	711
9655	19926	709
9656	19927	707
9657	19929	705
9658	19933	703
9659	19935	701
9660	19936	699
9661	19938	697
9662	19940	695
9663	19942	693
9664	19944	691
9665	19946	689
9666	19948	687
9667	19950	685
9668	19952	683
9669	19953	680
9670	19955	678
9671	19958	676
9672	19959	674
9673	19961	672
9674	19963	670
9675	19965	668
9676	19966	666
9677	19968	664
9678	19970	662
9679	19972	660
9680	19974	658
9681	19976	656
9682	19978	654
9683	19980	651
9684	19981	649
9685	19983	647
9686	19985	645
9687	19987	643
9688	19989	641
9689	19991	639
9690	19993	637
9691	19995	635
9692	19997	633
9693	19999	631
9694	20002	629
9695	20004	627
9696	20006	625
9697	20008	623
9698	20010	621
9699	20012	618
9700	20014	616
9701	20016	614
9702	20019	612
9703	20021	610
9704	20023	608
9705	20025	606
9706	20027	604
9707	20029	602
9708	20032	600
9709	20034	598
9710	20036	596
9711	20038	594
9712	20040	592
9713	20042	590
9714	20044	588
9715	20046	585
9716	20048	583
9717	20051	581
9718	20053	579
9719	20055	577
9720	20057	575
9721	20060	573
9722	20062	571
9723	20064	569
9724	20066	567
9725	20068	565
9726	20070	563
9727	20072	561
9728	20074	559
9729	20076	557
9730	20079	555
9731	20081	553
9732	20083	550
9733	20085	548
9734	20087	546
9735	20089	544
9736	20092	542
9737	20094	540
9738	20096	538
9739	20098	536
9740	20100	534
9741	20102	532
9742	20105	530
9743	20107	528
9744	20108	526
9745	20110	524
9746	20112	522
9747	20114	519
9748	20116	517
9749	20118	515
9750	20120	513
9751	20122	511
9752	20124	509
9753	20127	507
9754	20129	505
9755	20131	503
9756	20133	501
9757	20135	499
9758	20136	497
9759	20139	495
9760	20141	493
9761	20143	491
9762	20144	489
9763	20146	486
9764	20148	484
9765	20150	482
9766	20151	480
9767	20153	478
9768	20155	476
9769	20157	474
9770	20158	472
9771	20160	470
9772	20162	468
9773	20163	466
9774	20166	464
9775	20168	462
9776	20169	460
9777	20172	457
9778	20173	455
9779	20175	453
9780	20177	451
9781	20179	449
9782	20181	447
9783	20182	445
9784	20184	443
9785	20186	441
9786	20188	439
9787	20190	437
9788	20192	435
9789	20194	433
9790	20196	431
9791	20198	429
9792	20201	427
9793	20202	424
9794	20204	422
9795	20206	420
9796	20208	418
9797	20210	416
9798	20212	414
9799	20214	412
9800	20216	410
9801	20217	408
9802	20220	406
9803	20221	404
9804	20223	402
9805	20225	400
9806	20227	398
9807	20229	396
9808	20230	393
9809	20232	391
9810	20234	389
9811	20236	387
9812	20237	385
9813	20239	383
9814	20241	381
9815	20243	379
9816	20245	377
9817	20247	375
9818	20249	373
9819	20251	371
9820	20253	369
9821	20255	367
9822	20257	365
9823	20259	362
9824	20261	360
9825	20263	358
9826	20265	356
9827	20267	354
9828	20269	352
9829	20271	350
9830	20273	348
9831	20275	346
9832	20277	344
9833	20279	342
9834	20281	340
9835	20283	338
9836	20285	336
9837	20287	334
9838	20289	332
9839	20291	329
9840	20293	327
9841	20295	325
9842	20297	323
9843	20299	321
9844	20301	319
9845	20303	317
9846	20305	315
9847	20307	313
9848	20309	311
9849	20311	309
9850	20313	307
9851	20315	305
9852	20317	303
9853	20319	301
9854	20321	298
9855	20323	296
9856	20324	294
9857	20327	292
9858	20328	290
9859	20330	288
9860	20332	286
9861	20334	284
9862	20336	282
9863	20337	280
9864	20339	278
9865	20341	276
9866	20343	274
9867	20345	272
9868	20346	270
9869	20348	268
9870	20350	265
9871	20352	263
9872	20354	261
9873	20356	259
9874	20357	257
9875	20359	255
9876	20361	253
9877	20363	251
9878	20365	249
9879	20367	247
9880	20369	245
9881	20370	243
9882	20372	241
9883	20374	239
9884	20375	237
9885	20377	234
9886	20379	232
9887	20381	230
9888	20383	228
9889	20385	226
9890	20387	224
9891	20389	222
9892	20391	220
9893	20392	218
9894	20394	216
9895	20396	214
9896	20398	212
9897	20400	210
9898	20402	208
9899	20404	206
9900	20405	204
9901	20407	201
9902	20409	199
9903	20411	197
9904	20413	195
9905	20415	193
9906	20416	191
9907	20418	189
9908	20420	187
9909	20422	185
9910	20424	183
9911	20425	181
9912	20427	179
9913	20429	177
9914	20431	175
9915	20433	173
9916	20435	171
9917	20437	168
9918	20438	166
9919	20440	164
9920	20442	162
9921	20444	160
9922	20446	158
9923	20448	156
9924	20449	154
9925	20451	152
9926	20453	150
9927	20455	148
9928	20457	146
9929	20458	144
9930	20460	142
9931	20462	140
9932	20466	138
9933	20469	135
9934	20471	133
9935	20474	131
9936	20477	129
9937	20480	127
9938	20483	125
9939	20485	123
9940	20487	121
9941	20489	119
9942	20492	117
9943	20494	115
9944	20496	113
9945	20498	111
9946	20499	109
9947	20502	107
9948	20503	105
9949	20505	103
9950	20507	100
9951	20509	98
9952	20510	96
9953	20512	94
9954	20514	92
9955	20516	90
9956	20518	88
9957	20519	86
9958	20521	84
9959	20523	82
9960	20525	80
9961	20527	78
9962	20530	76
9963	20531	74
9964	20533	72
9965	20535	70
9966	20537	67
9967	20539	65
9968	20540	63
9969	20543	61
9970	20544	59
9971	20546	57
9972	20548	55
9973	20549	53
9974	20551	51
9975	20553	49
9976	20555	47
9977	20556	45
9978	20558	43
9979	20560	41
9980	20562	39
9981	20564	37
9982	20565	35
9983	20567	32
9984	20569	30
9985	20571	28
9986	20572	26
9987	20574	24
9988	20576	22
9989	20578	20
9990	20580	18
9991	20582	16
9992	20583	14
9993	20585	12
9994	20586	10
9995	20589	8
9996	20591	6
9997	20593	4
9998	20594	2
9999	20596	0
