Binol,Ligand,Pred_Value
42,1060,17.318545960059467
48,1060,6.255721161767377
50,1060,24.15948092150704
41,1060,15.85564774279548
3,1060,14.78477049536016
16,1060,23.792338417988493
9,1060,3.283366567306732
